trade_no,signal_ts,entry_ts,exit_ts,side,reason,bars_held,entry_price,exit_price,net_ret_1x,net_ret_levered,mae_1x,mfe_1x
1,2025-06-02 21:35:00+00:00,2025-06-02 21:40:00+00:00,2025-06-02 22:00:00+00:00,1,target,5,35.58313978500001,36.16429178104611,0.015496134274602754,0.04648840282380826,-0.004577862925331592,0.01640833885170867
2,2025-06-03 00:45:00+00:00,2025-06-03 00:50:00+00:00,2025-06-03 03:50:00+00:00,1,time_open,37,36.461080806,35.96949344,-0.014306255089924119,-0.042918765269772355,-0.021727271601694423,0.0063058798290522855
3,2025-06-03 05:55:00+00:00,2025-06-03 06:00:00+00:00,2025-06-03 09:00:00+00:00,1,time_open,37,36.275882301,36.426614088,0.0033241059043635436,0.009972317713090631,-0.014553043852330598,0.007335940082501047
4,2025-06-03 11:10:00+00:00,2025-06-03 11:15:00+00:00,2025-06-03 14:15:00+00:00,1,time_open,37,37.683390939000006,37.390868584,-0.008588737313778872,-0.025766211941336617,-0.015471452243486021,0.008242598483315655
5,2025-06-09 20:55:00+00:00,2025-06-09 21:00:00+00:00,2025-06-09 22:00:00+00:00,1,target,13,38.03076327000001,38.603630510074716,0.0142276903055964,0.042683070916789204,-0.0018809287534841273,0.020910354187587465
6,2025-06-09 23:25:00+00:00,2025-06-09 23:30:00+00:00,2025-06-10 00:25:00+00:00,1,target,12,38.489254704000004,39.06903049152757,0.014227746718657884,0.042683240155973655,-0.0026296874176681287,0.0161537369528586
7,2025-06-10 00:40:00+00:00,2025-06-10 00:45:00+00:00,2025-06-10 02:00:00+00:00,1,target,16,38.767552998000006,39.41867106627719,0.01595915187490664,0.04787745562471993,-0.005716853017712646,0.017964688202939172
8,2025-06-10 11:35:00+00:00,2025-06-10 11:40:00+00:00,2025-06-10 14:40:00+00:00,1,time_open,37,41.646638946,40.102584288,-0.0378890815202644,-0.11366724456079319,-0.03940073526766298,0.00548330092846383
9,2025-06-13 03:10:00+00:00,2025-06-13 03:15:00+00:00,2025-06-13 03:30:00+00:00,-1,stop_market,4,38.572567178,39.331181004265005,-0.0205046631446452,-0.0615139894339356,-0.020725283064026337,-0.0005556493531035933
10,2025-06-13 23:15:00+00:00,2025-06-13 23:20:00+00:00,2025-06-14 02:20:00+00:00,1,time_open,37,42.046067073,41.902059224,-0.0042529040536935046,-0.012758712161080514,-0.012355542062663887,0.014744135900360611
11,2025-06-16 05:40:00+00:00,2025-06-16 05:45:00+00:00,2025-06-16 06:15:00+00:00,1,target,7,43.479603609,44.07605804578135,0.01288301743459912,0.038649052303797365,-0.0017855019822026346,0.01955851296730704
12,2025-06-16 06:55:00+00:00,2025-06-16 07:00:00+00:00,2025-06-16 10:00:00+00:00,1,time_open,37,44.37556394400001,44.500745095999996,0.001990455497046504,0.005971366491139512,-0.008066709280990863,0.011547708027928705
13,2025-06-16 12:40:00+00:00,2025-06-16 12:45:00+00:00,2025-06-16 14:00:00+00:00,1,target,16,44.51671523700001,45.01788253553686,0.010423966871420816,0.031271900614262445,-0.006675573319243081,0.017258343498835593
14,2025-06-16 14:40:00+00:00,2025-06-16 14:45:00+00:00,2025-06-16 17:45:00+00:00,1,time_open,37,45.27052320600001,44.663788128,-0.014226196470066788,-0.04267858941020036,-0.017435078823927266,0.007057059900682949
15,2025-06-17 00:50:00+00:00,2025-06-17 00:55:00+00:00,2025-06-17 02:25:00+00:00,-1,target,19,42.629209724999996,42.01532903477545,0.013577119504604974,0.04073135851381492,-0.0094880238595967,0.018114568156001543
16,2025-06-20 18:45:00+00:00,2025-06-20 18:50:00+00:00,2025-06-20 19:10:00+00:00,-1,target,5,34.538899952,34.079257794984095,0.012484151561667963,0.03745245468500389,-0.0014888138765876285,0.016123847394501456
17,2025-06-23 05:35:00+00:00,2025-06-23 05:40:00+00:00,2025-06-23 06:05:00+00:00,1,target,6,35.55310759500001,35.94402288397651,0.01016136758684936,0.030484102760548082,-0.005958694120768341,0.010938351984024264
18,2025-06-24 21:00:00+00:00,2025-06-24 21:05:00+00:00,2025-06-25 00:10:00+00:00,-1,stop_market,38,37.128118736,37.57948084751084,-0.012991244348168413,-0.03897373304450524,-0.01406688181804762,0.005201414522862491
19,2025-06-27 01:15:00+00:00,2025-06-27 01:20:00+00:00,2025-06-27 01:25:00+00:00,-1,stop_market,2,35.738611279000004,36.129784782765206,-0.011779264275294164,-0.035337792825882494,-0.01338071411530019,-0.00012280054660585016
20,2025-07-11 05:00:00+00:00,2025-07-11 05:05:00+00:00,2025-07-11 06:20:00+00:00,1,target,16,45.353612265,45.82142021292368,0.00948107918998686,0.02844323756996058,-0.0051245896789245,0.01736108097408673
21,2025-07-11 06:40:00+00:00,2025-07-11 06:45:00+00:00,2025-07-11 09:45:00+00:00,1,time_open,37,46.025332248000005,45.94712684,-0.0025277998608205727,-0.007583399582461718,-0.021236504439277284,0.007184472894584459
22,2025-07-29 16:30:00+00:00,2025-07-29 16:35:00+00:00,2025-07-29 17:10:00+00:00,-1,stop_market,8,43.27351764,43.84836718562875,-0.014118926630372468,-0.042356779891117406,-0.015631412707848305,0.008308029011897977
23,2025-08-01 20:35:00+00:00,2025-08-01 20:40:00+00:00,2025-08-01 22:10:00+00:00,-1,target,19,37.41980542,36.94708452822626,0.011808821952484455,0.03542646585745336,-0.014877445762210078,0.012554993665170211
24,2025-08-08 00:35:00+00:00,2025-08-08 00:40:00+00:00,2025-08-08 03:40:00+00:00,1,time_open,37,41.108061672000005,40.898794432,-0.005917873540102114,-0.017753620620306342,-0.018393170682038065,0.001336436839040056
25,2025-08-13 18:00:00+00:00,2025-08-13 18:05:00+00:00,2025-08-13 21:05:00+00:00,1,time_open,37,47.425833375,46.9373882,-0.011124189384001304,-0.033372568152003915,-0.01719524940740326,0.012549418379092403
26,2025-08-13 21:10:00+00:00,2025-08-13 21:15:00+00:00,2025-08-13 23:35:00+00:00,1,target,29,47.213605899,47.88427972667163,0.01336988356928487,0.04010965070785461,-0.019277992802768554,0.01426271279597957
27,2025-08-13 23:40:00+00:00,2025-08-13 23:45:00+00:00,2025-08-14 02:45:00+00:00,1,time_open,37,47.75118210000001,47.618567984,-0.003605361250074216,-0.010816083750222649,-0.014135412739151658,0.006634765592535841
28,2025-08-15 08:00:00+00:00,2025-08-15 08:05:00+00:00,2025-08-15 08:40:00+00:00,1,target,8,48.49898363100001,49.06925592410717,0.01092423962991835,0.032772718889755054,-0.005259786165208517,0.012248016855765709
29,2025-08-22 15:35:00+00:00,2025-08-22 15:40:00+00:00,2025-08-22 18:40:00+00:00,1,time_open,37,44.121291402000004,44.33670180000001,0.00405088529599411,0.01215265588798233,-0.01080174173027672,0.018283884545669205
30,2025-08-22 19:50:00+00:00,2025-08-22 19:55:00+00:00,2025-08-22 22:05:00+00:00,1,target,27,44.46766266000001,44.883437331513676,0.008516845829247341,0.025550537487742025,-0.006523879645051315,0.009295234228080984
31,2025-08-25 02:45:00+00:00,2025-08-25 02:50:00+00:00,2025-08-25 05:50:00+00:00,1,time_open,37,47.062443876,45.793086184,-0.027789914422283627,-0.08336974326685088,-0.03153169976852445,0.003964012674130046
32,2025-08-25 22:30:00+00:00,2025-08-25 22:35:00+00:00,2025-08-25 23:00:00+00:00,-1,target,6,43.44333523,43.03190037978499,0.00864521367131681,0.02593564101395043,-0.0044351806627087745,0.00928416816675437
33,2025-08-26 17:35:00+00:00,2025-08-26 17:40:00+00:00,2025-08-26 19:15:00+00:00,1,target,20,47.459869857,48.18669492978511,0.014478845915917589,0.04343653774775277,-0.00730195067735108,0.019471822105380232
34,2025-08-26 22:45:00+00:00,2025-08-26 22:50:00+00:00,2025-08-27 01:50:00+00:00,1,time_open,37,49.01253408000001,48.950919632,-0.002085917491393976,-0.006257752474181928,-0.018012896052066366,0.004722586259714445
35,2025-08-27 02:20:00+00:00,2025-08-27 02:25:00+00:00,2025-08-27 02:45:00+00:00,1,target,5,49.06458987600001,49.64233485058442,0.010940986832674504,0.03282296049802351,-0.003646928744502468,0.02456782227358678
36,2025-08-27 04:20:00+00:00,2025-08-27 04:25:00+00:00,2025-08-27 07:25:00+00:00,1,time_open,37,50.613249807,50.010199208,-0.012739258054619527,-0.03821777416385858,-0.017213618308157166,0.011968213764377289
37,2025-09-08 10:05:00+00:00,2025-09-08 10:10:00+00:00,2025-09-08 13:05:00+00:00,1,target,36,50.8545084,51.41647162307475,0.010216506279960895,0.030649518839882685,-0.010925202397936056,0.017569565179397006
38,2025-09-08 13:55:00+00:00,2025-09-08 14:00:00+00:00,2025-09-08 17:00:00+00:00,1,time_open,37,51.387079236000005,51.011463472,-0.008135828775788662,-0.024407486327365988,-0.011897688654976661,0.011149120995353812
39,2025-09-09 10:55:00+00:00,2025-09-09 11:00:00+00:00,2025-09-09 12:40:00+00:00,1,stop_market,21,55.07002680300001,53.347606854076005,-0.032093257432788874,-0.09627977229836662,-0.034607976845959634,0.0005624329385345295
40,2025-09-18 01:45:00+00:00,2025-09-18 01:50:00+00:00,2025-09-18 04:50:00+00:00,1,time_open,37,59.35261709700001,58.55545456,-0.014254711821291198,-0.042764135463873594,-0.018874118544412247,0.001270085578143787
41,2025-09-25 05:25:00+00:00,2025-09-25 05:30:00+00:00,2025-09-25 06:05:00+00:00,-1,target,8,43.353431799999996,42.721793125433365,0.013746238399617484,0.04123871519885245,-0.0015118801013012256,0.017978549047644177
42,2025-09-29 03:45:00+00:00,2025-09-29 03:50:00+00:00,2025-09-29 04:15:00+00:00,1,target,6,47.16255117600001,47.71317984522476,0.0108409609208871,0.0325228827626613,-0.0017833569049613568,0.011671311459506173
43,2025-09-29 04:35:00+00:00,2025-09-29 04:40:00+00:00,2025-09-29 07:40:00+00:00,1,time_open,37,47.44084947,47.37150277600001,-0.002290467170894425,-0.006871401512683275,-0.01632604313547327,0.005736628518258291
44,2025-09-29 19:00:00+00:00,2025-09-29 19:05:00+00:00,2025-09-29 19:55:00+00:00,-1,stop_market,11,45.656957462,46.04108512008717,-0.009246154630018062,-0.027738463890054185,-0.009943166103655325,0.0008532645223331414
45,2025-10-10 18:05:00+00:00,2025-10-10 18:10:00+00:00,2025-10-10 18:35:00+00:00,-1,target,6,43.067738678,42.666471754989004,0.00849165231681893,0.02547495695045679,-0.0029284065253578776,0.009328065283474407
46,2025-10-10 21:40:00+00:00,2025-10-10 21:45:00+00:00,2025-10-11 01:45:00+00:00,-1,time_open,49,39.191901918,36.35539964,0.07157539179321643,0.21472617537964928,-0.17575950924345699,0.07965681085168708
47,2025-10-12 10:25:00+00:00,2025-10-12 10:30:00+00:00,2025-10-12 11:40:00+00:00,-1,stop_market,15,37.065186335,37.51470840809327,-0.012962229993146,-0.038886689979438,-0.01605774103965142,0.006291249500068097
48,2025-10-12 19:15:00+00:00,2025-10-12 19:20:00+00:00,2025-10-12 20:35:00+00:00,1,target,16,40.037914635,40.6627539116065,0.014770395436148165,0.044311186308444495,-0.00543277069124594,0.0159370279600477
49,2025-10-13 01:55:00+00:00,2025-10-13 02:00:00+00:00,2025-10-13 05:00:00+00:00,1,time_open,37,40.12200476700001,38.94527884000001,-0.030145853316466877,-0.09043755994940063,-0.03907187138817615,0.002218115308963542
50,2025-10-13 20:25:00+00:00,2025-10-13 20:30:00+00:00,2025-10-13 20:50:00+00:00,1,target,5,42.229263432,42.96792539897462,0.016655132763630332,0.049965398290891,-0.0016996335692187764,0.02014566437726062
51,2025-10-13 21:15:00+00:00,2025-10-13 21:20:00+00:00,2025-10-14 00:20:00+00:00,1,time_open,37,43.181283855000004,42.682265144,-0.012380896422171406,-0.03714268926651422,-0.027446832445945493,0.010275658928761144
52,2025-10-14 09:05:00+00:00,2025-10-14 09:10:00+00:00,2025-10-14 10:00:00+00:00,-1,target,11,39.054049991999996,38.54297910137353,0.012262349357363674,0.03678704807209102,-0.008299887249374709,0.014468409604528776
53,2025-10-17 09:45:00+00:00,2025-10-17 09:50:00+00:00,2025-10-17 10:20:00+00:00,-1,target,7,34.388061975,33.8376264826386,0.01518390130066497,0.04555170390199491,-0.004484039373007912,0.01680996083525288
54,2025-10-17 10:35:00+00:00,2025-10-17 10:40:00+00:00,2025-10-17 11:10:00+00:00,-1,stop_market,7,34.205258334,34.87547734808554,-0.020431482074370913,-0.06129444622311274,-0.028853027614146556,0.005094489633682642
55,2025-10-23 03:05:00+00:00,2025-10-23 03:10:00+00:00,2025-10-23 06:10:00+00:00,1,time_open,37,38.302054053000006,38.24009272,-0.002446354438045768,-0.0073390633141373045,-0.034147944941369426,0.002035033079221815
56,2025-10-23 08:40:00+00:00,2025-10-23 08:45:00+00:00,2025-10-23 11:45:00+00:00,1,time_open,37,38.912708583000004,38.87025904,-0.001919761770366497,-0.005759285311099491,-0.005880962443490138,0.01401319612169627
57,2025-10-23 12:15:00+00:00,2025-10-23 12:20:00+00:00,2025-10-23 12:55:00+00:00,1,target,8,39.394224696,39.989600592748324,0.014277689179859998,0.042833067539579994,-0.014432571303058543,0.026597180477228255
58,2025-10-23 13:00:00+00:00,2025-10-23 13:05:00+00:00,2025-10-23 16:05:00+00:00,1,time_open,37,40.217106702,40.124590096,-0.003128797907948495,-0.009386393723845485,-0.01896663491576113,0.01444393556961443
59,2025-10-23 16:15:00+00:00,2025-10-23 16:20:00+00:00,2025-10-23 19:20:00+00:00,1,time_open,37,40.12801120500001,39.161335864,-0.02490912296870269,-0.07472736890610807,-0.0287741830221976,2.464101684340747e-05
60,2025-10-25 22:20:00+00:00,2025-10-25 22:25:00+00:00,2025-10-25 22:40:00+00:00,1,target,4,43.777923363000006,44.4600148519107,0.014744934893972302,0.04423480468191691,-0.0028342224700951416,0.01637986870811803
61,2025-10-25 22:55:00+00:00,2025-10-25 23:00:00+00:00,2025-10-26 02:00:00+00:00,1,time_open,37,44.45164549200001,44.145651376,-0.0077102204759059234,-0.02313066142771777,-0.017188967047985018,0.007904195763984045
62,2025-10-26 02:05:00+00:00,2025-10-26 02:10:00+00:00,2025-10-26 05:10:00+00:00,1,time_open,37,44.256436257000004,43.72153944,-0.012910616580455591,-0.03873184974136677,-0.017280824068893544,0.00021609835334368555
63,2025-10-26 07:30:00+00:00,2025-10-26 07:35:00+00:00,2025-10-26 08:00:00+00:00,1,target,6,44.242421235,44.68725126992033,0.009220886401672939,0.027662659205018817,-0.0018255523348737074,0.016309658125788884
64,2025-10-26 10:00:00+00:00,2025-10-26 10:05:00+00:00,2025-10-26 11:10:00+00:00,1,target,14,46.090401993,46.87652412912615,0.016219696864110143,0.04865909059233043,-0.0033741059479853877,0.021449107932496325
65,2025-10-26 12:00:00+00:00,2025-10-26 12:05:00+00:00,2025-10-26 12:15:00+00:00,1,target,3,47.615036172,48.551243174406565,0.01882452769146418,0.05647358307439254,-0.0042167412115707995,0.020769990060021337
66,2025-10-26 12:25:00+00:00,2025-10-26 12:30:00+00:00,2025-10-26 15:30:00+00:00,1,time_open,37,47.743173516000006,47.298483504000004,-0.010139671798866316,-0.03041901539659895,-0.01958333923074064,0.008500199172222889
67,2025-10-26 18:35:00+00:00,2025-10-26 18:40:00+00:00,2025-10-26 21:40:00+00:00,1,time_open,37,47.466877368,47.004405888,-0.01056831824572628,-0.03170495473717884,-0.019267331164479887,0.001793305916040433
68,2025-10-26 22:05:00+00:00,2025-10-26 22:10:00+00:00,2025-10-27 01:10:00+00:00,1,time_open,37,47.852290473000004,47.811618936,-0.0016789093747814686,-0.005036728124344405,-0.016302938872624143,0.009857616476397268
69,2025-10-29 18:35:00+00:00,2025-10-29 18:40:00+00:00,2025-10-29 18:40:00+00:00,-1,stop_market,1,45.735872695,46.69925512175137,-0.021902100889247166,-0.0657063026677415,-0.030831207952009235,0.005157279857169628
70,2025-11-04 07:40:00+00:00,2025-11-04 07:45:00+00:00,2025-11-04 08:10:00+00:00,-1,target,6,37.843350468000004,37.18478109347645,0.016580405893701612,0.049741217681104836,-0.00798929538675443,0.022285301316360306
71,2025-11-04 19:35:00+00:00,2025-11-04 19:40:00+00:00,2025-11-04 20:05:00+00:00,-1,target,6,37.786411629,36.95401033690137,0.02120892924733603,0.0636267877420081,-0.006993438185511473,0.03174187696826658
72,2025-11-05 10:15:00+00:00,2025-11-05 10:20:00+00:00,2025-11-05 11:30:00+00:00,1,target,15,40.337235462,40.93089550930483,0.013881994915359123,0.04164598474607737,-0.011749981066021114,0.015934769218518108
73,2025-11-05 12:05:00+00:00,2025-11-05 12:10:00+00:00,2025-11-05 15:10:00+00:00,1,time_open,37,41.27223764400001,41.740016456,0.010499959939981447,0.03149987981994434,-0.014061550264623872,0.013053868332683294
74,2025-11-05 16:45:00+00:00,2025-11-05 16:50:00+00:00,2025-11-05 19:50:00+00:00,1,time_open,37,42.00502308000001,41.542964448,-0.011824841735812308,-0.03547452520743692,-0.016532330826518296,0.003475225325361153
75,2025-11-06 18:00:00+00:00,2025-11-06 18:05:00+00:00,2025-11-06 18:15:00+00:00,-1,target,3,38.493651944999996,38.06681393802937,0.010263805169489755,0.030791415508469262,-0.002320119777252231,0.011213587778492573
76,2025-11-07 17:45:00+00:00,2025-11-07 17:50:00+00:00,2025-11-07 19:35:00+00:00,1,target,22,41.813818137000005,42.711698192131024,0.02063505874779905,0.06190517624339715,-0.00483468668131272,0.024589523483151687
77,2025-11-07 19:45:00+00:00,2025-11-07 19:50:00+00:00,2025-11-07 20:10:00+00:00,1,target,5,42.731802078,43.35378016946289,0.013720032916227736,0.041160098748683205,-0.003428858506801872,0.015356195856243371
78,2025-11-07 20:15:00+00:00,2025-11-07 20:20:00+00:00,2025-11-07 23:20:00+00:00,1,time_open,37,42.95404028400001,42.743281248,-0.005733905310358177,-0.01720171593107453,-0.011962824899695705,0.008915569140131474
79,2025-11-07 23:20:00+00:00,2025-11-07 23:25:00+00:00,2025-11-08 02:25:00+00:00,1,time_open,37,42.842921181,42.9113256,0.0007666482515769087,0.002299944754730726,-0.02622805476105984,0.003432978306465939
80,2025-11-08 03:00:00+00:00,2025-11-08 03:05:00+00:00,2025-11-08 06:00:00+00:00,1,stop_market,36,42.891973758,41.15233510707212,-0.04137111022743027,-0.12411333068229081,-0.04757905084011872,0.000490213906187531
81,2025-11-18 06:10:00+00:00,2025-11-18 06:15:00+00:00,2025-11-18 09:15:00+00:00,1,time_open,37,40.821754794,40.981816343999995,0.0030900380102084493,0.009270114030625349,-0.031054078952574074,0.01632083699885256
82,2025-11-18 09:45:00+00:00,2025-11-18 09:50:00+00:00,2025-11-18 12:40:00+00:00,1,target,35,41.063013387000005,41.607209076819885,0.01241787937471092,0.03725363812413276,-0.009060236920598668,0.013734662083483284
83,2025-11-18 16:15:00+00:00,2025-11-18 16:20:00+00:00,2025-11-18 16:45:00+00:00,-1,target,6,39.342739895,38.81777501052486,0.012519584152490394,0.03755875245747118,-0.006597761563923014,0.014989802351690007
84,2025-11-22 19:30:00+00:00,2025-11-22 19:35:00+00:00,2025-11-22 19:40:00+00:00,-1,target,2,31.165523473,30.86380184908884,0.008855954651264654,0.026567863953793965,-0.002483502768203986,0.011600109117794966
85,2025-11-24 07:10:00+00:00,2025-11-24 07:15:00+00:00,2025-11-24 08:30:00+00:00,-1,target,16,31.661990192,31.38156041516074,0.00803133517380483,0.02409400552141449,-0.005594683381684244,0.012096213462183814
86,2025-12-01 02:20:00+00:00,2025-12-01 02:25:00+00:00,2025-12-01 03:10:00+00:00,-1,target,10,31.402269172,31.00943766151002,0.011685518276081889,0.03505655482824567,-0.010564591121823301,0.01370184968618926
87,2025-12-01 14:35:00+00:00,2025-12-01 14:40:00+00:00,2025-12-01 15:25:00+00:00,-1,target,10,29.824963439,29.399342820080673,0.013447211470015194,0.04034163441004558,-0.0027293853889609624,0.01471798749721187
88,2025-12-02 17:15:00+00:00,2025-12-02 17:20:00+00:00,2025-12-02 19:00:00+00:00,1,target,21,33.046420803000004,33.66977156237771,0.018025738374068248,0.054077215122204744,-0.009414752569572487,0.01989865107994704
89,2025-12-03 03:40:00+00:00,2025-12-03 03:45:00+00:00,2025-12-03 05:05:00+00:00,1,target,17,34.443918711,34.991904135539706,0.015073577416439367,0.0452207322493181,-0.007728541973352613,0.02679954324434064
90,2025-12-12 22:30:00+00:00,2025-12-12 22:35:00+00:00,2025-12-13 01:55:00+00:00,-1,target,41,28.68918344,28.514189420428984,0.00527285812473743,0.015818574374212288,-0.007832668186022145,0.011718125080244501
91,2025-12-15 18:40:00+00:00,2025-12-15 18:45:00+00:00,2025-12-15 18:50:00+00:00,-1,target,2,27.476486062,27.22790314025106,0.008221543595547666,0.024664630786643,-0.004618762873920949,0.011736801469893865
92,2026-01-01 17:30:00+00:00,2026-01-01 17:35:00+00:00,2026-01-01 18:15:00+00:00,-1,target,9,24.515666434000003,24.309211393204283,0.0075955207439868146,0.022786562231960444,-0.0038546479915255874,0.008348393650688513
93,2026-01-24 01:40:00+00:00,2026-01-24 01:45:00+00:00,2026-01-24 02:10:00+00:00,1,target,6,22.761396801,23.014792531184035,0.010298757917086647,0.030896273751259938,-0.0027605982262173404,0.011405415988732015
94,2026-01-24 03:55:00+00:00,2026-01-24 04:00:00+00:00,2026-01-24 07:00:00+00:00,1,time_open,37,23.117778789000003,22.892041904,-0.010589917820245804,-0.03176975346073741,-0.012906293471384849,0.001999379413648139
95,2026-01-26 19:20:00+00:00,2026-01-26 19:25:00+00:00,2026-01-26 21:40:00+00:00,1,target,28,24.274018104000003,24.659633671922315,0.015050028971937366,0.0451500869158121,-0.01368061928374033,0.020803391257122827
96,2026-01-26 22:00:00+00:00,2026-01-26 22:05:00+00:00,2026-01-26 22:45:00+00:00,1,target,9,24.962756328,25.33140633995631,0.013932554721309194,0.041797664163927585,-0.013744772923068986,0.015032140965102414
97,2026-01-26 22:55:00+00:00,2026-01-26 23:00:00+00:00,2026-01-27 02:00:00+00:00,1,time_open,37,25.105909767000004,25.54174124,0.016523195354803365,0.049569586064410094,-0.011922301132794482,0.0254557687385637
98,2026-01-27 02:10:00+00:00,2026-01-27 02:15:00+00:00,2026-01-27 02:45:00+00:00,1,target,7,25.601440902000004,25.943288122398133,0.012517796038059728,0.03755338811417919,-0.002345837848535718,0.015099114908403433
99,2026-01-27 03:45:00+00:00,2026-01-27 03:50:00+00:00,2026-01-27 04:10:00+00:00,1,target,5,26.176056804,26.63487226871054,0.016691468042866003,0.05007440412859801,-0.009700124198589693,0.022537512063690368
100,2026-01-27 04:45:00+00:00,2026-01-27 04:50:00+00:00,2026-01-27 05:35:00+00:00,1,target,10,26.634548238000004,27.130458788734842,0.017782027996468615,0.053346083989405844,-0.0015991468789556967,0.029114507784053334
101,2026-01-27 05:40:00+00:00,2026-01-27 05:45:00+00:00,2026-01-27 06:40:00+00:00,1,target,12,26.939875503000003,27.397463667275655,0.01614916787335833,0.04844750362007499,-0.006274952052852682,0.019047025549277397
102,2026-01-27 07:45:00+00:00,2026-01-27 07:50:00+00:00,2026-01-27 10:50:00+00:00,1,time_open,37,27.647634114000002,27.43724152,-0.008435953679747586,-0.025307861039242756,-0.016207481492156686,0.015674610138903367
103,2026-01-27 11:10:00+00:00,2026-01-27 11:15:00+00:00,2026-01-27 12:25:00+00:00,1,target,15,27.533511792000006,28.026623153398813,0.017072748531337088,0.051218245594011266,-0.0036656738470339937,0.017705268099568627
104,2026-01-27 13:35:00+00:00,2026-01-27 13:40:00+00:00,2026-01-27 15:50:00+00:00,1,target,27,27.600583683000004,28.037090664235173,0.014979255330401514,0.04493776599120454,-0.016920967417759183,0.018058180316925077
105,2026-01-27 16:00:00+00:00,2026-01-27 16:05:00+00:00,2026-01-27 16:55:00+00:00,1,target,11,28.002013956000003,28.542404304827244,0.018460942382225762,0.05538282714667729,-0.0062361695872590476,0.033497092226076
106,2026-01-27 18:00:00+00:00,2026-01-27 18:05:00+00:00,2026-01-27 19:25:00+00:00,1,target,17,28.031045073000005,28.858840367470705,0.028689806530706255,0.08606941959211876,-0.008942530049901325,0.0322483490945793
107,2026-01-27 19:50:00+00:00,2026-01-27 19:55:00+00:00,2026-01-27 20:15:00+00:00,1,target,5,28.821892743000003,29.32623996982701,0.016662175873492727,0.049986527620478186,-0.003464174532786039,0.02324993930742969
108,2026-01-27 20:30:00+00:00,2026-01-27 20:35:00+00:00,2026-01-27 22:30:00+00:00,1,target,24,29.505625602000002,30.08481589715893,0.018792363600421576,0.056377090801264726,-0.010162822759137618,0.023126925258406983
109,2026-01-27 22:55:00+00:00,2026-01-27 23:00:00+00:00,2026-01-28 00:05:00+00:00,1,target,14,30.517710405000003,31.08752248768978,0.017834456413609985,0.053503369240829955,-0.005844636325420886,0.024290472160668486
110,2026-01-28 00:15:00+00:00,2026-01-28 00:20:00+00:00,2026-01-28 00:55:00+00:00,1,target,8,30.856073079000005,31.507603176578577,0.020277055094760684,0.06083116528428205,-0.0024587671450431317,0.02466052368529903
111,2026-01-28 01:35:00+00:00,2026-01-28 01:40:00+00:00,2026-01-28 02:15:00+00:00,1,target,8,31.916209386000006,32.92507788384934,0.03076747970895687,0.09230243912687061,-0.0015491752991244761,0.031983453976453635
112,2026-01-28 02:55:00+00:00,2026-01-28 03:00:00+00:00,2026-01-28 03:35:00+00:00,1,target,8,32.89125448800001,33.89359289204199,0.02963235446175291,0.08889706338525873,-0.008236025743605395,0.03082112639911161
113,2026-01-28 03:50:00+00:00,2026-01-28 03:55:00+00:00,2026-01-28 06:55:00+00:00,1,time_open,37,33.689109669000004,33.620873568,-0.002853947398115867,-0.0085618421943476,-0.03897637106706188,0.01756918888078074
114,2026-01-28 07:40:00+00:00,2026-01-28 07:45:00+00:00,2026-01-28 08:00:00+00:00,1,target,4,33.513921894000006,34.085418069380026,0.016216107030826547,0.04864832109247964,-0.005604202975094911,0.0219335149232891
115,2026-01-28 08:20:00+00:00,2026-01-28 08:25:00+00:00,2026-01-28 11:25:00+00:00,1,time_open,37,34.133586081000004,34.22403276000001,0.0018193640426490934,0.005458092127947281,-0.021818391914118176,0.020959236960989003
116,2026-01-28 11:25:00+00:00,2026-01-28 11:30:00+00:00,2026-01-28 14:30:00+00:00,1,time_open,37,34.390861842,33.77391396,-0.018761180811765622,-0.05628354243529687,-0.03451854179484605,0.008843574766962403
117,2026-01-29 04:45:00+00:00,2026-01-29 04:50:00+00:00,2026-01-29 05:05:00+00:00,-1,target,4,32.090529875,31.65327834568443,0.012801890147599209,0.03840567044279763,-0.0023925072750128487,0.014569091779448207
118,2026-01-29 21:20:00+00:00,2026-01-29 21:25:00+00:00,2026-01-29 22:15:00+00:00,-1,target,11,31.881754132,31.377182654052007,0.015003579863098119,0.04501073958929436,-0.006946480957250382,0.015957532634296223
119,2026-01-30 03:35:00+00:00,2026-01-30 03:40:00+00:00,2026-01-30 04:30:00+00:00,-1,stop_market,11,29.052792868,29.73793997868285,-0.02442193272972475,-0.07326579818917425,-0.02434375945847546,0.004123282348250434
120,2026-01-30 15:40:00+00:00,2026-01-30 15:45:00+00:00,2026-01-30 16:00:00+00:00,-1,target,4,29.377444142999998,28.849540138889104,0.017147833692664555,0.05144350107799367,-0.0018632508067186898,0.020200673009922232
121,2026-01-31 17:45:00+00:00,2026-01-31 17:50:00+00:00,2026-01-31 18:40:00+00:00,-1,target,11,28.336562209,27.728275725433964,0.020646067086705234,0.061938201260115705,-0.014934340443638632,0.03245143861198296
122,2026-02-01 16:35:00+00:00,2026-02-01 16:40:00+00:00,2026-02-01 18:00:00+00:00,-1,stop_market,17,29.151686641,29.750973167155347,-0.021395372005981118,-0.06418611601794336,-0.03085246650298791,0.0047917172930755925
123,2026-02-02 22:35:00+00:00,2026-02-02 22:40:00+00:00,2026-02-03 01:00:00+00:00,1,target,29,33.536946573,34.290997006895275,0.021645524833803793,0.06493657450141138,-0.012727844686155192,0.024332967380429116
124,2026-02-03 01:30:00+00:00,2026-02-03 01:35:00+00:00,2026-02-03 01:50:00+00:00,1,target,4,34.30677171000001,35.12372049630288,0.022973850587040257,0.06892155176112078,-0.006296057313563545,0.03545155167268277
125,2026-02-03 02:55:00+00:00,2026-02-03 03:00:00+00:00,2026-02-03 03:30:00+00:00,1,target,7,35.892471342,36.937041575862864,0.02826137667980181,0.08478413003940544,-0.007560208340962952,0.039215150291224354
126,2026-02-03 04:20:00+00:00,2026-02-03 04:25:00+00:00,2026-02-03 07:25:00+00:00,1,time_open,37,37.613315829,37.08978912,-0.014742204567824506,-0.04422661370347352,-0.024430513385897426,0.014986292980992522
127,2026-02-03 07:30:00+00:00,2026-02-03 07:35:00+00:00,2026-02-03 08:25:00+00:00,1,target,11,37.213887702,37.95962068263904,0.019201472332869632,0.057604416998608896,-0.009762991288816652,0.020801704573274016
128,2026-02-03 09:55:00+00:00,2026-02-03 10:00:00+00:00,2026-02-03 13:00:00+00:00,1,time_open,37,37.106772891000006,36.088524856,-0.028258972996509268,-0.0847769189895278,-0.03832614704240746,0.0020542640348679697
129,2026-02-03 18:45:00+00:00,2026-02-03 18:50:00+00:00,2026-02-03 18:55:00+00:00,-1,target,2,33.073474043000004,32.46447258756694,0.01759190473350628,0.05277571420051884,-0.0021842352275498614,0.02036296647048319
130,2026-02-03 19:05:00+00:00,2026-02-03 19:10:00+00:00,2026-02-03 19:10:00+00:00,-1,stop_market,1,33.041508379,33.83500215107366,-0.024854339704400118,-0.07456301911320035,-0.03420523794538256,-0.0004991182851228348
131,2026-02-04 00:30:00+00:00,2026-02-04 00:35:00+00:00,2026-02-04 01:10:00+00:00,-1,stop_market,8,33.158382838,33.68263113235934,-0.016646308703589238,-0.04993892611076771,-0.02069964219448718,0.007792383581019857
132,2026-02-05 04:25:00+00:00,2026-02-05 04:30:00+00:00,2026-02-05 06:05:00+00:00,-1,target,20,33.778716505,33.37283232212839,0.011191634044208313,0.03357490213262494,-0.008623484016121468,0.01269191222634336
133,2026-02-05 13:55:00+00:00,2026-02-05 14:00:00+00:00,2026-02-05 14:20:00+00:00,-1,target,5,32.558027711,32.14261124939858,0.011935231866141085,0.035805695598423254,-0.011348133453600766,0.016218049683077163
134,2026-02-05 14:40:00+00:00,2026-02-05 14:45:00+00:00,2026-02-05 14:55:00+00:00,-1,target,3,32.389209048,31.930562867668467,0.013337011680433523,0.04001103504130057,-0.004576261916822381,0.015073200684724508
135,2026-02-05 15:15:00+00:00,2026-02-05 15:20:00+00:00,2026-02-05 15:25:00+00:00,-1,target,2,32.162452619,31.614639864365728,0.01621041989666885,0.04863125969000655,-0.006308098084671713,0.018451721516082986
136,2026-02-05 15:25:00+00:00,2026-02-05 15:30:00+00:00,2026-02-05 15:40:00+00:00,-1,stop_market,3,31.555105002999998,32.35384704613635,-0.026152428042684514,-0.07845728412805354,-0.027031432097106137,0.0057710155926492535
137,2026-02-05 15:40:00+00:00,2026-02-05 15:45:00+00:00,2026-02-05 16:00:00+00:00,-1,target,4,32.129488028000004,31.46257257258918,0.019936398850865854,0.05980919655259756,-0.004445599242019164,0.02541241949726858
138,2026-02-06 04:20:00+00:00,2026-02-06 04:25:00+00:00,2026-02-06 07:25:00+00:00,1,time_open,37,35.274809301000005,33.561857992,-0.04936937282456918,-0.14810811847370753,-0.055972985787622456,0.008425012208119087
139,2026-02-06 09:55:00+00:00,2026-02-06 10:00:00+00:00,2026-02-06 10:35:00+00:00,-1,stop_market,8,33.01453735,33.611947166996735,-0.018932182383170418,-0.05679654714951125,-0.01960204665220934,0.003469300471660275
140,2026-02-27 14:40:00+00:00,2026-02-27 14:45:00+00:00,2026-02-27 16:25:00+00:00,-1,target,21,28.078839043000002,27.84252239034979,0.007590350416034674,0.02277105124810402,-0.00935950965790379,0.009218295763710693
141,2026-02-28 18:50:00+00:00,2026-02-28 18:55:00+00:00,2026-02-28 20:20:00+00:00,1,target,18,29.488607361000003,30.07779580334331,0.019142598109568903,0.057427794328706705,-0.01589885679730453,0.026192916794759213
142,2026-02-28 20:30:00+00:00,2026-02-28 20:35:00+00:00,2026-02-28 20:45:00+00:00,1,target,3,29.906054802000003,30.468024809039157,0.01795406367035337,0.05386219101106011,-0.004730001560691603,0.020428812895746384
143,2026-02-28 21:00:00+00:00,2026-02-28 21:05:00+00:00,2026-02-28 22:25:00+00:00,1,target,17,30.155321979000004,30.778088106859602,0.019814061364452344,0.05944218409335703,-0.005167453507890955,0.02045005592808602
144,2026-02-28 22:40:00+00:00,2026-02-28 22:45:00+00:00,2026-02-28 23:45:00+00:00,1,target,13,30.906126729000004,31.383874170742175,0.014622284839401523,0.04386685451820457,-0.007537091466244498,0.015979785345815678
145,2026-03-01 01:50:00+00:00,2026-03-01 01:55:00+00:00,2026-03-01 02:00:00+00:00,1,target,2,30.639841311,31.15913658053468,0.0161120163560902,0.048336049068270596,-0.004064853551268414,0.018836869393079825
146,2026-03-01 03:25:00+00:00,2026-03-01 03:30:00+00:00,2026-03-01 05:45:00+00:00,1,target,28,31.018246905,31.45958575789721,0.013393139663125669,0.040179418989377005,-0.013769603847409122,0.016724126820860885
147,2026-03-01 06:15:00+00:00,2026-03-01 06:20:00+00:00,2026-03-01 09:20:00+00:00,1,time_open,37,31.074306993000004,30.872148096000004,-0.007332285650752828,-0.021996856952258486,-0.02150304771150892,0.004785078780147556
148,2026-03-02 22:45:00+00:00,2026-03-02 22:50:00+00:00,2026-03-03 01:50:00+00:00,1,time_open,37,33.145527030000004,32.921689031999996,-0.0075797110177607254,-0.022739133053282175,-0.027372356965905356,0.002307188234804025
149,2026-03-03 02:50:00+00:00,2026-03-03 02:55:00+00:00,2026-03-03 03:10:00+00:00,1,target,4,32.804161137,33.202031302683025,0.011294297386607876,0.033882892159823624,-0.0017913505915949795,0.01477979762918391
150,2026-03-03 04:35:00+00:00,2026-03-03 04:40:00+00:00,2026-03-03 05:05:00+00:00,1,target,6,33.004375737000004,33.33906778505172,0.009307310983249089,0.027921932949747267,-0.004274020385421144,0.014350347565248223
151,2026-03-09 14:50:00+00:00,2026-03-09 14:55:00+00:00,2026-03-09 16:20:00+00:00,1,target,18,33.096474453000006,33.82575923939846,0.02119666027402636,0.06358998082207908,-0.02750136670221205,0.03887198163136629
152,2026-03-09 17:15:00+00:00,2026-03-09 17:20:00+00:00,2026-03-09 20:20:00+00:00,1,time_open,37,33.929367189000004,34.172019032,0.006319387913195441,0.018958163739586323,-0.006143244102225901,0.02610224959595242
153,2026-03-09 20:30:00+00:00,2026-03-09 20:35:00+00:00,2026-03-09 21:05:00+00:00,1,target,7,34.24070089200001,34.7986353070355,0.015458400663412232,0.046375201990236696,-0.006947848020630657,0.017736176310043872
154,2026-03-09 21:35:00+00:00,2026-03-09 21:40:00+00:00,2026-03-10 00:40:00+00:00,1,time_open,37,34.936446627,34.309055199999996,-0.018779953913612875,-0.056339861740838625,-0.02716170393306795,0.012238032607173377
155,2026-03-10 03:40:00+00:00,2026-03-10 03:45:00+00:00,2026-03-10 06:45:00+00:00,1,time_open,37,34.568051763,34.08899712,-0.014681882229606105,-0.044045646688818316,-0.021331424799821544,0.008358823314112085
156,2026-04-08 07:25:00+00:00,2026-04-08 07:30:00+00:00,2026-04-08 07:50:00+00:00,1,target,5,39.098908161000004,39.393412419897366,0.006699842595916964,0.02009952778775089,-0.004888140730815575,0.008212296816008768
157,2026-04-08 09:35:00+00:00,2026-04-08 09:40:00+00:00,2026-04-08 12:40:00+00:00,1,time_open,37,39.441275127000004,39.408401072000004,-0.0016624707209484091,-0.004987412162845227,-0.010208338765688179,0.003720084417340619
158,2026-05-14 15:35:00+00:00,2026-05-14 15:40:00+00:00,2026-05-14 16:30:00+00:00,1,target,11,42.41946730200001,43.06887019708202,0.01447340638717408,0.04342021916152224,-0.002783085725192828,0.019979805308871335
159,2026-05-14 16:35:00+00:00,2026-05-14 16:40:00+00:00,2026-05-14 17:05:00+00:00,1,target,6,43.101198015,43.76899998127596,0.014658067181291382,0.043974201543874145,-0.0020897427082711287,0.015633022190369328
160,2026-05-14 17:20:00+00:00,2026-05-14 17:25:00+00:00,2026-05-14 18:15:00+00:00,1,target,11,43.534662624000006,44.314394250647034,0.01707384361705465,0.051221530851163946,-0.006654806694490826,0.018820345136849825
161,2026-05-14 18:30:00+00:00,2026-05-14 18:35:00+00:00,2026-05-14 21:35:00+00:00,1,time_open,37,44.11428389100001,43.9365962,-0.00485554712601357,-0.014566641378040712,-0.011437936497704986,0.014818694793170106
162,2026-05-14 22:05:00+00:00,2026-05-14 22:10:00+00:00,2026-05-14 23:35:00+00:00,1,target,18,44.08024740900001,44.57451197431599,0.010378863401763031,0.031136590205289093,-0.004980139520041075,0.012063285082456687
163,2026-05-15 00:00:00+00:00,2026-05-15 00:05:00+00:00,2026-05-15 00:25:00+00:00,1,target,5,44.268449133000004,44.7432939592854,0.009892713858009619,0.029678141574028857,-0.001486511215936696,0.012798073528572207
164,2026-05-15 01:00:00+00:00,2026-05-15 01:05:00+00:00,2026-05-15 01:35:00+00:00,1,target,7,45.331588659000005,45.85529840554884,0.010718752349013155,0.03215625704703946,-0.003714538139055438,0.015252307749481941
165,2026-05-15 02:00:00+00:00,2026-05-15 02:05:00+00:00,2026-05-15 03:00:00+00:00,1,target,12,46.06036980300001,46.83362347348514,0.015951546385803116,0.04785463915740935,-0.015033949125550687,0.017729562322072567
166,2026-05-15 03:15:00+00:00,2026-05-15 03:20:00+00:00,2026-05-15 06:20:00+00:00,1,time_open,37,46.562908449000005,45.718066384000004,-0.018965898918475586,-0.05689769675542676,-0.0315963142050605,0.007776394625275351
167,2026-05-15 07:20:00+00:00,2026-05-15 07:25:00+00:00,2026-05-15 10:25:00+00:00,1,time_open,37,46.238560797000005,45.48200408,-0.017184567879511822,-0.05155370363853547,-0.022875585247500455,0.012142229198371046
168,2026-05-17 20:15:00+00:00,2026-05-17 20:20:00+00:00,2026-05-17 23:20:00+00:00,1,time_open,37,46.455793638,45.638045264,-0.018424744449169594,-0.05527423334750878,-0.02034314741563438,0.01763410541177146
169,2026-05-18 00:30:00+00:00,2026-05-18 00:35:00+00:00,2026-05-18 03:35:00+00:00,1,time_open,37,46.284610155,45.275949696000005,-0.02261285289577144,-0.06783855868731431,-0.026743286547633152,0.015456322146913726
170,2026-05-20 16:30:00+00:00,2026-05-20 16:35:00+00:00,2026-05-20 17:10:00+00:00,1,target,8,51.47817687900001,52.13818772769607,0.011986538539807317,0.03595961561942195,-0.004788881468861265,0.012681550913010264
171,2026-05-20 19:05:00+00:00,2026-05-20 19:10:00+00:00,2026-05-20 19:20:00+00:00,1,target,3,51.822545991000005,52.408521045998775,0.01047332688364174,0.03141998065092522,-0.00274079154425723,0.01114291083074681
172,2026-05-20 21:20:00+00:00,2026-05-20 21:25:00+00:00,2026-05-20 22:15:00+00:00,1,target,11,52.489260609000006,53.205803233800786,0.01281624018453674,0.03844872055361022,-0.004763372006208592,0.018113026931017018
173,2026-05-20 22:50:00+00:00,2026-05-20 22:55:00+00:00,2026-05-20 23:35:00+00:00,1,target,9,53.81868555300001,54.77528526884314,0.016937797498793778,0.05081339249638134,-0.003028726510627703,0.01763912361005393
174,2026-05-21 00:05:00+00:00,2026-05-21 00:10:00+00:00,2026-05-21 00:35:00+00:00,1,target,6,55.11006972300001,55.9855602956926,0.015050307816419467,0.045150923449258404,-0.0023574954161248588,0.024876221058886427
175,2026-05-21 01:30:00+00:00,2026-05-21 01:35:00+00:00,2026-05-21 04:35:00+00:00,1,time_open,37,56.52558694500001,56.271851848,-0.0053163150897795565,-0.01594894526933867,-0.020645976133192093,0.006216884671041534
176,2026-05-21 05:45:00+00:00,2026-05-21 05:50:00+00:00,2026-05-21 06:25:00+00:00,1,target,8,56.187224271000005,56.87634280535041,0.011430275400607476,0.03429082620182243,-0.002180619182756597,0.013806977281139554
177,2026-05-21 06:55:00+00:00,2026-05-21 07:00:00+00:00,2026-05-21 07:10:00+00:00,1,target,3,56.555619135,57.338431057023065,0.013006390472229054,0.03901917141668716,-0.0021584161580307107,0.014488054017127938
178,2026-05-21 07:30:00+00:00,2026-05-21 07:35:00+00:00,2026-05-21 07:50:00+00:00,1,target,4,57.52966316400001,58.3981119107896,0.014260086683811853,0.04278026005143556,-0.0019732166555319767,0.01686672201145778
179,2026-05-21 08:15:00+00:00,2026-05-21 08:20:00+00:00,2026-05-21 09:30:00+00:00,1,target,15,58.34153336700001,59.24931391466605,0.014723990324019843,0.04417197097205953,-0.005137426570871143,0.015571524788099644
180,2026-05-21 10:20:00+00:00,2026-05-21 10:25:00+00:00,2026-05-21 13:25:00+00:00,1,time_open,37,58.273460403,58.91354907200001,0.010150345387795134,0.030451036163385403,-0.027947956775133523,0.01746145826870471
181,2026-05-21 13:35:00+00:00,2026-05-21 13:40:00+00:00,2026-05-21 13:55:00+00:00,1,target,4,58.613825223000006,59.617059972858875,0.016279588857853078,0.048838766573559234,-0.0025442821388225326,0.020220055123359115
182,2026-05-21 14:00:00+00:00,2026-05-21 14:05:00+00:00,2026-05-21 14:30:00+00:00,1,target,6,59.77907419500001,61.04393554058749,0.020320835247848414,0.06096250574354524,-0.015822631531290834,0.04083244576584888
183,2026-05-21 14:55:00+00:00,2026-05-21 15:00:00+00:00,2026-05-21 18:00:00+00:00,1,time_open,37,60.98036179500001,58.752506568,-0.037348151898602334,-0.11204445569580701,-0.039088780741795906,0.027396331471699842
184,2026-05-22 18:00:00+00:00,2026-05-22 18:05:00+00:00,2026-05-22 18:15:00+00:00,-1,stop_market,3,57.940762781000004,58.53202053276867,-0.011038075408107409,-0.033114226224322224,-0.011050303463701965,0.0011867772825137068
185,2026-05-22 18:30:00+00:00,2026-05-22 18:35:00+00:00,2026-05-22 18:35:00+00:00,-1,target,1,57.3384098,56.81758456809851,0.008257800648518747,0.024773401945556238,-0.004244383843580405,0.019487980289261575
186,2026-05-22 22:05:00+00:00,2026-05-22 22:10:00+00:00,2026-05-22 22:30:00+00:00,-1,target,5,55.781082607,55.30662066062032,0.007679990306710358,0.023039970920131075,-0.004966695461762442,0.010148290075118749
187,2026-05-24 01:40:00+00:00,2026-05-24 01:45:00+00:00,2026-05-24 04:45:00+00:00,1,time_open,37,60.877251276,59.892807528000006,-0.016993579657679492,-0.05098073897303848,-0.023235193560304693,0.0014578306697461407
188,2026-05-24 04:50:00+00:00,2026-05-24 04:55:00+00:00,2026-05-24 05:10:00+00:00,1,target,4,60.23756562900001,60.91257087489749,0.010371750002794581,0.031115250008383742,-0.0029639945615974753,0.011113237462532899
189,2026-05-24 05:55:00+00:00,2026-05-24 06:00:00+00:00,2026-05-24 08:10:00+00:00,1,target,27,61.36977919200001,62.27353649513527,0.013890993498660471,0.041672980495981414,-0.018970686882318635,0.01476656458490444
190,2026-05-24 08:40:00+00:00,2026-05-24 08:45:00+00:00,2026-05-24 09:35:00+00:00,1,target,11,62.636136537000006,63.70455724418864,0.016221181025222835,0.0486635430756685,-0.0018856418357703502,0.020177864294893322
191,2026-05-24 09:55:00+00:00,2026-05-24 10:00:00+00:00,2026-05-24 13:00:00+00:00,1,time_open,37,63.837424137000006,64.088915008,0.003108596096978729,0.009325788290936186,-0.022132707672289156,0.008217372021060987
192,2026-05-24 13:05:00+00:00,2026-05-24 13:10:00+00:00,2026-05-24 16:10:00+00:00,1,time_open,37,64.12573316100001,63.799838712,-0.005909331802525143,-0.017727995407575428,-0.04012934425425076,0.0032789775435715374
193,2026-05-28 21:45:00+00:00,2026-05-28 21:50:00+00:00,2026-05-29 00:50:00+00:00,1,time_open,37,61.90435217400001,62.058379088,0.0016577891820205425,0.004973367546061628,-0.013682745785646004,0.011237462336164628
194,2026-05-29 03:30:00+00:00,2026-05-29 03:35:00+00:00,2026-05-29 06:35:00+00:00,1,time_open,37,61.885331787000005,61.769302792000005,-0.002703448184576668,-0.008110344553730005,-0.017920130793195446,0.0030486741777415727
195,2026-05-29 17:15:00+00:00,2026-05-29 17:20:00+00:00,2026-05-29 20:20:00+00:00,1,time_open,37,67.22805838800001,65.978413704,-0.019409756664471974,-0.05822926999341592,-0.03653140253798827,0.003940938030232877
196,2026-06-01 07:00:00+00:00,2026-06-01 07:05:00+00:00,2026-06-01 10:05:00+00:00,1,time_open,37,73.70199747900001,72.348094856,-0.01919166364718259,-0.05757499094154777,-0.031282175853461616,0.003052868696864053
197,2026-06-05 00:35:00+00:00,2026-06-05 00:40:00+00:00,2026-06-05 01:00:00+00:00,-1,target,5,64.46375609100001,63.59967562853484,0.0125803639311235,0.0377410917933705,-0.0031021235300490316,0.01636200176593905
198,2026-06-05 05:30:00+00:00,2026-06-05 05:35:00+00:00,2026-06-05 05:50:00+00:00,-1,target,4,62.947384905,61.92474674052793,0.01542333369585078,0.046270001087552345,-0.0017429944120324209,0.024582195230752002
199,2026-06-05 16:20:00+00:00,2026-06-05 16:25:00+00:00,2026-06-05 17:25:00+00:00,-1,target,13,59.663911856,58.03801434555573,0.026432914409605296,0.07929874322881589,-0.009567399155463023,0.032882722486167415
200,2026-06-08 11:50:00+00:00,2026-06-08 11:55:00+00:00,2026-06-08 12:55:00+00:00,1,target,13,62.16062686200001,63.00904257320587,0.012813781523843958,0.03844134457153187,-0.01488727697477145,0.01348720533113723
201,2026-06-08 14:25:00+00:00,2026-06-08 14:30:00+00:00,2026-06-08 17:30:00+00:00,1,time_open,37,64.71536515800001,64.17893876800001,-0.009114896741930847,-0.027344690225792542,-0.022053497073938458,0.016744629955410817
202,2026-06-11 18:50:00+00:00,2026-06-11 18:55:00+00:00,2026-06-11 21:55:00+00:00,1,time_open,37,58.48969217100001,58.863535872,0.005559643854380876,0.01667893156314263,-0.008786942867237373,0.019171033174901098
203,2026-06-15 06:40:00+00:00,2026-06-15 06:45:00+00:00,2026-06-15 07:10:00+00:00,1,target,6,64.843502502,65.44470391523197,0.008438408069479408,0.025315224208438222,-0.0017024156544663976,0.010124337407279027
204,2026-06-15 07:45:00+00:00,2026-06-15 07:50:00+00:00,2026-06-15 08:40:00+00:00,1,target,11,65.22290916900002,65.96335461273492,0.010518506217615688,0.031555518652847066,-0.0031730351904343404,0.011439091578493876
205,2026-06-15 09:40:00+00:00,2026-06-15 09:45:00+00:00,2026-06-15 10:05:00+00:00,1,target,5,66.058805124,66.68158298712416,0.008594396442941257,0.025783189328823772,-0.0027581055150208847,0.010932605799398809
206,2026-06-15 11:05:00+00:00,2026-06-15 11:10:00+00:00,2026-06-15 14:10:00+00:00,1,time_open,37,67.74861634800001,66.76262068000001,-0.015377026573111685,-0.046131079719335055,-0.01639456475922975,0.010884113827687836
207,2026-06-16 10:05:00+00:00,2026-06-16 10:10:00+00:00,2026-06-16 10:25:00+00:00,1,target,4,73.60689554400001,74.55442986156648,0.012038241004495366,0.036114723013486096,-0.0031847216767389034,0.018151892511229617
208,2026-06-16 11:05:00+00:00,2026-06-16 11:10:00+00:00,2026-06-16 14:10:00+00:00,1,time_open,37,75.977436408,75.73498876000001,-0.00401904743742438,-0.012057142312273141,-0.0204921537891566,0.01334032365289528
209,2026-06-17 22:45:00+00:00,2026-06-17 22:50:00+00:00,2026-06-18 00:30:00+00:00,-1,stop_market,21,71.287426428,72.25748827085158,-0.014442720363755896,-0.04332816109126769,-0.017831106737680638,0.004845544934195201
210,2026-06-26 03:25:00+00:00,2026-06-26 03:30:00+00:00,2026-06-26 03:45:00+00:00,-1,stop_market,4,62.165225064,63.105275157725956,-0.015957392940213835,-0.0478721788206415,-0.019859213063983874,0.004604263295199695
