label,side,trades,total_return,max_dd,avg_trade,win_rate,profit_factor,payoff_ratio,worst_trade,best_trade
baseline_v6_2,long,157.0,4.08946063431773,-0.2562982919069061,0.011512907806098472,0.6369426751592356,1.7732692611737462,1.0107634788690352,-0.14810811847370753,0.09230243912687061
baseline_v6_2,short,53.0,0.8345994860134842,-0.13378895576779393,0.01287438188824849,0.6792452830188679,1.763818401589614,0.8329142451950955,-0.07845728412805354,0.21472617537964928
long_ema_pair_13_55,long,136.0,1.139913290506553,-0.2749833113230634,0.007077341173328871,0.6544117647058824,1.3777765872809644,0.7275898831708464,-0.15850642115536032,0.1027103019436229
long_ema_pair_13_55,short,53.0,0.8345994860134842,-0.13378895576779393,0.01287438188824849,0.6792452830188679,1.763818401589614,0.8329142451950955,-0.07845728412805354,0.21472617537964928
long_ema_pair_21_96,long,159.0,4.12370733755939,-0.26478042384037337,0.0114536917267264,0.6415094339622641,1.756114563427969,0.981358138386218,-0.14810811847370753,0.09230243912687061
long_ema_pair_21_96,short,53.0,0.8345994860134842,-0.13378895576779393,0.01287438188824849,0.6792452830188679,1.763818401589614,0.8329142451950955,-0.07845728412805354,0.21472617537964928
long_ema_pair_34_144,long,149.0,1.161310077182979,-0.4241606702025087,0.006577299944524841,0.6241610738255033,1.3425132829512134,0.8083950951104081,-0.17053818182214264,0.08889706338525873
long_ema_pair_34_144,short,53.0,0.8345994860134842,-0.13378895576779393,0.01287438188824849,0.6792452830188679,1.763818401589614,0.8329142451950955,-0.07845728412805354,0.21472617537964928
long_ema_pair_9_55,long,144.0,1.3553047455947858,-0.40166174913402386,0.007364504502196268,0.6319444444444444,1.3872817355541769,0.8079772745535315,-0.14810811847370753,0.1027103019436229
long_ema_pair_9_55,short,53.0,0.8345994860134842,-0.13378895576779393,0.01287438188824849,0.6792452830188679,1.763818401589614,0.8329142451950955,-0.07845728412805354,0.21472617537964928
long_pullback_buffer_0p0,long,123.0,1.2891843085801105,-0.24063657266729466,0.007980231389350376,0.6260162601626016,1.4641813850330379,0.8747057624872693,-0.141853859734921,0.08889706338525873
long_pullback_buffer_0p0,short,53.0,0.8345994860134842,-0.13378895576779393,0.01287438188824849,0.6792452830188679,1.763818401589614,0.8329142451950955,-0.07845728412805354,0.21472617537964928
long_pullback_buffer_0p005,long,163.0,1.1663181612200004,-0.3403425943908406,0.006079256006121529,0.6134969325153374,1.3154695100548397,0.8287457913345491,-0.14810811847370753,0.08889706338525873
long_pullback_buffer_0p005,short,53.0,0.8345994860134842,-0.13378895576779393,0.01287438188824849,0.6792452830188679,1.763818401589614,0.8329142451950955,-0.07845728412805354,0.21472617537964928
long_pullback_buffer_0p015,long,129.0,1.8575928224394938,-0.26288196130171193,0.009506032859792388,0.6434108527131783,1.5408004555317565,0.8539376018609734,-0.14810811847370753,0.1027103019436229
long_pullback_buffer_0p015,short,53.0,0.8345994860134842,-0.13378895576779393,0.01287438188824849,0.6792452830188679,1.763818401589614,0.8329142451950955,-0.07845728412805354,0.21472617537964928
long_pullback_buffer_0p02,long,110.0,1.0198390025209316,-0.35914235442505726,0.007825665561345284,0.6090909090909091,1.4226791731990538,0.9130627529486465,-0.14810811847370753,0.1027103019436229
long_pullback_buffer_0p02,short,53.0,0.8345994860134842,-0.13378895576779393,0.01287438188824849,0.6792452830188679,1.763818401589614,0.8329142451950955,-0.07845728412805354,0.21472617537964928
long_require_candle_True,long,194.0,1.4346542421513968,-0.3754828586645107,0.005915155734199812,0.6082474226804123,1.306664115638434,0.8415802778688218,-0.14810811847370753,0.08960545273345874
long_require_candle_True,short,53.0,0.8345994860134842,-0.13378895576779393,0.01287438188824849,0.6792452830188679,1.763818401589614,0.8329142451950955,-0.07845728412805354,0.21472617537964928
long_htf_threshold_None,long,167.0,4.42847632102626,-0.21999051986986629,0.011286144363870956,0.6347305389221557,1.7388982240446045,1.0006867138369893,-0.12411333068229081,0.09230243912687061
long_htf_threshold_None,short,53.0,0.8345994860134842,-0.13378895576779393,0.01287438188824849,0.6792452830188679,1.763818401589614,0.8329142451950955,-0.07845728412805354,0.21472617537964928
long_htf_threshold_0p0,long,166.0,5.117162492941282,-0.21999051986986617,0.012024701608994852,0.6325301204819277,1.8189963509577058,1.056750261032572,-0.12411333068229081,0.09230243912687061
long_htf_threshold_0p0,short,53.0,0.8345994860134842,-0.13378895576779393,0.01287438188824849,0.6792452830188679,1.763818401589614,0.8329142451950955,-0.07845728412805354,0.21472617537964928
long_htf_threshold_0p25,long,164.0,4.633381752985222,-0.22435218363861265,0.011668866217201226,0.6341463414634146,1.7824298276645345,1.0283249005756931,-0.12411333068229081,0.09230243912687061
long_htf_threshold_0p25,short,53.0,0.8345994860134842,-0.13378895576779393,0.01287438188824849,0.6792452830188679,1.763818401589614,0.8329142451950955,-0.07845728412805354,0.21472617537964928
long_htf_threshold_0p75,long,147.0,3.889621629943183,-0.23201675270049826,0.011890569936474691,0.6326530612244898,1.8205015021739426,1.0570653883590635,-0.12411333068229081,0.09230243912687061
long_htf_threshold_0p75,short,53.0,0.8345994860134842,-0.13378895576779393,0.01287438188824849,0.6792452830188679,1.763818401589614,0.8329142451950955,-0.07845728412805354,0.21472617537964928
long_htf_threshold_1p0,long,133.0,1.6618422546944336,-0.40644356840050155,0.00850462583164447,0.5864661654135338,1.518391727895025,1.070660833772133,-0.12411333068229081,0.09230243912687061
long_htf_threshold_1p0,short,53.0,0.8345994860134842,-0.13378895576779393,0.01287438188824849,0.6792452830188679,1.763818401589614,0.8329142451950955,-0.07845728412805354,0.21472617537964928
long_quality_window_48,long,10.0,-0.41082896433487204,-0.44033889773707413,-0.04868257459099083,0.2,0.09707737745380134,0.38830950981520534,-0.20555756498829858,0.04342021916152224
long_quality_window_48,short,53.0,0.8345994860134842,-0.13378895576779393,0.01287438188824849,0.6792452830188679,1.763818401589614,0.8329142451950955,-0.07845728412805354,0.21472617537964928
long_quality_window_96,long,54.0,0.2604516690793617,-0.3215993168436029,0.0060440992060018595,0.6111111111111112,1.298254066296081,0.8261616785520517,-0.16418149226873627,0.09230243912687061
long_quality_window_96,short,53.0,0.8345994860134842,-0.13378895576779393,0.01287438188824849,0.6792452830188679,1.763818401589614,0.8329142451950955,-0.07845728412805354,0.21472617537964928
long_quality_window_384,long,295.0,-0.2984901992874428,-0.7295941214548267,7.366669397394338e-05,0.5627118644067797,1.0034836218393632,0.7798155856462521,-0.1481328829228754,0.09230243912687061
long_quality_window_384,short,52.0,0.9090003562810474,-0.13378895576779415,0.013871461021570676,0.6923076923076923,1.8442796255397649,0.8196798335732288,-0.07845728412805354,0.21472617537964928
long_quality_threshold_500p0,long,321.0,-0.07031525531452976,-0.7056455717751317,0.0010529847860988716,0.5700934579439252,1.0535255677950772,0.7944619035831729,-0.19597945456583415,0.09230243912687061
long_quality_threshold_500p0,short,53.0,0.8345994860134842,-0.13378895576779393,0.01287438188824849,0.6792452830188679,1.763818401589614,0.8329142451950955,-0.07845728412805354,0.21472617537964928
long_quality_threshold_600p0,long,251.0,0.15364519075417937,-0.6444885422544441,0.0018608621787567638,0.5737051792828686,1.0940837758031485,0.8129650278537284,-0.16418149226873627,0.09230243912687061
long_quality_threshold_600p0,short,53.0,0.8345994860134842,-0.13378895576779393,0.01287438188824849,0.6792452830188679,1.763818401589614,0.8329142451950955,-0.07845728412805354,0.21472617537964928
long_quality_threshold_700p0,long,198.0,1.1933410914469142,-0.5361318914923443,0.005261053729367205,0.5909090909090909,1.280105395545124,0.8862268123004705,-0.16961551497039862,0.09230243912687061
long_quality_threshold_700p0,short,53.0,0.8345994860134842,-0.13378895576779393,0.01287438188824849,0.6792452830188679,1.763818401589614,0.8329142451950955,-0.07845728412805354,0.21472617537964928
long_quality_threshold_850p0,long,121.0,1.7845833554497355,-0.26256924396310644,0.009751786340235276,0.5867768595041323,1.578669342422547,1.111738973537005,-0.14810811847370753,0.09230243912687061
long_quality_threshold_850p0,short,53.0,0.8345994860134842,-0.13378895576779393,0.01287438188824849,0.6792452830188679,1.763818401589614,0.8329142451950955,-0.07845728412805354,0.21472617537964928
long_quality_threshold_1000p0,long,81.0,1.9180607037273596,-0.22032888750169832,0.014633215825988415,0.654320987654321,1.9166595979646288,1.0125748819435774,-0.14810811847370753,0.09230243912687061
long_quality_threshold_1000p0,short,53.0,0.8345994860134842,-0.13378895576779393,0.01287438188824849,0.6792452830188679,1.763818401589614,0.8329142451950955,-0.07845728412805354,0.21472617537964928
long_tp_atr_2p0,long,165.0,3.2556430784603085,-0.33268070738155564,0.00975698143346231,0.6666666666666666,1.7037859688156736,0.8518929844078369,-0.14810811847370753,0.07350269204608328
long_tp_atr_2p0,short,53.0,0.8345994860134842,-0.13378895576779393,0.01287438188824849,0.6792452830188679,1.763818401589614,0.8329142451950955,-0.07845728412805354,0.21472617537964928
long_tp_atr_3p0,long,147.0,3.7898338800887013,-0.2585827115147984,0.012052339917900367,0.5986394557823129,1.720558637060054,1.153556358937991,-0.14810811847370753,0.11110218620765727
long_tp_atr_3p0,short,53.0,0.8345994860134842,-0.13378895576779393,0.01287438188824849,0.6792452830188679,1.763818401589614,0.8329142451950955,-0.07845728412805354,0.21472617537964928
long_tp_atr_4p0,long,130.0,4.902743003840853,-0.2431855989682593,0.015448678900280845,0.5615384615384615,1.893194743223499,1.4782479501882115,-0.14810811847370753,0.14870168036923256
long_tp_atr_4p0,short,53.0,0.8345994860134842,-0.13378895576779393,0.01287438188824849,0.6792452830188679,1.763818401589614,0.8329142451950955,-0.07845728412805354,0.21472617537964928
long_sl_atr_4p0,long,159.0,1.7096736291453256,-0.38471806276868714,0.007487858635199295,0.6037735849056604,1.4180054307788943,0.9305660639486494,-0.11204445569580701,0.09230243912687061
long_sl_atr_4p0,short,53.0,0.8345994860134842,-0.13378895576779393,0.01287438188824849,0.6792452830188679,1.763818401589614,0.8329142451950955,-0.07845728412805354,0.21472617537964928
long_sl_atr_5p0,long,157.0,2.970392432329557,-0.2681396290353719,0.009952020062148487,0.6242038216560509,1.6193282882430584,0.9749017245544943,-0.13264820021432208,0.09230243912687061
long_sl_atr_5p0,short,53.0,0.8345994860134842,-0.13378895576779393,0.01287438188824849,0.6792452830188679,1.763818401589614,0.8329142451950955,-0.07845728412805354,0.21472617537964928
long_sl_atr_6p0,long,158.0,3.2989427373636238,-0.25992525507164765,0.010415499046038012,0.6265822784810127,1.659026598694334,0.988712821444098,-0.15883858100177323,0.09230243912687061
long_sl_atr_6p0,short,53.0,0.8345994860134842,-0.13378895576779393,0.01287438188824849,0.6792452830188679,1.763818401589614,0.8329142451950955,-0.07845728412805354,0.21472617537964928
long_sl_atr_8p0,long,157.0,4.069453871014862,-0.24412992724155846,0.011495700303682169,0.6369426751592356,1.7712221727655464,1.0095966384763615,-0.14810811847370753,0.09230243912687061
long_sl_atr_8p0,short,53.0,0.8345994860134842,-0.13378895576779393,0.01287438188824849,0.6792452830188679,1.763818401589614,0.8329142451950955,-0.07845728412805354,0.21472617537964928
long_sl_atr_10p0,long,157.0,4.110587889129766,-0.24412992724155846,0.011540064157740325,0.6369426751592356,1.7765095572246907,1.0126104476180737,-0.14810811847370753,0.09230243912687061
long_sl_atr_10p0,short,53.0,0.8345994860134842,-0.13378895576779393,0.01287438188824849,0.6792452830188679,1.763818401589614,0.8329142451950955,-0.07845728412805354,0.21472617537964928
long_time_exit_bars_12,long,208.0,0.48332267085617375,-0.40659610830206905,0.0026550624744294407,0.5432692307692307,1.174931176950746,0.9877739983214237,-0.11407327036787854,0.09230243912687061
long_time_exit_bars_12,short,53.0,0.8345994860134842,-0.13378895576779393,0.01287438188824849,0.6792452830188679,1.763818401589614,0.8329142451950955,-0.07845728412805354,0.21472617537964928
long_time_exit_bars_24,long,173.0,2.132485261881889,-0.29614792337877427,0.007624407178278254,0.5780346820809249,1.489676716253821,1.0874640028652893,-0.11322498566290934,0.09230243912687061
long_time_exit_bars_24,short,53.0,0.8345994860134842,-0.13378895576779393,0.01287438188824849,0.6792452830188679,1.763818401589614,0.8329142451950955,-0.07845728412805354,0.21472617537964928
long_time_exit_bars_48,long,145.0,2.403693450105231,-0.3307084744792933,0.010032090044436543,0.6758620689655173,1.5335257863975809,0.7354664485784317,-0.18502896178922504,0.09230243912687061
long_time_exit_bars_48,short,53.0,0.8345994860134842,-0.13378895576779393,0.01287438188824849,0.6792452830188679,1.763818401589614,0.8329142451950955,-0.07845728412805354,0.21472617537964928
long_time_exit_bars_72,long,131.0,3.6535366764631583,-0.3805609458673067,0.013648978795051826,0.732824427480916,1.6978134318668687,0.6189944803681292,-0.18502896178922504,0.09230243912687061
long_time_exit_bars_72,short,53.0,0.8345994860134842,-0.13378895576779393,0.01287438188824849,0.6792452830188679,1.763818401589614,0.8329142451950955,-0.07845728412805354,0.21472617537964928
short_ema_pair_21_55,long,157.0,4.08946063431773,-0.2562982919069061,0.011512907806098472,0.6369426751592356,1.7732692611737462,1.0107634788690352,-0.14810811847370753,0.09230243912687061
short_ema_pair_21_55,short,133.0,-0.7761278679048862,-0.8121657671693937,-0.008141102344949202,0.5338345864661654,0.698063023972864,0.6095761617791207,-0.5726774270972651,0.08190689271082938
short_ema_pair_21_96,long,157.0,4.08946063431773,-0.2562982919069061,0.011512907806098472,0.6369426751592356,1.7732692611737462,1.0107634788690352,-0.14810811847370753,0.09230243912687061
short_ema_pair_21_96,short,133.0,-0.7761278679048862,-0.8121657671693937,-0.008141102344949202,0.5338345864661654,0.698063023972864,0.6095761617791207,-0.5726774270972651,0.08190689271082938
short_ema_pair_13_55,long,157.0,4.08946063431773,-0.2562982919069061,0.011512907806098472,0.6369426751592356,1.7732692611737462,1.0107634788690352,-0.14810811847370753,0.09230243912687061
short_ema_pair_13_55,short,215.0,-0.23513069488705018,-0.45502764029767606,9.03977167135972e-06,0.5581395348837209,1.0004174522604887,0.7919971497062204,-0.09740565614139904,0.3525382411982814
short_ema_pair_9_96,long,157.0,4.08946063431773,-0.2562982919069061,0.011512907806098472,0.6369426751592356,1.7732692611737462,1.0107634788690352,-0.14810811847370753,0.09230243912687061
short_ema_pair_9_96,short,298.0,-0.7644589909716916,-0.7744894355041673,-0.003689063417490592,0.5134228187919463,0.8404862943952729,0.7965392986098992,-0.1051819963148887,0.3525382411982814
short_pullback_buffer_0p005,long,157.0,4.08946063431773,-0.2562982919069061,0.011512907806098472,0.6369426751592356,1.7732692611737462,1.0107634788690352,-0.14810811847370753,0.09230243912687061
short_pullback_buffer_0p005,short,104.0,-0.19676037549933967,-0.36644556685705754,-0.0009160930150162546,0.5865384615384616,0.9576945351902469,0.6750961477570593,-0.0945222597715599,0.21472617537964928
short_pullback_buffer_0p01,long,157.0,4.08946063431773,-0.2562982919069061,0.011512907806098472,0.6369426751592356,1.7732692611737462,1.0107634788690352,-0.14810811847370753,0.09230243912687061
short_pullback_buffer_0p01,short,176.0,-0.6393871147040775,-0.7348468194173423,-0.004725665861054701,0.5056818181818182,0.7966272562745897,0.7787255201785314,-0.09751087820105657,0.21472617537964928
short_pullback_buffer_0p015,long,157.0,4.08946063431773,-0.2562982919069061,0.011512907806098472,0.6369426751592356,1.7732692611737462,1.0107634788690352,-0.14810811847370753,0.09230243912687061
short_pullback_buffer_0p015,short,204.0,-0.6607213373259453,-0.734787051918438,-0.0028252995206685333,0.5784313725490197,0.8838219724845118,0.6441414375734578,-0.5726774270972651,0.18601580928759737
short_pullback_buffer_0p02,long,157.0,4.08946063431773,-0.2562982919069061,0.011512907806098472,0.6369426751592356,1.7732692611737462,1.0107634788690352,-0.14810811847370753,0.09230243912687061
short_pullback_buffer_0p02,short,153.0,-0.27704054174440895,-0.7226049760864728,0.000961285269264852,0.6274509803921569,1.039587867291617,0.6172552962043977,-0.5726774270972651,0.18601580928759737
short_require_candle_True,long,157.0,4.08946063431773,-0.2562982919069061,0.011512907806098472,0.6369426751592356,1.7732692611737462,1.0107634788690352,-0.14810811847370753,0.09230243912687061
short_require_candle_True,short,37.0,0.7010594001910635,-0.20116102207771702,0.01573270761269768,0.7027027027027027,2.049597466045527,0.8671373894808,-0.07845728412805354,0.18601580928759737
short_htf_threshold_0p0,long,157.0,4.08946063431773,-0.2562982919069061,0.011512907806098472,0.6369426751592356,1.7732692611737462,1.0107634788690352,-0.14810811847370753,0.09230243912687061
short_htf_threshold_0p0,short,39.0,0.6840018965322008,-0.12297331745546669,0.014997647823546073,0.6923076923076923,1.8716069585387027,0.83182531490609,-0.07845728412805354,0.21472617537964928
short_htf_threshold_0p5,long,157.0,4.08946063431773,-0.2562982919069061,0.011512907806098472,0.6369426751592356,1.7732692611737462,1.0107634788690352,-0.14810811847370753,0.09230243912687061
short_htf_threshold_0p5,short,31.0,1.0377652679026323,-0.07845728412805353,0.024756371188811677,0.7741935483870968,2.8576083726679062,0.833469108694806,-0.07845728412805354,0.21472617537964928
short_htf_threshold_1p0,long,157.0,4.08946063431773,-0.2562982919069061,0.011512907806098472,0.6369426751592356,1.7732692611737462,1.0107634788690352,-0.14810811847370753,0.09230243912687061
short_htf_threshold_1p0,short,15.0,0.6110070810662196,-0.07326579818917422,0.03438176404685438,0.8,3.6302612565977967,0.9075653141494492,-0.07326579818917425,0.21472617537964928
short_quality_window_24,long,157.0,4.08946063431773,-0.2562982919069061,0.011512907806098472,0.6369426751592356,1.7732692611737462,1.0107634788690352,-0.14810811847370753,0.09230243912687061
short_quality_window_24,short,4.0,0.16225187912333472,-0.053539400862343656,0.04342987046554596,0.5,2.9775736649857634,2.9775736649857634,-0.05353940086234365,0.21472617537964928
short_quality_window_96,long,157.0,4.08946063431773,-0.2562982919069061,0.011512907806098472,0.6369426751592356,1.7732692611737462,1.0107634788690352,-0.14810811847370753,0.09230243912687061
short_quality_window_96,short,249.0,-0.7589218434223765,-0.8243758825902106,-0.004899567523681065,0.5220883534136547,0.7547354854397175,0.6908732520563567,-0.11811226177287418,0.21472617537964928
short_quality_window_192,long,157.0,4.08946063431773,-0.2562982919069061,0.011512907806098472,0.6369426751592356,1.7732692611737462,1.0107634788690352,-0.14810811847370753,0.09230243912687061
short_quality_window_192,short,576.0,-0.9529616386569979,-0.9585868420380143,-0.004711130240985511,0.5138888888888888,0.727507906360126,0.688183154664984,-0.11811226177287418,0.21472617537964928
short_quality_threshold_200p0,long,157.0,4.08946063431773,-0.2562982919069061,0.011512907806098472,0.6369426751592356,1.7732692611737462,1.0107634788690352,-0.14810811847370753,0.09230243912687061
short_quality_threshold_200p0,short,370.0,-0.8418870597806731,-0.8566725072767348,-0.004263856607337766,0.518918918918919,0.775085776201476,0.7185691050201184,-0.09349296699395658,0.21472617537964928
short_quality_threshold_300p0,long,157.0,4.08946063431773,-0.2562982919069061,0.011512907806098472,0.6369426751592356,1.7732692611737462,1.0107634788690352,-0.14810811847370753,0.09230243912687061
short_quality_threshold_300p0,short,148.0,0.014783578537700626,-0.46424919617048144,0.001125190400134875,0.5945945945945946,1.0579453222484734,0.7213263560785046,-0.09349296699395658,0.21472617537964928
short_quality_threshold_500p0,long,157.0,4.08946063431773,-0.2562982919069061,0.011512907806098472,0.6369426751592356,1.7732692611737462,1.0107634788690352,-0.14810811847370753,0.09230243912687061
short_quality_threshold_500p0,short,17.0,0.2870096253842238,-0.15958068909548384,0.01727355660645924,0.6470588235294118,1.8316665653659667,0.9990908538359818,-0.07845728412805354,0.21472617537964928
short_quality_threshold_600p0,long,157.0,4.08946063431773,-0.2562982919069061,0.011512907806098472,0.6369426751592356,1.7732692611737462,1.0107634788690352,-0.14810811847370753,0.09230243912687061
short_quality_threshold_600p0,short,6.0,0.3757584344791176,-0.053715171156362485,0.05748088926755479,0.8333333333333334,7.420631791368282,1.4841263582736566,-0.05371517115636236,0.21472617537964928
short_tp_atr_1p0,long,157.0,4.08946063431773,-0.2562982919069061,0.011512907806098472,0.6369426751592356,1.7732692611737462,1.0107634788690352,-0.14810811847370753,0.09230243912687061
short_tp_atr_1p0,short,57.0,0.471663708515933,-0.15127414960827945,0.007826037857494422,0.7368421052631579,1.5493058824425945,0.5533235294437837,-0.07845728412805354,0.21472617537964928
short_tp_atr_2p0,long,157.0,4.08946063431773,-0.2562982919069061,0.011512907806098472,0.6369426751592356,1.7732692611737462,1.0107634788690352,-0.14810811847370753,0.09230243912687061
short_tp_atr_2p0,short,49.0,0.5651629760292458,-0.21709882636687416,0.010999962095447482,0.5714285714285714,1.4993157129174337,1.1244867846880753,-0.07432411099230807,0.21472617537964928
short_tp_atr_2p5,long,157.0,4.08946063431773,-0.2562982919069061,0.011512907806098472,0.6369426751592356,1.7732692611737462,1.0107634788690352,-0.14810811847370753,0.09230243912687061
short_tp_atr_2p5,short,48.0,0.1264374723144155,-0.3853288473338601,0.004595999127801518,0.4791666666666667,1.171017240649522,1.2728448267929588,-0.08654076040510278,0.21472617537964928
short_tp_atr_3p0,long,157.0,4.08946063431773,-0.2562982919069061,0.011512907806098472,0.6369426751592356,1.7732692611737462,1.0107634788690352,-0.14810811847370753,0.09230243912687061
short_tp_atr_3p0,short,48.0,0.16736609247930923,-0.3853288473338601,0.00542200124406107,0.4791666666666667,1.2017527997228217,1.3062530431769799,-0.08654076040510278,0.21472617537964928
short_sl_atr_1p5,long,157.0,4.08946063431773,-0.2562982919069061,0.011512907806098472,0.6369426751592356,1.7732692611737462,1.0107634788690352,-0.14810811847370753,0.09230243912687061
short_sl_atr_1p5,short,54.0,0.037806062951941,-0.4907744667417473,0.004671556057713854,0.6111111111111112,1.206658231774667,0.7678734202202426,-0.459287973210313,0.18601580928759737
short_sl_atr_2p5,long,157.0,4.08946063431773,-0.2562982919069061,0.011512907806098472,0.6369426751592356,1.7732692611737462,1.0107634788690352,-0.14810811847370753,0.09230243912687061
short_sl_atr_2p5,short,52.0,0.6548849777383257,-0.19276016170786636,0.011302036335123129,0.7115384615384616,1.6013386023380158,0.6491913252721687,-0.09764769529667922,0.21472617537964928
short_sl_atr_3p0,long,157.0,4.08946063431773,-0.2562982919069061,0.011512907806098472,0.6369426751592356,1.7732692611737462,1.0107634788690352,-0.14810811847370753,0.09230243912687061
short_sl_atr_3p0,short,52.0,0.5040902484865004,-0.19133016358022348,0.00972835239921463,0.7307692307692307,1.4625568980245705,0.5388367519037891,-0.11683810646530488,0.21472617537964928
short_sl_atr_4p0,long,157.0,4.08946063431773,-0.2562982919069061,0.011512907806098472,0.6369426751592356,1.7732692611737462,1.0107634788690352,-0.14810811847370753,0.09230243912687061
short_sl_atr_4p0,short,52.0,0.3768239199736172,-0.24974778057118374,0.0083857437961631,0.75,1.3730038288428152,0.4576679429476051,-0.1552189288025569,0.21472617537964928
short_time_exit_bars_12,long,157.0,4.08946063431773,-0.2562982919069061,0.011512907806098472,0.6369426751592356,1.7732692611737462,1.0107634788690352,-0.14810811847370753,0.09230243912687061
short_time_exit_bars_12,short,55.0,0.6469746729459074,-0.12900778972892457,0.010085873015266597,0.6,1.6760765612840534,1.117384374189369,-0.07845728412805354,0.1015764870102532
short_time_exit_bars_24,long,157.0,4.08946063431773,-0.2562982919069061,0.011512907806098472,0.6369426751592356,1.7732692611737462,1.0107634788690352,-0.14810811847370753,0.09230243912687061
short_time_exit_bars_24,short,55.0,0.7024574716562244,-0.13378895576779415,0.010860208326428965,0.6545454545454545,1.641416199451568,0.8663029941549941,-0.07845728412805354,0.10005170266910618
short_time_exit_bars_36,long,157.0,4.08946063431773,-0.2562982919069061,0.011512907806098472,0.6369426751592356,1.7732692611737462,1.0107634788690352,-0.14810811847370753,0.09230243912687061
short_time_exit_bars_36,short,54.0,0.721241630920874,-0.13378895576779437,0.011171148030082064,0.6666666666666666,1.676515611877137,0.8382578059385686,-0.07845728412805354,0.08337030782289119
short_time_exit_bars_72,long,157.0,4.08946063431773,-0.2562982919069061,0.011512907806098472,0.6369426751592356,1.7732692611737462,1.0107634788690352,-0.14810811847370753,0.09230243912687061
short_time_exit_bars_72,short,53.0,0.6899521361093437,-0.13378895576779415,0.011067325377504275,0.6792452830188679,1.6566083601600805,0.7822872811867048,-0.07845728412805354,0.11895218031020598
short_trail_atr_1p0,long,157.0,4.08946063431773,-0.2562982919069061,0.011512907806098472,0.6369426751592356,1.7732692611737462,1.0107634788690352,-0.14810811847370753,0.09230243912687061
short_trail_atr_1p0,short,66.0,0.08848399161130072,-0.15195599156509443,0.0018319683003386008,0.45454545454545453,1.1577025382001975,1.389243045840237,-0.07456301911320035,0.10005170266910618
short_trail_atr_1p5,long,157.0,4.08946063431773,-0.2562982919069061,0.011512907806098472,0.6369426751592356,1.7732692611737462,1.0107634788690352,-0.14810811847370753,0.09230243912687061
short_trail_atr_1p5,short,62.0,0.20201068842757852,-0.1642412627616886,0.0037535178644525526,0.43548387096774194,1.2488644127010002,1.6188983127605556,-0.09219107227631529,0.10005170266910618
short_trail_atr_2p0,long,157.0,4.08946063431773,-0.2562982919069061,0.011512907806098472,0.6369426751592356,1.7732692611737462,1.0107634788690352,-0.14810811847370753,0.09230243912687061
short_trail_atr_2p0,short,58.0,0.42359885376821627,-0.17259255695236786,0.0070131310193967,0.5344827586206896,1.436511020081449,1.2511547594257784,-0.07456301911320035,0.10005170266910618
long_only_v6_1,long,157.0,4.08946063431773,-0.2562982919069061,0.011512907806098472,0.6369426751592356,1.7732692611737462,1.0107634788690352,-0.14810811847370753,0.09230243912687061
long_only_v6_1,short,0.0,0.0,0.0,0.0,0.0,inf,inf,0.0,0.0
short_only_rank2,long,0.0,0.0,0.0,0.0,0.0,inf,inf,0.0,0.0
short_only_rank2,short,53.0,0.8345994860134842,-0.13378895576779393,0.01287438188824849,0.6792452830188679,1.763818401589614,0.8329142451950955,-0.07845728412805354,0.21472617537964928
priority_short_first,long,157.0,4.08946063431773,-0.2562982919069061,0.011512907806098472,0.6369426751592356,1.7732692611737462,1.0107634788690352,-0.14810811847370753,0.09230243912687061
priority_short_first,short,53.0,0.8345994860134842,-0.13378895576779393,0.01287438188824849,0.6792452830188679,1.763818401589614,0.8329142451950955,-0.07845728412805354,0.21472617537964928
leverage_1p0,long,157.0,0.7906905780686437,-0.08685916939487337,0.003837635935366157,0.6369426751592356,1.7732692611737466,1.0107634788690358,-0.04936937282456918,0.03076747970895687
leverage_1p0,short,53.0,0.24467018136987906,-0.04509503076427945,0.004291460629416162,0.6792452830188679,1.7638184015896141,0.8329142451950955,-0.026152428042684514,0.07157539179321643
leverage_2p0,long,157.0,2.0806882362742263,-0.17185438731764202,0.007675271870732314,0.6369426751592356,1.7732692611737466,1.0107634788690358,-0.09873874564913836,0.06153495941791374
leverage_2p0,short,53.0,0.5234589036285149,-0.08971757390892221,0.008582921258832324,0.6792452830188679,1.7638184015896141,0.8329142451950955,-0.05230485608536903,0.14315078358643285
leverage_4p0,long,157.0,7.068625279846648,-0.338329348637044,0.015350543741464629,0.6369426751592356,1.7732692611737466,1.0107634788690358,-0.19747749129827671,0.12306991883582748
leverage_4p0,short,53.0,1.1744290595196971,-0.17723424002778554,0.017165842517664648,0.6792452830188679,1.7638184015896141,0.8329142451950955,-0.10460971217073806,0.2863015671728657
