name,start,end,bars,total_return,sharpe,max_drawdown,exposure,trade_count,win_rate,profit_factor,best_trade,worst_trade,slice
buy_hold,2025-05-30 12:00:00+00:00,2026-06-25 18:00:00+00:00,1565,0.7526770473951476,1.0233373730131434,-0.6608695348608357,1.0,0,0.0,0.0,0.0,0.0,full
v10,2025-05-30 12:00:00+00:00,2026-06-25 18:00:00+00:00,1565,3.3898066379967267,2.7961508359966305,-0.2608525761378536,0.45111821086261983,106,0.5566037735849056,2.220338577515132,0.22749308869577112,-0.10446267620587657,full
v10_no_mfeu,2025-05-30 12:00:00+00:00,2026-06-25 18:00:00+00:00,1565,2.5890528047251213,2.706730911960723,-0.26349842440535975,0.3546325878594249,112,0.5625,1.9482301046939814,0.10584841446179971,-0.12802502732618748,full
v10_no_range,2025-05-30 12:00:00+00:00,2026-06-25 18:00:00+00:00,1565,2.7908112914611873,1.78459692007548,-0.3812372935411862,0.954632587859425,142,0.43661971830985913,1.5642704190241723,0.23418799668984214,-0.11441828843986401,full
melt_long,2025-05-30 12:00:00+00:00,2026-06-25 18:00:00+00:00,1565,0.6758314172828979,1.6128563721452598,-0.1967283627549392,0.0926517571884984,22,0.5,3.188893966089038,0.23418799668984214,-0.047875820011202386,full
rs4_w1,2025-05-30 12:00:00+00:00,2026-06-25 18:00:00+00:00,1565,6.240601167594761,3.1195614894708394,-0.29772415250256523,0.5130990415335464,128,0.546875,2.3777584914886325,0.23418799668984214,-0.10446267620587657,full
rs4_w0_5,2025-05-30 12:00:00+00:00,2026-06-25 18:00:00+00:00,1565,4.720614636818144,3.0773970506458705,-0.27914090572215244,0.5130990415335464,128,0.546875,2.3777584914886325,0.23418799668984214,-0.10446267620587657,full
rs4_no_er,2025-05-30 12:00:00+00:00,2026-06-25 18:00:00+00:00,1565,7.564615791522051,2.8755976536228625,-0.39292839481922637,0.6517571884984026,134,0.5373134328358209,2.261179562135435,0.35030239899165627,-0.12461804675858257,full
rs4_melt_both,2025-05-30 12:00:00+00:00,2026-06-25 18:00:00+00:00,1565,2.6477502113344102,2.030576485729308,-0.3598614348124888,0.5546325878594249,145,0.496551724137931,1.7076041408713671,0.23418799668984214,-0.10446267620587657,full
rs4_no_donchian,2025-05-30 12:00:00+00:00,2026-06-25 18:00:00+00:00,1565,7.751644947864444,3.0976265020590383,-0.2930831042113653,0.579552715654952,162,0.5679012345679012,2.2337590450684375,0.23418799668984214,-0.10446267620587657,full
buy_hold,2025-05-30 12:00:00+00:00,2026-05-15 00:00:00+00:00,1398,0.21805375031542296,0.6932954935741211,-0.6608695348608357,1.0,0,0.0,0.0,0.0,0.0,canonical_to_2026_05_15
v10,2025-05-30 12:00:00+00:00,2026-05-15 00:00:00+00:00,1398,2.0959257827517392,2.4393350606991313,-0.2608525761378536,0.4842632331902718,102,0.5392156862745098,1.9536106158246644,0.22749308869577112,-0.10446267620587657,canonical_to_2026_05_15
v10_no_mfeu,2025-05-30 12:00:00+00:00,2026-05-15 00:00:00+00:00,1398,1.7423824174841909,2.3907699292203253,-0.26349842440535975,0.38483547925608014,108,0.5462962962962963,1.769153164270041,0.10584841446179971,-0.12802502732618748,canonical_to_2026_05_15
v10_no_range,2025-05-30 12:00:00+00:00,2026-05-15 00:00:00+00:00,1398,1.4109194312542885,1.452685659564855,-0.3812372935411862,0.9513590844062947,129,0.43410852713178294,1.4404827258336625,0.23418799668984214,-0.10446267620587657,canonical_to_2026_05_15
melt_long,2025-05-30 12:00:00+00:00,2026-05-15 00:00:00+00:00,1398,0.3719823107232463,1.247946100493301,-0.19264666050812396,0.07582260371959942,18,0.4444444444444444,2.5652965781213806,0.23418799668984214,-0.047875820011202386,canonical_to_2026_05_15
rs4_w1,2025-05-30 12:00:00+00:00,2026-05-15 00:00:00+00:00,1398,3.1805936835735222,2.629617707295051,-0.29772415250256523,0.5257510729613734,120,0.525,2.0431290256912016,0.23418799668984214,-0.10446267620587657,canonical_to_2026_05_15
rs4_w0_5,2025-05-30 12:00:00+00:00,2026-05-15 00:00:00+00:00,1398,2.636014715937128,2.617002460853671,-0.27914090572215244,0.5257510729613734,120,0.525,2.0431290256912016,0.23418799668984214,-0.10446267620587657,canonical_to_2026_05_15
rs4_no_er,2025-05-30 12:00:00+00:00,2026-05-15 00:00:00+00:00,1398,2.7206345751091936,2.129332295872836,-0.39292839481922637,0.642346208869814,127,0.5118110236220472,1.8161307103812456,0.2790897706187616,-0.12461804675858257,canonical_to_2026_05_15
rs4_melt_both,2025-05-30 12:00:00+00:00,2026-05-15 00:00:00+00:00,1398,1.4531139608125927,1.686748965190222,-0.3598614348124888,0.5693848354792561,135,0.48148148148148145,1.554034976692179,0.23418799668984214,-0.10446267620587657,canonical_to_2026_05_15
rs4_no_donchian,2025-05-30 12:00:00+00:00,2026-05-15 00:00:00+00:00,1398,3.3618712374418847,2.4537701137127774,-0.2930831042113653,0.5915593705293276,150,0.5466666666666666,1.8893332897656452,0.23418799668984214,-0.10446267620587657,canonical_to_2026_05_15
buy_hold,2026-05-01 00:00:00+00:00,2026-06-01 00:00:00+00:00,124,0.8153133465359466,8.006250592745657,-0.13095020167756533,1.0,0,0.0,0.0,0.0,0.0,may_2026
v10,2026-05-01 00:00:00+00:00,2026-06-01 00:00:00+00:00,124,-0.034422452776352586,-0.404527436246408,-0.1689828756476679,0.46774193548387094,5,0.4,0.9516419346466952,0.0563331247664518,-0.04015846608182594,may_2026
v10_no_mfeu,2026-05-01 00:00:00+00:00,2026-06-01 00:00:00+00:00,124,-0.03186727782845822,-0.3549182225267922,-0.17056802313604846,0.45161290322580644,6,0.5,0.9928151247912275,0.08978284371362322,-0.12802502732618748,may_2026
v10_no_range,2026-05-01 00:00:00+00:00,2026-06-01 00:00:00+00:00,124,-0.052169150653072704,-0.20240354218054146,-0.2652525835026449,0.9758064516129032,11,0.2727272727272727,1.068473392573495,0.1952485431766573,-0.11441828843986401,may_2026
melt_long,2026-05-01 00:00:00+00:00,2026-06-01 00:00:00+00:00,124,0.21054331844201535,4.973248807370546,-0.10284123567456305,0.18548387096774194,2,1.0,inf,0.19093066256942692,0.018402389466463998,may_2026
rs4_w1,2026-05-01 00:00:00+00:00,2026-06-01 00:00:00+00:00,124,0.16887344822921602,2.828175937243323,-0.13242614926932061,0.6532258064516129,7,0.5714285714285714,3.383329644643346,0.19093066256942692,-0.04015846608182594,may_2026
rs4_w0_5,2026-05-01 00:00:00+00:00,2026-06-01 00:00:00+00:00,124,0.06492160679248649,1.5028790714938989,-0.1302219272032018,0.6532258064516129,7,0.5714285714285714,3.383329644643346,0.19093066256942692,-0.04015846608182594,may_2026
rs4_no_er,2026-05-01 00:00:00+00:00,2026-06-01 00:00:00+00:00,124,0.41340136690094886,5.010815203778424,-0.19396081101987706,0.9274193548387096,7,0.5714285714285714,6.299434402308007,0.35030239899165627,-0.04015846608182594,may_2026
rs4_melt_both,2026-05-01 00:00:00+00:00,2026-06-01 00:00:00+00:00,124,0.17719770635042598,2.934565162155032,-0.13325762267722407,0.6532258064516129,8,0.625,3.4781358445524555,0.19093066256942692,-0.04015846608182594,may_2026
rs4_no_donchian,2026-05-01 00:00:00+00:00,2026-06-01 00:00:00+00:00,124,0.21348573433923268,3.3563676844838315,-0.12971534379916583,0.6612903225806451,8,0.5,3.554945715435548,0.19093066256942692,-0.04015846608182594,may_2026
buy_hold,2026-06-10 00:00:00+00:00,2026-06-25 18:00:00+00:00,63,0.09754789139425735,2.4187095519103314,-0.21639747609032167,1.0,0,0.0,0.0,0.0,0.0,post_html_2026_06_10
v10,2026-06-10 00:00:00+00:00,2026-06-25 18:00:00+00:00,63,0.14120694473634576,5.161917150597218,-0.08033364478881799,0.25396825396825395,2,1.0,inf,0.0710343514467826,0.06754590095365565,post_html_2026_06_10
v10_no_mfeu,2026-06-10 00:00:00+00:00,2026-06-25 18:00:00+00:00,63,0.16456891083356417,8.622896658770955,-0.025964626588863338,0.15873015873015872,2,1.0,inf,0.09295979478803118,0.06754590095365565,post_html_2026_06_10
v10_no_range,2026-06-10 00:00:00+00:00,2026-06-25 18:00:00+00:00,63,0.3140127752795585,6.071880076408168,-0.1087462278603909,0.9841269841269841,4,0.75,16.965507436878113,0.20577957526584956,-0.01866479086834083,post_html_2026_06_10
melt_long,2026-06-10 00:00:00+00:00,2026-06-25 18:00:00+00:00,63,0.043454733045290794,2.176403699208866,-0.061357920287841816,0.12698412698412698,1,1.0,inf,0.04444695765506301,0.04444695765506301,post_html_2026_06_10
rs4_w1,2026-06-10 00:00:00+00:00,2026-06-25 18:00:00+00:00,63,0.19079778786929458,5.403422777526615,-0.0803336447888181,0.38095238095238093,3,1.0,inf,0.0710343514467826,0.04444695765506301,post_html_2026_06_10
rs4_w0_5,2026-06-10 00:00:00+00:00,2026-06-25 18:00:00+00:00,63,0.16729975892930593,5.6166103606966065,-0.08033364478881799,0.38095238095238093,3,1.0,inf,0.0710343514467826,0.04444695765506301,post_html_2026_06_10
rs4_no_er,2026-06-10 00:00:00+00:00,2026-06-25 18:00:00+00:00,63,0.2384222133305618,5.419212627678653,-0.11885392277471363,0.6507936507936508,3,1.0,inf,0.08618225032661875,0.06754590095365565,post_html_2026_06_10
rs4_melt_both,2026-06-10 00:00:00+00:00,2026-06-25 18:00:00+00:00,63,0.08574832408493127,2.353795260486976,-0.16146451222880587,0.38095238095238093,4,0.75,2.2761993303868695,0.0710343514467826,-0.0804091309632331,post_html_2026_06_10
rs4_no_donchian,2026-06-10 00:00:00+00:00,2026-06-25 18:00:00+00:00,63,0.29112711021293314,8.78530670933314,-0.06135792028784193,0.36507936507936506,4,1.0,inf,0.07850913096323309,0.04444695765506301,post_html_2026_06_10
