entry_ts,direction,entry_price,allocation,stop_loss_pct,take_profit_pct,ret_16,ret_32,ret_96,exit_ts,exit_reason,both_stop_take_hit,hold_bars,trade_equity_return,exit_price
2025-06-06T12:15:00+00:00,1,34.284,1.1789351015969807,0.035,0.035,-0.017903692457532427,-0.007354218541895774,-0.029056924384027294,2025-06-06T13:45:00+00:00,take,False,6,0.03927962941652341,35.48394
2025-06-06T16:30:00+00:00,1,34.657,1.2110606669902235,0.035,0.035,0.006885531667634837,-0.003020539669754463,0.012622352081811394,2025-06-06T22:00:00+00:00,stop,False,22,-0.04443572367298132,33.444005
2025-06-08T01:15:00+00:00,1,34.623,0.6637912004831028,0.035,0.035,-0.003798014674147754,-0.007880107742564202,0.034263352849802864,2025-06-08T16:45:00+00:00,take,False,62,0.021946075755472805,35.834804999999996
2025-06-08T23:45:00+00:00,1,34.984,1.3799273915446655,0.035,0.035,-0.027871175702336992,-0.006503280038622106,0.001804072048337657,2025-06-09T10:15:00+00:00,take,False,42,0.04581461457335978,36.208439999999996
2025-06-10T14:00:00+00:00,1,40.353,1.550049739678849,0.035,0.035,-0.01827072790969242,0.04152901094362993,0.09141806182890222,2025-06-10T20:30:00+00:00,take,False,26,0.05167436162061234,41.765355
2025-06-11T02:00:00+00:00,1,41.074,1.5523958736601338,0.035,0.035,-0.02106868773535442,0.01948422646379888,0.050700910672260235,2025-06-11T06:30:00+00:00,take,False,18,0.05185594389791315,42.51159
2025-06-11T10:15:00+00:00,1,41.693,1.5544229243529628,0.035,0.035,-0.011358247178222536,0.011646810472423663,0.021661888308951438,2025-06-11T14:15:00+00:00,take,False,16,0.05163274129863371,43.152255
2025-06-11T17:45:00+00:00,1,42.913,1.575907754522104,0.035,0.035,0.0008162694155511296,0.0274871303723212,0.07349593495934936,2025-06-11T21:45:00+00:00,stop,False,16,-0.0574031677489677,41.411044999999994
2025-06-12T07:45:00+00:00,1,41.478,0.7506487905813912,0.035,0.035,-0.009291327298349472,-0.008367600650282192,-0.026383737852682887,2025-06-12T14:45:00+00:00,take,False,28,0.024955085220745854,42.92973
2025-06-13T03:30:00+00:00,-1,38.939,1.3191731161067248,0.035,0.035,-0.053983139379509715,-0.07354270758981685,-0.07354270758981685,2025-06-13T09:45:00+00:00,stop,False,25,-0.04925114576959322,40.301865
2025-06-13T22:00:00+00:00,-1,42.391,0.6732546795235393,0.035,0.035,0.044267625757500983,0.07156218402426684,0.038893245760219575,2025-06-14T12:15:00+00:00,take,False,57,0.022592165423973798,40.907315
2025-06-14T18:15:00+00:00,1,39.584,1.2098399263192605,0.035,0.035,-0.04586979053679463,-0.0570972582835092,-0.027682935815872778,2025-06-15T05:45:00+00:00,take,False,46,0.04022088648026356,40.96944
2025-06-17T05:15:00+00:00,1,42.836,1.19769047858453,0.035,0.035,0.009473535372578556,-0.02877224804443934,-0.014584771106510241,2025-06-17T08:45:00+00:00,stop,False,14,-0.04376634132520685,41.33674
2025-06-18T10:30:00+00:00,1,39.349,0.5483176648269047,0.035,0.035,-0.02150992191774015,-0.01691400589616765,-0.02243366789227874,2025-06-18T13:15:00+00:00,stop,False,11,-0.020213869594624678,37.971785
2025-06-18T17:00:00+00:00,1,38.547,0.26641463740739346,0.035,0.035,0.010671211326691132,-0.05322493491182401,-0.003412704568370617,2025-06-19T00:30:00+00:00,take,False,30,0.008964182906050278,39.896145
2025-06-20T07:45:00+00:00,-1,37.67,1.0930391416049572,0.035,0.035,0.04476370090969617,0.021531619481505615,-0.00449260042283306,2025-06-20T14:30:00+00:00,take,False,27,0.03691266092194612,36.35155
2025-06-21T01:45:00+00:00,-1,34.474,1.0249655675872977,0.035,0.035,0.01182824102609259,0.0039021549213742457,-0.06771593920709629,2025-06-21T15:30:00+00:00,take,False,55,0.034186969866758066,33.26741
2025-06-22T05:45:00+00:00,-1,34.38,0.9810031527658357,0.035,0.035,0.03299080584099534,0.07159554904466559,-0.008993427879626315,2025-06-22T12:30:00+00:00,take,False,27,0.032629483073941756,33.176700000000004
2025-06-23T04:45:00+00:00,1,35.193,0.9573386856832511,0.035,0.035,-0.010125727786684635,0.016257580132832627,0.040843487519224064,2025-06-23T14:00:00+00:00,take,False,37,0.03186751528485798,36.424755
2025-06-24T01:30:00+00:00,1,37.105,0.9886068663827425,0.035,0.035,0.0061281488109763416,0.036452513966480415,0.04169006176305445,2025-06-24T16:45:00+00:00,take,False,61,0.03288516679021458,38.40367499999999
2025-06-25T16:15:00+00:00,1,37.298,1.0193072652961632,0.035,0.035,-0.01945422998054569,-0.011109048969960456,-0.015780029554570363,2025-06-26T23:45:00+00:00,stop,False,126,-0.03751517550890937,35.99257
2025-06-27T20:45:00+00:00,-1,36.389,0.5406457660844576,0.035,0.035,-0.015235981814245347,-0.005031033822765374,-0.028564563923222708,2025-06-28T19:00:00+00:00,stop,False,89,-0.01963358002625082,37.662615
2025-06-29T22:30:00+00:00,-1,39.453,0.356954196623314,0.035,0.035,0.03180165807987034,0.013070049301561193,0.04647091589082519,2025-06-30T02:30:00+00:00,stop,False,16,-0.012971481260431239,40.833855
2025-06-30T08:15:00+00:00,1,39.646,0.18080672497025269,0.035,0.035,-0.024266587911006,-0.003568915250829252,0.03449535539087778,2025-06-30T20:15:00+00:00,take,False,48,0.005987309306604516,41.033609999999996
2025-07-01T01:30:00+00:00,1,39.512,1.572259950457431,0.035,0.035,-0.03087979200902602,-0.02698975571315987,-0.023068364445543277,2025-07-01T18:15:00+00:00,stop,False,67,-0.057880786322187516,38.12908
2025-07-02T08:45:00+00:00,-1,38.515,0.830418865805728,0.035,0.035,0.01967065551201963,0.037441077441077386,-0.005525575150404083,2025-07-02T21:00:00+00:00,stop,False,49,-0.030317865473803884,39.863025
2025-07-03T15:30:00+00:00,1,40.138,0.4443540633597473,0.033756864709608966,0.035,-0.013905267295597601,-0.00998939397676546,0.03235596707818922,2025-07-04T07:00:00+00:00,stop,False,62,-0.015788754411808936,38.783066964285716
2025-07-04T21:15:00+00:00,-1,38.615,0.2225088605858278,0.03370652287847676,0.035,0.010758035807768795,0.005651336007083563,-0.048282151131266215,2025-07-06T22:15:00+00:00,stop,False,196,-0.007904768101149151,39.91657738095238
2025-07-07T15:00:00+00:00,1,39.563,0.24447205517241402,0.030678352970488272,0.035,-0.0011865690482201208,-0.004779513495836718,0.0085912405037476,2025-07-07T21:15:00+00:00,stop,False,25,-0.00796213541142976,38.34927232142857
2025-07-08T07:30:00+00:00,-1,37.825,0.23922299395787466,0.031351501274667154,0.035,0.009420367207515046,-0.019874585406301715,-0.04816427187397754,2025-07-08T19:00:00+00:00,stop,False,46,-0.007865826045628133,39.01087053571429
2025-07-09T00:30:00+00:00,-1,39.204,0.2585640200215921,0.029006355947643805,0.034807627137172566,0.014097622804521537,0.03741730616565242,0.009060022650056787,2025-07-09T18:15:00+00:00,stop,False,71,-0.007941168298625456,40.34116517857143
2025-07-11T21:30:00+00:00,1,45.501,0.2915896320878871,0.02572107912855917,0.030865294954271007,-0.01335733026866448,0.0012763241863433805,0.03833778325460391,2025-07-12T07:15:00+00:00,take,False,39,0.008443999129987168,46.90540178571428
2025-07-12T13:15:00+00:00,1,45.736,2.2454906573636046,0.026720218052674983,0.03206426166320998,-0.02434029481408806,-0.009764652391365591,0.005628847845206675,2025-07-12T22:15:00+00:00,take,False,36,0.06789764275551291,47.202491071428575
2025-07-13T02:00:00+00:00,-1,47.482,2.221096629734903,0.027013682879326706,0.03241641945519205,0.01243096867737048,0.034015679442508606,0.027482039297152205,2025-07-13T15:30:00+00:00,stop,False,54,-0.0627939739275658,48.76466369047618
2025-07-14T00:30:00+00:00,-1,49.43,1.1010295336272329,0.027247225513713485,0.03269667061645618,0.009805924412665812,0.019932320897986244,0.04309107791001954,2025-07-14T14:45:00+00:00,take,False,57,0.03418738031646007,47.81380357142857
2025-07-14T19:15:00+00:00,1,46.7,1.9404692097222151,0.030920356633017232,0.035,-0.025743730963407874,-0.036656558780452486,-0.048375922076863365,2025-07-15T04:45:00+00:00,take,False,38,0.06440037803647303,48.3345
2025-07-15T09:15:00+00:00,1,47.335,1.9102951200348315,0.03140875950042001,0.035,-0.01633382514910331,0.0033703578090553687,-0.026909793602499787,2025-07-17T01:45:00+00:00,stop,False,162,-0.06561253588927174,45.84826636904762
2025-07-17T14:30:00+00:00,-1,46.789,0.8433804736082116,0.035,0.035,0.0027646806686669745,-0.0028769925837524024,-0.014387428378833889,2025-07-17T20:30:00+00:00,take,False,24,0.028581276905019104,45.151385
2025-07-17T23:45:00+00:00,1,45.59,1.60884757778653,0.035,0.035,-0.005345260172357258,-0.025979575268127886,-0.02973162789707784,2025-07-18T05:15:00+00:00,take,False,22,0.05326995723622807,47.18565
2025-07-18T15:00:00+00:00,1,44.555,1.5643815909783605,0.035,0.035,-0.027098436544676363,-0.039762931034482696,-0.040383372819297825,2025-07-20T13:30:00+00:00,take,False,186,0.05048922868958128,46.114425
2025-07-21T02:30:00+00:00,-1,46.233,1.6534706646738717,0.035,0.035,0.002167645719983513,-0.012263123037152712,0.03471196454948289,2025-07-21T19:15:00+00:00,take,False,67,0.05259344158359336,44.614844999999995
2025-07-22T02:00:00+00:00,-1,45.552,1.618270972289528,0.035,0.035,0.017580699206969808,-0.009739130434782584,-0.013791162397973511,2025-07-22T03:30:00+00:00,take,False,6,0.05560715818664397,43.957679999999996
2025-07-22T10:30:00+00:00,-1,44.484,1.5656858231527673,0.035,0.035,0.02095430446856872,-0.022243713733075432,-0.05505990313535558,2025-07-22T23:30:00+00:00,stop,False,52,-0.05900291421734094,46.04094
2025-07-23T07:00:00+00:00,1,44.242,0.7650700977869271,0.035,0.035,-0.02739183960604996,-0.030928286678056804,0.005820033647069511,2025-07-23T16:30:00+00:00,stop,False,38,-0.028089590577704104,42.693529999999996
2025-07-23T19:15:00+00:00,-1,43.658,0.3753877072288589,0.035,0.035,0.015160675254615619,-0.009775681008868387,-0.022830028201799468,2025-07-24T06:15:00+00:00,take,False,44,0.012486042417594323,42.12997
2025-07-24T19:00:00+00:00,-1,42.954,1.4795590809487797,0.035,0.035,-0.013073547319808032,0.008878241262683106,-0.009934309093004412,2025-07-25T01:15:00+00:00,take,False,25,0.05083705275043693,41.45061
2025-07-25T10:00:00+00:00,-1,43.077,1.5282709394715295,0.035,0.035,0.02391195835611226,0.02141129605918346,0.021217580958702742,2025-07-26T04:45:00+00:00,stop,False,75,-0.05587280954850471,44.584694999999996
2025-07-26T10:15:00+00:00,-1,44.754,0.8206402743227195,0.035,0.035,0.006092215003484558,0.011984442836468823,0.04519021929517253,2025-07-27T00:30:00+00:00,take,False,57,0.027969362775260853,43.18761
2025-07-27T07:45:00+00:00,1,43.146,1.6295464163774556,0.035,0.035,-0.0071564995282693555,-0.005004266309987737,-0.025609756097561,2025-07-28T05:45:00+00:00,take,False,88,0.053903976413991694,44.65611
2025-07-28T16:30:00+00:00,-1,45.653,1.7737178978203458,0.033827250699635894,0.035,0.02859138428262442,0.02910148325143136,0.048217114779693704,2025-07-28T20:15:00+00:00,take,False,15,0.05909162117963973,44.055144999999996
2025-07-29T00:15:00+00:00,-1,44.064,1.6919206349962133,0.035,0.035,0.014107845619203196,-0.03379015458831258,0.0015683600409137632,2025-07-29T14:45:00+00:00,take,False,58,0.05390556310455907,42.52176
2025-07-31T00:30:00+00:00,-1,42.439,1.6549467626734238,0.035,0.035,-0.00025912838633690427,-0.014536166260304184,-0.012679136422855009,2025-07-31T09:30:00+00:00,stop,False,36,-0.058533720065107486,43.924364999999995
2025-07-31T19:00:00+00:00,1,42.336,0.8512974126752977,0.035,0.035,-0.037511935615877734,-0.03220939535946965,0.018966015211321796,2025-07-31T23:30:00+00:00,stop,False,18,-0.031064974382310262,40.85424
2025-08-02T00:45:00+00:00,-1,37.905,0.3541751676639215,0.035,0.035,0.007147412052290303,-0.015531257304625568,-0.080734345443081,2025-08-02T17:45:00+00:00,take,False,68,0.011527485370004253,36.578325
2025-08-03T10:00:00+00:00,-1,38.879,1.359189897124427,0.035,0.035,0.031245855547598067,0.04727400064648202,0.013846875977886697,2025-08-04T10:30:00+00:00,take,False,98,0.04341611168369908,37.518235
2025-08-04T13:30:00+00:00,-1,38.226,1.3336266505148404,0.035,0.035,0.011243088807174395,0.01659486197542681,0.009693864074592495,2025-08-05T10:30:00+00:00,stop,False,84,-0.05073422382072634,39.56390999999999
2025-08-05T23:00:00+00:00,-1,38.477,0.7079426670499818,0.035,0.035,-0.0015051252108472246,-0.01794282797345592,-0.010670574925434662,2025-08-06T03:00:00+00:00,take,False,16,0.02417876420802534,37.13030499999999
2025-08-06T14:30:00+00:00,-1,38.171,1.4249846951530023,0.035,0.035,0.02376290733538955,0.018110530246452594,-0.010319168243926535,2025-08-07T14:30:00+00:00,stop,False,96,-0.0531175298481128,39.50698499999999
2025-08-08T17:30:00+00:00,-1,40.921,0.8502232413853522,0.035,0.035,-0.01520949149279227,0.007360543547831222,0.047108495394063477,2025-08-09T07:15:00+00:00,stop,False,55,-0.030901528828706004,42.353235
2025-08-10T15:15:00+00:00,-1,44.892,0.4895851992101918,0.030638181105552796,0.035,0.029373323244135774,0.02843004742159394,0.023296102119899853,2025-08-11T02:15:00+00:00,stop,False,44,-0.015672573889898178,46.26740922619047
2025-08-11T11:15:00+00:00,1,45.065,0.24156985370367406,0.03104692032144047,0.035,-0.029294561120086104,-0.019836004959001174,0.03334021233175122,2025-08-11T18:00:00+00:00,stop,False,27,-0.00794447327707648,43.665870535714284
2025-08-12T21:00:00+00:00,-1,45.376,0.2456023025044031,0.030537172996843307,0.035,0.017581628991747422,0.03202328966521084,0.031085257225958784,2025-08-13T04:30:00+00:00,take,False,30,0.008194088651658271,43.787839999999996
2025-08-13T15:45:00+00:00,1,45.366,1.8635868877512036,0.03219597669116582,0.035,-0.025141825683342,0.02707720172062489,0.02019429702257791,2025-08-13T17:00:00+00:00,take,False,5,0.06251219987551404,46.95381
2025-08-14T20:30:00+00:00,-1,46.304,1.6285850067167955,0.035,0.035,0.036765035152926506,0.01780454565437206,-0.015122833138360048,2025-08-14T21:15:00+00:00,take,False,3,0.05565664087282873,44.68336
2025-08-15T00:00:00+00:00,-1,45.88,1.5961014667817082,0.035,0.035,0.0028634505672255894,0.03932584269662942,-0.039464042709096536,2025-08-15T02:30:00+00:00,stop,False,10,-0.056689716838326354,47.4858
2025-08-15T15:15:00+00:00,1,45.837,0.7506052854955504,0.035,0.035,-0.04890650288417642,-0.05287627076617896,0.014991142604074525,2025-08-15T21:45:00+00:00,take,False,26,0.024893319037577966,47.441295
2025-08-16T04:30:00+00:00,1,47.826,1.5028967839231222,0.035,0.035,-0.0025652255521491085,0.018137693191978554,-0.025490555657436187,2025-08-17T00:15:00+00:00,stop,False,79,-0.055081578732836145,46.15209
2025-08-17T09:15:00+00:00,-1,47.496,0.761570959878151,0.035,0.035,0.010230777411464498,0.035470579258322754,0.004759789299993766,2025-08-18T00:30:00+00:00,take,False,61,0.025858144562414864,45.83364
2025-08-18T03:15:00+00:00,1,44.098,1.4211063013523446,0.035,0.035,-0.04797063903281518,-0.05238954787691252,-0.04889464035371516,2025-08-19T02:00:00+00:00,stop,False,91,-0.05237944166267361,42.55457
2025-08-19T09:00:00+00:00,-1,42.598,0.6813111565084592,0.035,0.035,0.010388994307400479,-0.01189951520493604,-0.019134679591977788,2025-08-19T13:15:00+00:00,stop,False,17,-0.02450068529141214,44.08893
2025-08-20T11:30:00+00:00,1,41.344,0.3337745136513987,0.035,0.035,-0.007299270072992803,-0.006917755572636408,-0.03920429457832719,2025-08-20T15:15:00+00:00,take,False,15,0.011122290397843404,42.791039999999995
2025-08-22T12:15:00+00:00,1,41.234,1.5569252841002206,0.035,0.035,-0.022450866503876066,-0.004081829819095106,0.00831417811903945,2025-08-22T14:00:00+00:00,take,False,7,0.05195000626628832,42.677189999999996
2025-08-23T08:00:00+00:00,1,43.564,1.6912926903245378,0.035,0.035,-0.008557123350022677,-0.032126194179071255,0.0324690714319571,2025-08-24T17:30:00+00:00,take,False,134,0.05527110928488521,45.088739999999994
2025-08-25T02:00:00+00:00,-1,46.708,1.7547814613965447,0.03419229192918925,0.035,0.019936674309422253,0.02564778216952135,0.04792246253253163,2025-08-25T06:30:00+00:00,take,False,18,0.06000552781763813,45.07322
2025-08-25T20:30:00+00:00,1,43.865,1.580431155810327,0.035,0.035,-0.04971837088388209,-0.0427296335901185,-0.03950163130350992,2025-08-26T04:30:00+00:00,take,False,32,0.052132529141107,45.400275
2025-08-26T16:30:00+00:00,-1,47.054,1.6365479262990812,0.035,0.035,0.025432039575479015,0.03499549083870401,0.01936741767764305,2025-08-26T20:00:00+00:00,stop,False,14,-0.05823180562840857,48.70089
2025-08-27T09:00:00+00:00,1,48.622,0.8132206030588495,0.035,0.035,-0.04411591239727908,0.004898212255864509,0.07094557388603762,2025-08-27T14:15:00+00:00,take,False,21,0.027001638394763328,50.323769999999996
2025-08-27T20:00:00+00:00,1,48.538,1.62123047865202,0.035,0.035,-0.033242376561037346,-0.024322585832596277,-0.003735632183908044,2025-08-28T00:15:00+00:00,stop,False,17,-0.05912415406137128,46.839169999999996
2025-08-28T08:00:00+00:00,-1,48.974,0.7997341876222603,0.035,0.035,0.00568823541491259,0.03734299209929892,-0.014786054839164064,2025-08-28T16:45:00+00:00,take,False,35,0.026936901792399714,47.25991
2025-08-30T03:45:00+00:00,-1,44.591,1.4172722987300657,0.035,0.035,0.003578501980554538,0.02087959889191593,-0.02418154761904756,2025-09-01T21:30:00+00:00,take,False,263,0.04456977060299061,43.030315
2025-09-02T01:00:00+00:00,-1,43.163,1.557427835051546,0.035,0.035,-0.0038771318455610437,-0.010953002910107479,-0.033519928347514605,2025-09-02T06:00:00+00:00,stop,False,20,-0.055126465176428385,44.67370499999999
2025-09-02T15:15:00+00:00,-1,44.694,0.8318655766310143,0.035,0.035,0.009600397569405228,0.0009630243443594644,0.0111307180670559,2025-09-03T16:45:00+00:00,stop,False,102,-0.030616225665597185,46.25829
2025-09-03T19:30:00+00:00,1,45.757,0.4811953552910246,0.03117237071194936,0.035,-0.004785001196250249,0.0009187356447555306,0.04123335988167032,2025-09-05T13:00:00+00:00,take,False,166,0.015959606611801735,47.35849499999999
2025-09-05T20:30:00+00:00,-1,47.036,2.2876168028708417,0.02622816895063154,0.031473802740757846,0.005859458534707596,0.0017250559045896008,0.046360562377647296,2025-09-06T19:30:00+00:00,take,False,92,0.06928459003731091,45.555598214285716
2025-09-06T22:45:00+00:00,-1,46.193,2.2952619184058256,0.02614080751257922,0.03136896901509507,0.008514726109643433,-0.016542473919523126,-0.02123106261256491,2025-09-07T09:00:00+00:00,stop,False,41,-0.061722893544249646,47.400522321428575
2025-09-07T17:00:00+00:00,1,47.05,1.1805247174789666,0.025412428520823843,0.03049491422498861,-0.0013584072674789338,-0.007969975541873953,0.019855204404560567,2025-09-08T03:00:00+00:00,take,False,40,0.03398012514110049,48.484785714285714
2025-09-11T02:45:00+00:00,1,55.536,2.2337277184512034,0.026860928261033586,0.032233113913240304,-0.00975340120892243,0.00838871336746938,0.02737901435548329,2025-09-11T10:15:00+00:00,stop,False,30,-0.06320128696826677,54.04425148809524
2025-09-12T08:00:00+00:00,1,56.248,1.0507215210985719,0.028551808826218567,0.03426217059146228,-0.006219081272084925,-0.012829287983292081,0.015325186375205302,2025-09-13T17:00:00+00:00,stop,False,132,-0.03186487259324111,54.642017857142854
2025-09-14T04:00:00+00:00,1,53.899,0.4697019698364739,0.031935143906725,0.035,-0.016226180915528854,-0.018697884426319034,-0.03420656536697242,2025-09-15T17:00:00+00:00,stop,False,148,-0.01584075351907055,52.17772767857143
2025-09-15T19:30:00+00:00,-1,53.348,0.22567517751926275,0.03323360629398344,0.035,0.014336236072555852,-0.001908325537886002,-0.01998677345874056,2025-09-17T06:30:00+00:00,stop,False,140,-0.007921143745349468,55.12094642857143
2025-09-17T18:15:00+00:00,-1,55.531,0.26140167651248036,0.02869147627537087,0.03442977153044504,0.012637222364054068,0.01387595625422211,0.029362151741524123,2025-09-17T22:15:00+00:00,stop,False,16,-0.00789000765419523,57.124266369047625
2025-09-18T20:00:00+00:00,-1,58.687,0.27809429252401013,0.02696926978230761,0.03236312373876914,0.015556863016543243,0.013364874898554646,0.04354706781891249,2025-09-19T05:30:00+00:00,take,False,38,0.00871909051280384,56.787705357142855
2025-09-19T11:30:00+00:00,1,55.719,2.1140795724018515,0.028381145527002424,0.03405737463240291,-0.019463264408271064,-0.0308222156511454,-0.04017157327177823,2025-09-20T18:45:00+00:00,stop,False,125,-0.06664369854224739,54.13763095238095
2025-09-20T23:30:00+00:00,1,54.102,1.061835627640725,0.028252960457407616,0.03390355254888914,0.0011843517524705582,-0.028898621481907028,-0.03384109863028384,2025-09-21T10:45:00+00:00,stop,False,45,-0.03221542445801995,52.57345833333333
2025-09-22T10:00:00+00:00,-1,49.016,0.46280275575246954,0.03241121582262739,0.035,0.011494252873563093,-0.01909145487292374,-0.07329892424328366,2025-09-22T19:30:00+00:00,take,False,38,0.015403672214703068,47.300439999999995
2025-09-23T06:45:00+00:00,-1,48.694,1.7810191496502996,0.03368857657245342,0.035,0.06965709641280227,0.028971113412082916,-0.013732479948148746,2025-09-23T15:00:00+00:00,take,False,33,0.06013644899091841,46.98971
2025-09-23T18:30:00+00:00,1,45.769,1.6446150308798766,0.035,0.035,-0.039455182690087964,-0.04592262152922544,-0.04618109825987293,2025-09-24T03:45:00+00:00,stop,False,37,-0.06065220984660391,44.167085
2025-09-24T11:45:00+00:00,-1,45.909,0.7645274309528042,0.035,0.035,0.03163973843284418,0.03962952059602798,-0.044617401619045594,2025-09-25T02:15:00+00:00,take,False,58,0.024916010336152983,44.302184999999994
2025-09-26T06:00:00+00:00,1,42.08,1.2503845856225342,0.035,0.035,-0.015764606820414473,0.006361505715788862,-0.010464432686654868,2025-09-26T13:45:00+00:00,take,False,31,0.04102968433492071,43.5528
2025-09-28T06:15:00+00:00,1,44.217,1.216047800775535,0.035,0.035,-0.021899263388413304,-0.049382981467945175,-0.01307948128473535,2025-09-28T17:00:00+00:00,take,False,43,0.0402418012365926,45.76459499999999
2025-09-29T11:00:00+00:00,1,46.102,1.2889494289696493,0.035,0.035,-0.01688915426280546,-0.014261583527550359,0.04793944491169033,2025-09-29T14:45:00+00:00,take,False,15,0.04264596243706209,47.71556999999999
2025-09-29T17:15:00+00:00,1,45.154,1.2543987653130124,0.035,0.035,-0.01734456268633977,-0.05462387203483854,-0.005352776615194732,2025-09-29T20:15:00+00:00,take,False,12,0.04177422714665613,46.73439
2025-10-01T08:15:00+00:00,-1,45.991,1.3033840833611556,0.035,0.035,0.01646554391548416,0.021772455621958953,0.02061604012249796,2025-10-01T11:45:00+00:00,stop,False,14,-0.04712095928887694,47.600685
2025-10-01T23:45:00+00:00,-1,47.233,0.6813987527237207,0.035,0.035,0.002951543721068317,-2.1171190244362315e-05,0.044515701017249,2025-10-02T03:00:00+00:00,stop,False,13,-0.02480183574783068,48.886154999999995
2025-10-02T07:30:00+00:00,1,48.696,0.3533509316881967,0.035,0.035,-0.00703492995656696,0.03421471806307741,0.06965403624382205,2025-10-02T19:00:00+00:00,take,False,46,0.011621775398703127,50.40035999999999
2025-10-04T13:30:00+00:00,-1,48.68,1.5484630768441858,0.035,0.035,0.0030288669565037285,-0.007806289872205219,-0.004234254505287693,2025-10-05T04:30:00+00:00,stop,False,60,-0.0560756350556344,50.383799999999994
2025-10-05T10:15:00+00:00,1,49.464,0.786381174689294,0.035,0.035,-0.022875429655090707,-0.0004243710215217078,0.017673078901347727,2025-10-05T19:00:00+00:00,stop,False,35,-0.02893335619796278,47.73276
2025-10-06T11:30:00+00:00,1,48.418,0.3965222308432893,0.035,0.035,-0.0038473408085587524,-0.0001239055014042867,-0.01581429384502797,2025-10-07T01:15:00+00:00,stop,False,55,-0.014602220448451164,46.723369999999996
2025-10-08T08:00:00+00:00,-1,46.43,0.2003143297380585,0.035,0.035,0.014397762775556489,0.03251200853940572,0.01688604656256154,2025-10-09T08:15:00+00:00,take,False,97,0.006618219077274556,44.80495
2025-10-09T22:00:00+00:00,-1,44.244,1.588260294340227,0.035,0.035,0.0326766875175053,-0.005864509605662316,-0.044962980551298326,2025-10-10T15:30:00+00:00,take,False,70,0.05163891098805817,42.69546
2025-10-11T10:15:00+00:00,-1,40.671,1.1217322174301156,0.035,0.035,0.036652817780949754,0.04914099984522524,-0.08307782487149429,2025-10-11T12:45:00+00:00,take,False,10,0.03797483465498752,39.247515
2025-10-11T21:00:00+00:00,1,35.884,0.9530365315451796,0.035,0.035,-0.06483894506410925,-0.08398427528462749,-0.00019503496698325407,2025-10-11T21:15:00+00:00,take,False,1,0.03170975144250887,37.139939999999996
2025-10-12T05:15:00+00:00,-1,38.477,0.9966898740479709,0.035,0.035,0.04576957573451468,0.05131287740102186,-0.01663770190145175,2025-10-12T08:45:00+00:00,take,False,14,0.03402880908142958,37.13030499999999
2025-10-13T04:15:00+00:00,1,38.752,0.9635217789453234,0.035,0.035,-0.023854505151263194,-0.04183562456730294,0.018048075660055396,2025-10-13T06:30:00+00:00,take,False,9,0.03203308669153082,40.10832
2025-10-13T10:30:00+00:00,1,41.309,1.0030828083784007,0.035,0.035,0.017513177989063378,0.043420055569588056,0.11465191581219636,2025-10-13T11:15:00+00:00,stop,False,3,-0.036763179960446424,39.863184999999994
2025-10-13T19:00:00+00:00,-1,41.697,0.4955150314776825,0.035,0.035,0.04357293022324549,0.03115958157133325,0.04501140322297692,2025-10-13T21:00:00+00:00,stop,False,8,-0.017889054086276723,43.156394999999996
2025-10-14T02:45:00+00:00,1,41.613,0.2445718350509452,0.035,0.035,-0.03555287737270263,0.006701180568995602,0.046946939391652176,2025-10-14T05:30:00+00:00,stop,False,11,-0.009045824330750185,40.156545
2025-10-14T15:15:00+00:00,-1,38.891,0.11112753743972649,0.035,0.035,0.022129359510105306,-0.0103315774741074,-0.026264396594892325,2025-10-14T16:15:00+00:00,stop,False,4,-0.004033319304883709,40.252185
2025-10-15T07:45:00+00:00,-1,40.122,0.11269879256198116,0.035,0.035,0.032103719709831724,0.018583396801218566,0.03516602595526197,2025-10-15T15:15:00+00:00,take,False,30,0.003701331150899767,38.717729999999996
2025-10-16T10:45:00+00:00,-1,38.545,0.8433228605381823,0.035,0.035,0.013195594458901727,0.017904771965035593,-0.04378566112627136,2025-10-16T15:45:00+00:00,take,False,20,0.027803638618896898,37.195925
2025-10-17T06:15:00+00:00,1,36.391,0.7767235306261809,0.035,0.035,-0.006036272260461106,-0.0069313685359532196,-0.03780968245154803,2025-10-17T07:00:00+00:00,stop,False,3,-0.028527705210236842,35.117315
2025-10-17T11:00:00+00:00,-1,35.032,0.36668247803783915,0.035,0.035,0.009887860705122486,-0.056961343813933585,-0.09165867192159105,2025-10-17T14:30:00+00:00,take,False,14,0.012118551774598751,33.805879999999995
2025-10-18T23:30:00+00:00,-1,36.665,0.978548790658882,0.035,0.035,0.012565589616128081,0.031016253304088748,0.03958150216904377,2025-10-19T13:30:00+00:00,stop,False,56,-0.03596199757121221,37.948274999999995
2025-10-20T13:30:00+00:00,-1,38.97,0.5820511642724313,0.035,0.035,0.015240328253223856,0.012102638686889655,0.02834072197593418,2025-10-20T17:30:00+00:00,take,False,16,0.019722889194898396,37.606049999999996
2025-10-20T20:00:00+00:00,-1,38.227,1.1586116318752764,0.035,0.035,-0.011507033512618947,-0.004971627882763396,0.009693608029582634,2025-10-21T04:00:00+00:00,take,False,32,0.0391888628349788,36.889055
2025-10-21T16:15:00+00:00,-1,38.219,1.2229157960312511,0.035,0.035,0.048676087254767575,0.07362773189505045,-0.007814122533748802,2025-10-21T17:15:00+00:00,take,False,4,0.041769551609422306,36.881335
2025-10-22T12:00:00+00:00,-1,35.968,1.1678166576745608,0.035,0.035,0.031695493789978046,0.02086112451395028,-0.004153053878952262,2025-10-23T01:00:00+00:00,stop,False,52,-0.04469184423208483,37.22688
2025-10-23T18:30:00+00:00,1,39.237,0.6394518461631736,0.035,0.035,-0.03323806238604432,-0.0010947046843177155,0.09975334940299363,2025-10-24T06:45:00+00:00,take,False,49,0.021157756421198437,40.610295
2025-10-24T10:00:00+00:00,1,39.987,1.3567348340135483,0.035,0.035,-0.007914454423658901,0.0032616604360589108,0.01851757514009189,2025-10-25T12:00:00+00:00,take,False,104,0.04476522507769842,41.386545
2025-10-25T15:00:00+00:00,1,40.745,1.461209997331673,0.035,0.035,9.818119339244369e-05,0.015249296090498854,0.031806325812251623,2025-10-25T18:00:00+00:00,take,False,12,0.04887759566624528,42.171074999999995
2025-10-26T03:00:00+00:00,1,43.892,1.5492785895000394,0.035,0.035,-0.0092993860599494,0.02200386522923603,0.10578691456931977,2025-10-26T09:15:00+00:00,take,False,25,0.05174190047725791,45.42822
2025-10-26T14:30:00+00:00,1,47.12,1.6278834874923414,0.035,0.035,0.016744346625237272,0.06483469300128819,0.1509526135808501,2025-10-27T04:30:00+00:00,take,False,56,0.0534001712745531,48.76919999999999
2025-10-28T20:00:00+00:00,1,46.283,1.4251962257090158,0.035,0.035,-0.03232348575132238,-0.03849509722453048,-0.005137354369975422,2025-10-28T22:15:00+00:00,take,False,9,0.047606911972528865,47.902905
2025-10-29T12:30:00+00:00,-1,49.071,1.4839997899868738,0.035,0.035,0.041603871707244666,0.02112119194273343,0.02543152087599787,2025-10-29T15:00:00+00:00,take,False,10,0.05057083721812683,47.353514999999994
2025-10-29T17:45:00+00:00,-1,48.001,1.4314508803266133,0.035,0.035,-0.009267285861713215,0.012358958135611164,-0.001227632126508671,2025-10-29T18:30:00+00:00,take,False,3,0.048004010840285494,46.320964999999994
2025-10-29T23:30:00+00:00,1,47.67,1.3907019517754098,0.035,0.035,-0.008156131663268229,0.024742578301339302,-0.0003355282472843335,2025-10-30T07:45:00+00:00,take,False,33,0.04605796755826974,49.338449999999995
2025-10-31T01:00:00+00:00,-1,46.006,1.2478427484048475,0.035,0.035,0.04291252011878588,0.015338438789697761,-0.03751124500512559,2025-10-31T03:45:00+00:00,take,False,11,0.04257348709302189,44.39579
2025-10-31T17:15:00+00:00,1,42.493,1.1084664270718427,0.035,0.035,-0.03482033343933133,-0.04197948371096816,-0.04014004969505314,2025-10-31T22:00:00+00:00,take,False,19,0.03686931784993974,43.980255
2025-11-01T04:30:00+00:00,-1,44.004,1.1172698494661573,0.035,0.035,0.006703118208231329,0.008548967477252312,-0.03141027052012946,2025-11-02T00:30:00+00:00,take,False,80,0.036930332801067944,42.46386
2025-11-02T04:30:00+00:00,-1,43.091,1.0928739322421972,0.035,0.035,0.015387153023233902,-0.01224068767908304,-0.02074811380783559,2025-11-02T10:30:00+00:00,take,False,24,0.03691643581702886,41.582815
2025-11-02T14:15:00+00:00,1,41.952,1.0762775089477452,0.035,0.035,-0.002923351158645393,-0.02778614632337617,-0.022530813858663956,2025-11-03T04:00:00+00:00,stop,False,55,-0.03949483068887627,40.48368
2025-11-03T20:00:00+00:00,1,39.784,0.5118905305617075,0.035,0.035,-0.0005024620641141953,-0.045099968797254086,-0.03661371561410309,2025-11-04T05:30:00+00:00,stop,False,38,-0.01866953874604549,38.39156
2025-11-04T15:00:00+00:00,-1,39.566,0.2540037639596091,0.035,0.035,0.044536550595316804,0.05371647713654171,-0.04047532436037338,2025-11-04T16:45:00+00:00,take,False,7,0.008569072307703873,38.18119
2025-11-04T23:15:00+00:00,-1,38.982,0.9660622138084907,0.035,0.035,0.018471587197909978,-0.021904403462551736,-0.023007518796992477,2025-11-05T01:30:00+00:00,take,False,9,0.03250597852829995,37.61763
2025-11-06T04:30:00+00:00,-1,41.12,1.0528859196789186,0.035,0.035,0.005870841487279677,0.00048661800486615725,0.012383977152423897,2025-11-06T07:15:00+00:00,take,False,11,0.03596969577044695,39.6808
2025-11-06T14:15:00+00:00,1,39.941,1.054882876391541,0.035,0.035,0.0031898327221580036,-0.006714580587401375,-0.025044548050870086,2025-11-06T16:15:00+00:00,stop,False,8,-0.038631301916702276,38.543065
2025-11-06T19:00:00+00:00,-1,38.98,0.5206096240033654,0.035,0.035,-0.010333358722421249,-0.023913860022536704,-0.060066070265968996,2025-11-07T07:45:00+00:00,stop,False,51,-0.019769288811630092,40.3443
2025-11-07T10:15:00+00:00,1,39.482,0.2669322002635929,0.035,0.035,-0.004262187586694055,0.031157773773146324,-0.008338775305169022,2025-11-07T12:30:00+00:00,stop,False,9,-0.009843360908324161,38.10013
2025-11-07T14:45:00+00:00,-1,40.392,0.13669494450301153,0.035,0.035,0.029200428069102502,0.022271714922049046,0.024735520207017414,2025-11-07T17:15:00+00:00,stop,False,10,-0.004959581240371658,41.80572
2025-11-08T05:45:00+00:00,1,41.341,0.13982252971986323,0.035,0.035,-0.027133242340095065,-0.03438208020928224,0.042464129914012716,2025-11-08T15:30:00+00:00,stop,False,39,-0.005138321575390625,39.894065
2025-11-09T10:30:00+00:00,1,39.667,0.13547261534083013,0.035,0.035,-0.01286581724069269,-0.0036921685839151897,-0.03319603207487387,2025-11-09T14:15:00+00:00,take,False,15,0.0044635869841294085,41.055344999999996
2025-11-10T12:15:00+00:00,1,41.934,1.1724584489071341,0.035,0.035,-0.02069126576366187,-0.02114845938375365,0.05208490139997002,2025-11-11T05:30:00+00:00,stop,False,69,-0.04304816652077903,40.46630999999999
2025-11-11T14:00:00+00:00,1,39.95,0.6019282222986206,0.035,0.035,-0.005427205735909046,-0.003715803386617922,-0.04466975943373652,2025-11-11T21:30:00+00:00,stop,False,30,-0.022142095706844,38.55175
2025-11-12T16:00:00+00:00,1,37.804,0.3242714229793898,0.035,0.035,-0.06321397596332534,-0.047110125274115844,-0.046701634052854435,2025-11-13T05:45:00+00:00,take,False,55,0.010828466473707055,39.12714
2025-11-13T22:30:00+00:00,-1,38.28,1.3365687985209378,0.035,0.035,0.027623419505516722,-0.003955037468776013,0.0006535093451836005,2025-11-14T04:30:00+00:00,take,False,24,0.04502285982168308,36.9402
2025-11-14T10:30:00+00:00,-1,37.674,1.3291295822341231,0.035,0.035,0.033977385003842286,-0.014904298713523723,-0.030444964871194413,2025-11-14T12:30:00+00:00,take,False,8,0.0456671792240102,36.35541
2025-11-15T01:45:00+00:00,-1,38.068,1.3736122138497622,0.035,0.035,0.00483040781311872,0.03310898827616149,0.008103384354642085,2025-11-15T09:15:00+00:00,stop,False,30,-0.048888099757465886,39.40037999999999
2025-11-16T10:30:00+00:00,-1,40.219,0.7585757228461972,0.035,0.035,0.029356060606060552,0.037160245500025946,0.026649649010848764,2025-11-16T13:30:00+00:00,take,False,12,0.02591552570828859,38.811335
2025-11-16T16:45:00+00:00,1,37.913,1.4365816425302385,0.035,0.035,-0.030457242225859327,-0.030457242225859327,-0.03025885001023121,2025-11-17T12:00:00+00:00,take,False,77,0.047549213137725976,39.239954999999995
2025-11-18T21:15:00+00:00,-1,39.12,1.4156446973402563,0.035,0.035,0.019280875455966573,-0.02718026508840432,0.017478152309612804,2025-11-19T05:45:00+00:00,take,False,34,0.048333505562344614,37.7508
2025-11-20T15:00:00+00:00,1,38.666,1.4263876008710128,0.035,0.035,-0.01518007233457297,-0.014150582596058281,0.010400334483118945,2025-11-21T03:15:00+00:00,stop,False,49,-0.052367018770758,37.312689999999996
2025-11-22T01:15:00+00:00,-1,34.059,0.6032828920489738,0.035,0.035,0.0012052442824386222,0.007483878601431737,-0.11242279727933702,2025-11-22T10:15:00+00:00,take,False,36,0.02011343910494201,32.866935
2025-11-24T05:45:00+00:00,1,31.594,1.025169166140214,0.035,0.035,-0.03435417812824748,-0.021221227423402267,-0.0038780464734999853,2025-11-24T12:45:00+00:00,stop,False,28,-0.03765786093287515,30.48821
2025-11-25T12:15:00+00:00,1,32.722,0.5335540206085506,0.035,0.035,0.010936727632229415,-0.001464754348489472,0.05422210767099456,2025-11-25T23:00:00+00:00,take,False,43,0.017869578252900586,33.86727
2025-11-26T10:00:00+00:00,1,33.799,1.1121385709564084,0.035,0.035,-0.028903893118804813,-0.010625841578361883,0.02356076436207255,2025-11-26T17:30:00+00:00,take,False,30,0.03691783358922529,34.981964999999995
2025-11-27T07:00:00+00:00,1,35.39,1.173009334423925,0.035,0.035,-0.01852570858062008,-0.019721899063763648,0.026630308656300672,2025-11-28T01:45:00+00:00,stop,False,75,-0.04291525649714634,34.15135
2025-11-28T10:00:00+00:00,-1,35.808,0.6292180461613555,0.035,0.035,0.022413842332181577,0.04655852696185869,0.01973515591627506,2025-11-28T17:30:00+00:00,take,False,30,0.02112156688177813,34.554719999999996
2025-11-29T04:30:00+00:00,1,34.401,1.2849464732366183,0.035,0.035,-0.020835112287592827,-0.0021175378546148815,-0.025550236523808056,2025-11-29T07:15:00+00:00,take,False,11,0.04269246944377003,35.605035
2025-11-29T15:00:00+00:00,1,34.762,1.2896434443764577,0.035,0.035,-0.01860478247367381,-0.023072815670404312,-0.033905841809793724,2025-11-30T05:45:00+00:00,stop,False,59,-0.04722145610396011,33.54533
2025-11-30T21:00:00+00:00,1,33.291,0.6699908258254511,0.035,0.035,-0.004187729951242836,-0.003531982399952227,-0.032463380609160764,2025-11-30T23:30:00+00:00,stop,False,10,-0.024675997215681367,32.125814999999996
2025-12-01T07:15:00+00:00,-1,30.847,0.31708767546565647,0.035,0.035,0.0,-0.04282123685108741,-0.09158641811703039,2025-12-01T13:30:00+00:00,take,False,25,0.01053477211640974,29.767355000000002
2025-12-01T21:30:00+00:00,-1,30.666,1.2576444286222856,0.035,0.035,0.0326643318965516,0.03695938863152204,-0.07548990051251137,2025-12-02T06:30:00+00:00,stop,False,36,-0.04624127459036809,31.73931
2025-12-03T01:30:00+00:00,1,33.562,0.7168692998813355,0.035,0.035,0.02102156916430875,0.016568226563683064,0.09475813028019697,2025-12-03T03:30:00+00:00,take,False,8,0.023767164489759907,34.73667
2025-12-03T12:15:00+00:00,1,33.642,1.4331323521643122,0.035,0.035,-0.016804512376888514,-0.022801870624800213,0.0575254620897776,2025-12-03T20:45:00+00:00,take,False,34,0.04751946972815757,34.81947
2025-12-04T12:45:00+00:00,1,34.435,1.460072245445224,0.035,0.035,-0.011539455176967084,-0.026957529175732575,0.013360407286424847,2025-12-04T19:15:00+00:00,stop,False,26,-0.05333201529122755,33.229775000000004
2025-12-06T14:45:00+00:00,-1,31.093,0.7025485356914695,0.035,0.035,0.010628616004680458,-0.005533167018486496,-0.003780718336483857,2025-12-07T08:15:00+00:00,take,False,70,0.02364833995449911,30.004745
2025-12-07T16:45:00+00:00,-1,29.36,1.3350195381882766,0.035,0.035,-0.017764544511725933,-0.016118762776046403,-0.05576638579790316,2025-12-08T01:15:00+00:00,stop,False,34,-0.049340158760307395,30.387599999999996
2025-12-08T06:00:00+00:00,-1,30.373,0.6909848502801427,0.035,0.035,0.01132088036493184,0.04424809186550238,-0.017055016181229732,2025-12-08T15:00:00+00:00,take,False,36,0.022939580445163754,29.309945
2025-12-08T18:45:00+00:00,1,29.075,1.3386056761802532,0.035,0.035,-0.020384097035040405,-0.048032217929408705,-0.006899614031492307,2025-12-09T04:30:00+00:00,stop,False,39,-0.04901805500104006,28.057374999999997
2025-12-09T16:00:00+00:00,-1,28.895,0.6887367356952414,0.035,0.035,0.029684270543795854,0.02726820250284412,-0.022661931337730534,2025-12-09T21:00:00+00:00,take,False,20,0.02320027246399259,27.883675
2025-12-10T07:15:00+00:00,-1,29.324,1.4128248642254126,0.035,0.035,0.023310999441652713,0.05137858090423442,0.03823820988528537,2025-12-11T02:15:00+00:00,take,False,76,0.04521462672503107,28.29766
2025-12-11T08:15:00+00:00,1,27.97,1.3597183506149022,0.035,0.035,-0.016491437814269205,-0.025469495836382028,-0.04372799070053679,2025-12-11T13:15:00+00:00,stop,False,20,-0.04962002829565859,26.991049999999998
2025-12-12T02:30:00+00:00,-1,29.376,0.7095261121161658,0.035,0.035,0.01759733961479859,0.03498573089525436,0.028067473927346542,2025-12-12T21:15:00+00:00,take,False,75,0.021687406793899466,28.34784
2025-12-13T05:30:00+00:00,1,28.088,1.3390736633007783,0.035,0.035,-0.019855532679624477,-0.017214835549335117,-0.044983169562408665,2025-12-13T12:00:00+00:00,take,False,26,0.04466141420969083,29.07108
2025-12-13T23:45:00+00:00,-1,29.576,1.3847651075293794,0.035,0.035,0.02367437352900459,0.014474857652466255,0.034559955225969,2025-12-14T22:30:00+00:00,take,False,91,0.04408351053914017,28.54084
2025-12-15T13:45:00+00:00,1,28.697,1.3961039600376461,0.035,0.035,-0.023612670545405057,-0.013340209730101527,-0.025337092008287265,2025-12-15T15:30:00+00:00,stop,False,7,-0.05099439459108712,27.692604999999997
2025-12-17T16:15:00+00:00,1,26.068,0.6345841695345048,0.035,0.035,-0.044848307196247994,-0.026259758694109236,-0.03861331366402354,2025-12-17T18:30:00+00:00,stop,False,9,-0.0233564072007445,25.15562
2025-12-18T10:30:00+00:00,-1,24.44,0.30265138392363544,0.035,0.035,0.011212710496917522,0.0046037487668531,-0.09931822369633314,2025-12-18T17:15:00+00:00,take,False,27,0.00963576484649109,23.584600000000002
2025-12-19T05:00:00+00:00,-1,23.396,1.135744564039587,0.035,0.035,0.046379533968424314,0.015848204593808424,-0.04138326640989909,2025-12-19T10:30:00+00:00,stop,False,22,-0.04087395500476532,24.214859999999998
2025-12-20T12:15:00+00:00,-1,24.759,0.6150622158145724,0.035,0.035,-0.017109964271536326,0.0047072190885850684,0.010860245784509948,2025-12-20T23:30:00+00:00,take,False,45,0.0205205940530222,23.892435
2025-12-21T05:00:00+00:00,-1,24.03,1.211263407925991,0.035,0.035,0.00296339580116034,-0.04297263929268391,-0.023686669646121872,2025-12-22T00:00:00+00:00,stop,False,76,-0.04434599151192309,24.87105
2025-12-22T17:15:00+00:00,-1,25.039,0.6608879811468972,0.035,0.035,0.005057600449564603,-0.01129318854886463,0.03245093188190684,2025-12-23T05:00:00+00:00,take,False,47,0.02221944680833765,24.162635
2025-12-23T17:30:00+00:00,-1,24.486,1.359518476442278,0.035,0.035,0.004430223972434089,0.016353976423709282,-0.026246719160105014,2025-12-24T08:15:00+00:00,take,False,59,0.04502113869396873,23.628989999999998
2025-12-24T22:30:00+00:00,-1,25.101,1.5483635028456029,0.035,0.035,0.03177408747122645,0.04196762141967625,0.04604934155692608,2025-12-25T23:30:00+00:00,take,False,100,0.0516583378339901,24.222465
2025-12-26T02:00:00+00:00,-1,24.792,1.7415626813014498,0.03445181769464806,0.035,-0.0020127203928829163,-0.015174386271549878,-0.004497269514937341,2025-12-26T23:15:00+00:00,stop,False,85,-0.06247049444541486,25.646129464285714
2025-12-27T15:45:00+00:00,-1,25.949,1.0080097114504551,0.029761618027302643,0.035,-0.005633047210300335,0.0004626595211474349,0.03874944958168203,2025-12-28T19:15:00+00:00,take,False,110,0.03344453390913249,25.040785
2025-12-29T18:30:00+00:00,1,25.856,2.1350083863238405,0.028102934107584875,0.033723520929101844,-0.0030845157310301907,0.005561389180570142,0.02153214017620808,2026-01-01T15:15:00+00:00,stop,False,275,-0.0664782685548927,25.129370535714287
2026-01-02T01:00:00+00:00,-1,24.43,1.006136403101092,0.029817030680467028,0.035,0.011426678810962931,-0.0012673234945422829,-0.06236806754941471,2026-01-03T06:00:00+00:00,stop,False,116,-0.03238148774738803,25.15843005952381
2026-01-03T22:45:00+00:00,-1,25.375,0.4920880748771127,0.030482348111658453,0.035,0.014959401623934943,0.027203173703598704,0.03664515074760999,2026-01-04T15:45:00+00:00,stop,False,68,-0.015684447622709707,26.148489583333333
2026-01-04T19:00:00+00:00,1,25.873,0.24523248204009482,0.030583224284186673,0.035,0.0001159644375725577,0.02491681191570283,0.039118036868950545,2026-01-04T21:30:00+00:00,take,False,10,0.008079096805777342,26.778555
2026-01-05T04:00:00+00:00,1,26.242,1.9524966138288653,0.030729886840796822,0.035,-0.011414579016764015,0.009307692307692239,0.038628987572231654,2026-01-05T19:15:00+00:00,take,False,61,0.06404393246993467,27.16047
2026-01-06T12:15:00+00:00,-1,27.22,1.901405727551498,0.03155560074874916,0.035,0.023847137591213485,0.027945619335347338,0.0376243662562421,2026-01-06T23:30:00+00:00,stop,False,45,-0.06483309516234959,28.07894345238095
2026-01-07T13:00:00+00:00,1,26.8,0.8581789302307112,0.0349577447583511,0.035,-0.017343159901734295,-0.025702548442214757,-0.016333272160029333,2026-01-08T10:00:00+00:00,stop,False,84,-0.03149084616437281,25.86313244047619
2026-01-08T12:45:00+00:00,1,25.963,0.3975347130976342,0.035,0.035,-0.016254925735071146,-0.021335142674054786,-0.03148431379863459,2026-01-09T19:15:00+00:00,stop,False,122,-0.014541001379887564,25.054295
2026-01-10T00:45:00+00:00,1,24.661,0.19361394490268014,0.035,0.035,-0.015135782747603743,-0.04024129208017124,-0.037055837563451655,2026-01-12T11:00:00+00:00,stop,False,233,-0.007044786316610985,23.797865
2026-01-12T20:00:00+00:00,-1,23.99,0.21445857500133012,0.034971788840588366,0.035,0.016525423728813493,-0.00162303882808279,-0.020216459056565328,2026-01-13T18:45:00+00:00,stop,False,91,-0.007803084781624725,24.82897321428571
2026-01-14T21:45:00+00:00,1,25.932,0.258937245539827,0.02896454692859714,0.03475745631431657,-0.008298596504646483,0.00414327202323328,0.04792693768689893,2026-01-15T02:45:00+00:00,stop,False,20,-0.007993734645891704,25.180891369047618
2026-01-15T23:15:00+00:00,-1,24.663,0.24118421358997247,0.031096562616450708,0.035,0.001299175835329569,-0.005203291384317521,-0.04495817843866179,2026-01-17T14:30:00+00:00,stop,False,157,-0.007872363893062118,25.429934523809525
2026-01-18T06:15:00+00:00,-1,25.888,0.2621991077529037,0.028604216331155462,0.034325059597386555,0.017570064069808655,0.014937076096757762,0.03997107620616247,2026-01-18T21:30:00+00:00,take,False,61,0.00866480189928831,24.99939285714286
2026-01-19T16:30:00+00:00,-1,23.966,1.901921231326391,0.031547047801846285,0.035,-0.0014998750104157077,-0.006673021925643341,-0.0663446180217383,2026-01-20T07:00:00+00:00,take,False,58,0.06472310332958298,23.12719
2026-01-22T01:15:00+00:00,-1,22.039,1.71469020811022,0.03499174353256889,0.035,0.009296574464187746,0.06329907849664695,0.026741206615420454,2026-01-22T14:45:00+00:00,take,False,54,0.05762203959407408,21.267635000000002
2026-01-22T21:15:00+00:00,-1,21.448,1.723362614587485,0.03481565602742403,0.035,-0.005056362202532694,-0.02117561153705727,-0.017768822128594874,2026-01-23T15:45:00+00:00,stop,False,74,-0.06280327899184313,22.19472619047619
2026-01-24T19:15:00+00:00,-1,23.521,0.8971994361560219,0.03343738169133561,0.035,0.014098473743209494,0.008922060652854613,0.04380047927576114,2026-01-25T08:30:00+00:00,take,False,53,0.030345308782958158,22.697765
2026-01-26T00:45:00+00:00,-1,22.111,1.6892121947060275,0.035,0.035,0.0063262333879483545,-0.005263631455821538,-0.04935723805838599,2026-01-26T16:15:00+00:00,stop,False,62,-0.06337316532907467,22.884885
2026-01-28T12:30:00+00:00,1,33.438,0.9046818093365633,0.03316083034984434,0.035,-0.001940124764946316,-0.017367539451644265,0.21117067516661847,2026-01-28T13:30:00+00:00,take,False,4,0.030045358556263668,34.60833
2026-01-30T04:00:00+00:00,-1,29.372,1.170953588166663,0.035,0.035,-0.031458154718723264,-0.08338534515041807,-0.06225656088372389,2026-01-30T11:15:00+00:00,stop,False,29,-0.04378205359777565,30.400019999999998
2026-01-30T21:45:00+00:00,1,31.094,0.5583783153028367,0.035,0.035,0.05185886810324414,0.060070912314196034,-0.02358298005966397,2026-01-31T10:00:00+00:00,stop,False,49,-0.020273502349910433,30.00571
2026-01-31T22:30:00+00:00,-1,30.458,0.24045224501304013,0.035,0.035,0.06151326107412958,0.05107322796604308,-0.021555462751775,2026-02-01T00:00:00+00:00,stop,False,6,-0.008740102399006244,31.524029999999996
2026-02-01T05:00:00+00:00,1,31.291,0.11854522494080505,0.035,0.035,-0.01850632037890909,0.056771361026680234,0.004075214991656972,2026-02-01T13:15:00+00:00,stop,False,33,-0.004304630491392292,30.195815
2026-02-02T01:00:00+00:00,1,30.569,0.10669586354476136,0.035,0.035,0.04548719176442417,0.034029022764942685,-0.041153037859540165,2026-02-02T01:45:00+00:00,take,False,3,0.0035223563379711553,31.638914999999997
2026-02-03T11:00:00+00:00,1,36.029,0.8775484280186906,0.035,0.035,-0.03485132601125085,0.0026995435823222724,0.15521995639348485,2026-02-03T15:00:00+00:00,stop,False,16,-0.032191891991752875,34.767985
2026-02-03T17:45:00+00:00,1,32.306,0.38626718304262475,0.035,0.035,-0.10700168615418637,-0.12841957589165287,-0.011988500825738657,2026-02-03T19:00:00+00:00,take,False,5,0.012865908533826076,33.43671
2026-02-03T23:15:00+00:00,1,33.206,0.7769851928584487,0.035,0.035,-0.02475843637111208,-0.02974520804114056,-0.008953620247119876,2026-02-04T16:00:00+00:00,take,False,67,0.026223981734979862,34.36821
2026-02-05T06:00:00+00:00,-1,33.539,0.7792127044126631,0.035,0.035,-0.004511590632513163,-0.04368281486128134,0.006240436830578178,2026-02-05T08:15:00+00:00,stop,False,9,-0.028097629049109507,34.712865
2026-02-05T23:00:00+00:00,-1,34.205,0.3909752370692711,0.035,0.035,0.047113206391967255,0.08223122191988841,-0.024720574817518326,2026-02-05T23:45:00+00:00,take,False,3,0.013229670867760168,33.007825
2026-02-06T11:00:00+00:00,-1,33.882,0.7501488028070408,0.035,0.035,0.002515016125691716,-0.030779792894330305,-0.00047200424803839347,2026-02-06T15:30:00+00:00,take,False,18,0.024944189190722055,32.69613
2026-02-06T22:45:00+00:00,-1,32.85,0.7286245925762932,0.035,0.035,-0.00030432136335967197,-0.02048483764200726,-0.025338238784713973,2026-02-07T01:15:00+00:00,take,False,10,0.02486229907061621,31.70025
2026-02-07T11:15:00+00:00,1,32.491,0.7152399780520365,0.035,0.035,-0.00887682264657419,-0.0063610507966603835,-0.0450283631660936,2026-02-07T16:45:00+00:00,stop,False,22,-0.026266875720826532,31.353814999999997
2026-02-09T11:45:00+00:00,1,31.369,0.38354760236897417,0.035,0.035,-0.03262713171122833,-0.05289695359439639,-0.021186969545681555,2026-02-10T06:00:00+00:00,stop,False,73,-0.013948822925347826,30.271085
2026-02-12T01:15:00+00:00,-1,30.077,0.23999316060699613,0.035,0.035,-0.0034458765448460715,0.015840313428802988,0.034960944220777,2026-02-12T11:00:00+00:00,stop,False,39,-0.00881213427169203,31.129694999999998
2026-02-12T16:45:00+00:00,1,29.984,0.12694625426320116,0.035,0.035,-0.03249330450776022,-0.01426786770990851,0.023554311463098276,2026-02-12T23:45:00+00:00,take,False,28,0.004210946383174319,31.03344
2026-02-13T02:45:00+00:00,-1,31.345,1.1601426506024093,0.035,0.035,0.029493874601767,0.06024218644297119,0.017232426818978297,2026-02-13T09:15:00+00:00,take,False,26,0.03940637080078968,30.247925
2026-02-14T11:00:00+00:00,-1,32.022,1.3859763301540948,0.035,0.035,0.011050770396564769,0.005621329648588302,0.04832056570418386,2026-02-14T17:45:00+00:00,take,False,27,0.047072910579103455,30.901229999999998
2026-02-14T20:15:00+00:00,-1,31.6,1.4000999983516753,0.035,0.035,0.01561997814488647,-0.003720285011665214,0.015456794884154412,2026-02-15T19:00:00+00:00,take,False,91,0.0454902269346944,30.494
2026-02-16T00:00:00+00:00,-1,30.854,1.4419144031109277,0.035,0.035,0.00816886681479545,0.0009083241419580723,-0.027362713574175745,2026-02-16T05:00:00+00:00,take,False,20,0.04961982189070557,29.774109999999997
2026-02-16T15:30:00+00:00,1,29.862,1.4442075566750623,0.035,0.035,-0.002171951749256551,0.010079826816398185,-0.03371731814651835,2026-02-16T23:15:00+00:00,take,False,31,0.048306357675476974,30.907169999999997
2026-02-17T06:45:00+00:00,1,30.26,1.504687274543537,0.035,0.035,-0.02418574653337635,-0.015166308663672412,0.014007104081495969,2026-02-17T14:45:00+00:00,stop,False,32,-0.05487531504190657,29.2009
2026-02-18T03:30:00+00:00,-1,29.365,0.7458952341953569,0.035,0.035,-0.007838632293813652,-0.008742911153119093,-0.04992235020059543,2026-02-18T22:15:00+00:00,take,False,75,0.024869959211141213,28.337224999999997
2026-02-19T11:45:00+00:00,1,28.388,1.541606330179467,0.035,0.035,-0.027275219298245612,-0.012144621915996634,-0.01734224099138071,2026-02-19T21:15:00+00:00,take,False,38,0.05137904913152136,29.38158
2026-02-19T23:45:00+00:00,1,29.0,1.6478248002367566,0.035,0.035,0.011369184627188389,0.022819454731421773,0.011439732142857206,2026-02-20T16:00:00+00:00,take,False,65,0.0544237772205165,30.014999999999997
2026-02-22T04:30:00+00:00,1,29.614,1.8993962840417404,0.03158898461795741,0.035,0.0,-0.00457142857142856,-0.021283627470421007,2026-02-23T00:30:00+00:00,stop,False,80,-0.06267328588947563,28.67852380952381
2026-02-23T06:45:00+00:00,-1,27.797,0.9283626062322943,0.03231495947661363,0.035,0.010212240151184826,-0.04082125603864739,-0.05960959437058089,2026-02-23T14:00:00+00:00,take,False,29,0.031436879194024714,26.824105
2026-02-23T22:00:00+00:00,-1,26.524,1.7575868852459007,0.034137714899713484,0.035,0.02086059579709043,-0.01125773503317673,-0.08357806723560102,2026-02-25T01:00:00+00:00,stop,False,108,-0.06403615775456017,27.42946875
2026-02-25T12:45:00+00:00,-1,27.589,0.911412835617897,0.032915928794947626,0.035,0.02154996852667823,0.012886408693736584,0.04634581105169322,2026-02-25T16:45:00+00:00,stop,False,16,-0.03086633671218486,28.497117559523808
2026-02-25T23:15:00+00:00,1,28.179,0.4604456548169039,0.03257713444155477,0.035,-0.016817277833990563,0.0023833238474673113,0.029557910120569852,2026-02-26T09:30:00+00:00,take,False,41,0.015350733873257028,29.165264999999994
2026-02-26T11:45:00+00:00,1,28.441,1.7981044609956869,0.03336847291217744,0.035,0.007224563515954241,0.014699061686110682,0.04658693652253909,2026-02-27T04:15:00+00:00,take,False,66,0.05892604766109155,29.436434999999996
2026-02-27T08:30:00+00:00,-1,29.49,1.8111342467422669,0.03312841116439796,0.035,0.014517682675106558,0.047490498348311094,0.047044203799041284,2026-02-27T11:30:00+00:00,take,False,12,0.06202838335326932,28.457849999999997
2026-02-27T17:00:00+00:00,1,27.32,1.6750566821012294,0.035,0.035,-0.02810387762362143,-0.07555916489019732,-0.033604527767951864,2026-02-28T06:30:00+00:00,stop,False,54,-0.06103247596098893,26.363799999999998
2026-02-28T11:00:00+00:00,-1,27.53,0.8189414351271194,0.035,0.035,0.03449571621824754,0.020196405410413343,-0.04927996684739444,2026-02-28T16:30:00+00:00,stop,False,22,-0.029605448114543353,28.49355
2026-03-02T05:00:00+00:00,1,30.912,0.37220906772422946,0.035,0.035,-0.0515172900494002,-0.016825164594001407,-0.001647127216355071,2026-03-02T14:45:00+00:00,take,False,39,0.012438774343551895,31.993919999999996
2026-03-02T19:00:00+00:00,1,32.173,1.491677956843964,0.035,0.035,-0.002016254110056348,0.05724425750057516,0.0190035790073797,2026-03-03T05:00:00+00:00,take,False,40,0.04938138836622663,33.299055
2026-03-03T16:00:00+00:00,-1,32.369,1.426218273612432,0.035,0.035,0.00393896160287821,-0.005163352491010187,-0.0036628909135680843,2026-03-03T21:00:00+00:00,take,False,20,0.0481548557529905,31.236085
2026-03-04T09:30:00+00:00,-1,32.869,1.3890930130180494,0.035,0.035,0.05535398940439884,0.044820242220032336,0.03244754366126412,2026-03-04T20:45:00+00:00,take,False,45,0.04460900920070654,31.718584999999997
2026-03-05T05:00:00+00:00,-1,31.807,1.3373218697046327,0.035,0.035,-0.0071482082657011725,0.011866132213526726,0.02283178441650313,2026-03-05T17:30:00+00:00,take,False,50,0.04450648311133798,30.693754999999996
2026-03-06T07:00:00+00:00,-1,30.999,1.3216659669974677,0.035,0.035,0.010858931715906905,0.013403511066069518,-0.02543385311871227,2026-03-06T14:00:00+00:00,take,False,28,0.04458618941877712,29.914035
2026-03-06T20:00:00+00:00,-1,30.728,1.3204371356403675,0.035,0.035,0.03402093078036161,0.015700922222589453,0.005826513911620257,2026-03-09T12:00:00+00:00,stop,False,256,-0.052489878159924674,31.80348
2026-03-10T00:15:00+00:00,1,34.183,0.8480912665448304,0.035,0.035,0.0024340175953079246,0.018351356987517553,0.10445880452342493,2026-03-11T12:15:00+00:00,take,False,144,0.028271170550887792,35.379405
2026-03-12T03:30:00+00:00,1,36.022,1.7991812303347126,0.033348502634633334,0.035,-0.006262241717012951,-0.004697170645446502,0.04962265800285537,2026-03-12T05:45:00+00:00,take,False,9,0.06026577579582826,37.28276999999999
2026-03-12T20:00:00+00:00,1,36.941,1.7880471062772358,0.033556162916155874,0.035,-0.010049308607567808,-0.010844534889947854,0.02250332152347223,2026-03-13T01:30:00+00:00,take,False,22,0.059922572557201015,38.233935
2026-03-13T18:15:00+00:00,-1,36.674,1.7273170612044648,0.034735950537165286,0.035,-0.020825546003097162,-0.014298769015750223,-0.021113038836247267,2026-03-14T13:15:00+00:00,stop,False,76,-0.06183028563934989,37.94790625
2026-03-15T05:15:00+00:00,1,37.586,0.8566948676348385,0.035,0.035,-0.005424571988039473,-0.008127935820974264,0.01170897149471073,2026-03-16T07:15:00+00:00,take,False,104,0.028542398534094016,38.901509999999995
2026-03-16T14:15:00+00:00,1,38.779,1.767104360208856,0.03395385204805251,0.035,-0.005845104724792827,0.01827587112359863,0.03887162451778825,2026-03-16T20:30:00+00:00,take,False,25,0.05903883223235251,40.136265
2026-03-17T09:30:00+00:00,1,40.546,1.8549510339545574,0.032345867304155416,0.035,0.0021255561047948124,-0.0005176621391771441,0.036240032713146686,2026-03-17T21:15:00+00:00,take,False,47,0.06147996363637165,41.965109999999996
2026-03-18T02:00:00+00:00,-1,42.115,1.8903331310983593,0.031740437181639825,0.035,0.007535885167464285,0.044829810459462216,0.04026182536742007,2026-03-18T12:30:00+00:00,take,False,42,0.06438017787391526,40.640975
2026-03-18T22:15:00+00:00,1,41.84,1.764079054689952,0.03401208117090046,0.035,-0.021652714773418014,0.03056725535111715,0.005696704564574606,2026-03-19T07:00:00+00:00,stop,False,35,-0.06281243621168531,40.41693452380953
2026-03-20T02:00:00+00:00,-1,39.962,0.8096009647271634,0.035,0.035,0.022987917263977087,-0.0020477474777742533,-0.03288884586529839,2026-03-20T19:15:00+00:00,take,False,69,0.026697292413130125,38.56333
2026-03-21T23:00:00+00:00,1,39.741,1.5665688545185248,0.035,0.035,-0.01244967943939157,-0.0045837090471896325,5.032839276286616e-05,2026-03-22T06:00:00+00:00,stop,False,28,-0.05707712910799245,38.350065
2026-03-22T09:30:00+00:00,1,38.007,0.7351006346328198,0.035,0.035,-0.01480118202084102,-0.02481141273669618,-0.037724384130440325,2026-03-23T11:00:00+00:00,take,False,102,0.02475702451317341,39.337244999999996
2026-03-23T13:45:00+00:00,-1,38.92,1.4722825123256704,0.035,0.035,0.05194875398670207,0.017862279990584984,0.016692353909250057,2026-03-23T16:00:00+00:00,take,False,9,0.05035293053422629,37.5578
2026-03-23T23:00:00+00:00,1,37.231,1.4259628964691806,0.035,0.035,-0.010839820399054179,-0.021472876366694704,-0.03793379673893371,2026-03-24T07:30:00+00:00,take,False,34,0.04755273340837474,38.534085
2026-03-25T07:15:00+00:00,1,40.11,1.5844839174267882,0.035,0.035,0.002674799390045779,-0.005405673477484663,0.04314582195521566,2026-03-25T11:30:00+00:00,take,False,17,0.05299976910337678,41.51385
2026-03-25T23:15:00+00:00,-1,40.418,1.7178390264213392,0.034927603271998106,0.035,0.001015429576243898,-0.0011614975905104297,0.0022317000595120096,2026-03-26T05:30:00+00:00,take,False,25,0.059512823784694246,39.00337
2026-03-27T02:30:00+00:00,1,38.738,1.7881226108907315,0.033554745985853694,0.035,-0.006870737835204865,0.0033931670422462368,-0.022705484635955342,2026-03-28T12:45:00+00:00,take,False,137,0.0582892541015021,40.09383
2026-03-28T18:15:00+00:00,1,39.732,1.9243289629367144,0.03117970012176823,0.035,-0.004410143329658278,0.012435021914178002,0.04024086922372039,2026-03-29T22:00:00+00:00,stop,False,111,-0.062395928031553805,38.493168154761904
2026-03-30T06:45:00+00:00,1,38.257,0.963275677093416,0.031143732488421047,0.035,-0.002503063645608039,0.00015685864421843831,-0.03855143122816718,2026-03-30T19:00:00+00:00,stop,False,49,-0.03159605929560205,37.06553422619047
2026-03-31T00:30:00+00:00,-1,37.003,0.4958460045464818,0.03025132775592198,0.035,0.004151967435549464,-0.024825405191724825,-0.019710175643097405,2026-03-31T11:45:00+00:00,take,False,45,0.01682357039969551,35.707895
2026-03-31T22:30:00+00:00,1,36.338,2.006571246618962,0.029901754099735545,0.035,-0.008485906846025792,-0.003045351038437172,-0.02311952255497607,2026-04-01T06:30:00+00:00,take,False,32,0.06723894485056148,37.609829999999995
2026-04-01T11:30:00+00:00,-1,37.181,2.065596880532954,0.02904729406084266,0.034856752873011196,-0.008612414675767899,0.021624443589602693,0.03811145856600384,2026-04-01T22:30:00+00:00,take,False,44,0.06974797371940711,35.88499107142857
2026-04-02T02:30:00+00:00,1,35.32,1.9675086003232893,0.03049541943051286,0.035,-0.018507197243372353,-0.024120686320559193,-0.024928912569362027,2026-04-05T23:00:00+00:00,take,False,370,0.06343557996104687,36.5562
2026-04-06T07:15:00+00:00,-1,37.017,2.458470980653771,0.025,0.029286495779931213,0.0011088273474686439,0.003905296558457616,0.03886955545577031,2026-04-07T12:45:00+00:00,take,False,118,0.06519759505610767,35.932901785714286
2026-04-07T17:15:00+00:00,-1,36.397,2.559655067762024,0.025,0.028128790049415354,0.007334218974869966,-0.006767635420930729,-0.018869450359867423,2026-04-07T20:00:00+00:00,stop,False,11,-0.06660467674298365,37.30692499999999
2026-04-08T15:15:00+00:00,1,38.652,1.3234558239070635,0.025,0.02720151239632764,-0.01713878858770279,-0.010394797480669737,0.06903418519747762,2026-04-09T15:30:00+00:00,take,False,97,0.03347832818048402,39.70339285714286
2026-04-10T07:45:00+00:00,1,40.027,2.5251138491867935,0.025,0.028513565843055914,-0.0027654591658776706,0.014574673020379292,0.033621691413815435,2026-04-10T11:30:00+00:00,take,False,15,0.06871346762441521,41.168312500000006
2026-04-10T19:45:00+00:00,1,41.667,2.5465745662899897,0.025,0.02827327381380948,-0.0008872050642624307,0.013647642679900818,0.04105036977813303,2026-04-11T19:15:00+00:00,take,False,94,0.06698718348163668,42.8450625
2026-04-12T04:45:00+00:00,1,40.844,2.2724144031019526,0.02640363479394303,0.031684361752731635,-0.04375716994825929,-0.039371560280351825,-0.02603967951163677,2026-04-13T13:15:00+00:00,take,False,130,0.06664076042358769,42.13811607142857
2026-04-14T16:45:00+00:00,1,43.267,2.118389391814356,0.028323404673307608,0.033988085607969135,-0.036541373474659244,-0.03786969090504777,0.0035021801651360374,2026-04-15T16:00:00+00:00,take,False,93,0.06930692992008725,44.7375625
2026-04-15T19:30:00+00:00,-1,45.085,2.2339576638299175,0.0268581634161927,0.03222979609943124,0.01501643477869341,0.022196526549675744,0.041224018475750634,2026-04-16T17:30:00+00:00,take,False,88,0.06734918413019964,43.63191964285714
2026-04-17T09:15:00+00:00,-1,44.366,2.1959699484409523,0.0273227782750841,0.032787333930100915,0.024382359732163517,0.015054452274183339,-0.019124052088169696,2026-04-19T09:15:00+00:00,take,False,192,0.06238756290434799,42.91135714285714
2026-04-19T12:00:00+00:00,-1,43.448,2.1063417379071536,0.02848540619985795,0.03418248743982954,0.008354994430003648,-0.001424959779360968,-0.021110735608876774,2026-04-19T17:45:00+00:00,take,False,23,0.07068899669700568,41.96283928571429
2026-04-20T23:15:00+00:00,1,40.598,1.9836540959767341,0.030247208987541005,0.035,-0.013893611853291299,-0.01790120470269485,-0.00842634882641724,2026-04-21T18:30:00+00:00,stop,False,77,-0.06337814384023355,39.37002380952381
2026-04-22T10:45:00+00:00,-1,40.968,1.020334521375494,0.02940212192326646,0.035,0.012455516014235002,0.013808463251670622,-0.0025321386832878323,2026-04-26T22:45:00+00:00,stop,False,432,-0.033068494904240575,42.172546130952384
2026-04-27T16:30:00+00:00,1,41.583,0.6821489263017431,0.025,0.026387199782878273,-0.01601987695220064,-0.015996592441846702,0.0073157142511082185,2026-04-28T06:45:00+00:00,stop,False,57,-0.01823638151838891,40.543425
2026-04-28T19:45:00+00:00,-1,40.098,0.3444704438535492,0.025,0.026127060131249838,0.00921171851404412,-0.0005234427577955891,-0.03573489803770691,2026-04-30T09:15:00+00:00,take,False,150,0.008266154400658365,39.050357142857145
2026-04-30T23:45:00+00:00,-1,39.699,2.896447315563762,0.025,0.025,0.011774600504625532,0.012109932694268855,-0.005859815190443984,2026-05-01T09:15:00+00:00,stop,False,38,-0.07535249955105461,40.691475
2026-05-02T08:15:00+00:00,-1,41.987,1.4693154194657096,0.025,0.025,0.013297615599961343,0.02247710890317567,0.045336852063934785,2026-05-03T03:00:00+00:00,take,False,75,0.0347418567124429,40.937325
2026-05-03T06:15:00+00:00,1,40.827,2.836957587246878,0.025,0.02537930081283743,-0.003976579653574119,-0.012409288824383302,-0.010158560830141217,2026-05-04T02:00:00+00:00,take,False,79,0.06668965341380884,41.863160714285705
2026-05-04T07:00:00+00:00,1,41.869,2.8884806611400564,0.025,0.025,-0.008078654347311143,0.005596118743395051,0.023291621859419465,2026-05-05T05:30:00+00:00,take,False,90,0.06454103832844105,42.915724999999995
2026-05-06T03:00:00+00:00,-1,43.978,2.8989135733845584,0.025,0.025,0.0015486221817355705,-0.004797465489929764,0.04428561251869967,2026-05-07T00:30:00+00:00,take,False,86,0.06706251164861454,42.87855
2026-05-07T05:45:00+00:00,-1,42.93,2.8513216871339955,0.025,0.025251447539183403,0.006612267867191823,-0.006640905199342795,-0.024451211198472933,2026-05-09T01:30:00+00:00,stop,False,175,-0.07944507907139042,44.003249999999994
2026-05-09T12:00:00+00:00,-1,43.845,1.4179396194937264,0.025,0.02538895133831845,-0.0002280241705620023,-0.010538905939700305,0.029515356438433393,2026-05-10T00:45:00+00:00,take,False,51,0.0342423767300617,42.73182142857143
2026-05-10T17:45:00+00:00,-1,43.661,2.7824674717076547,0.025,0.025876313283839464,0.017146185206756037,0.017786376987272146,0.01631750465549353,2026-05-10T20:45:00+00:00,take,False,12,0.06947226714911547,42.531214285714285
2026-05-10T23:15:00+00:00,-1,42.935,2.6822525391033527,0.025,0.02684311001680282,-0.01522970710337379,0.0008158508158508937,-0.0009075254805229749,2026-05-11T07:00:00+00:00,take,False,31,0.06914788407095385,41.78249107142857
2026-05-11T11:45:00+00:00,1,41.44,2.6306140185150193,0.025,0.027370035852178717,-0.010033444816053505,-0.018521150111316498,-0.032069698456076545,2026-05-12T14:30:00+00:00,stop,False,107,-0.07000035078606737,40.403999999999996
2026-05-13T04:45:00+00:00,1,40.244,1.3505777067518974,0.025,0.026655260056512427,-0.001563003944724306,-0.0012656657153493622,-0.020493598792776124,2026-05-13T11:45:00+00:00,stop,False,28,-0.03588685743364872,39.237899999999996
2026-05-13T18:15:00+00:00,-1,39.274,0.6757451544350462,0.025,0.02663726092871331,0.0007899497999643845,-0.00640068813722261,-0.02572498821661584,2026-05-14T03:45:00+00:00,take,False,38,0.017152620616463832,38.227848214285714
2026-05-15T10:15:00+00:00,1,45.365,2.564985486110138,0.025,0.02807033427280313,-0.007286970983412799,-0.005393435793996981,0.1603785650338918,2026-05-15T12:45:00+00:00,stop,False,10,-0.06849140059261327,44.230875
2026-05-15T21:45:00+00:00,1,43.861,1.1361288979686235,0.026405454569142128,0.031686545482970556,-0.013583717530642248,0.010133345616176515,0.0007757774887626745,2026-05-16T04:30:00+00:00,stop,False,27,-0.03179972835853773,42.70283035714286
2026-05-17T02:45:00+00:00,1,41.445,0.4960202318830255,0.030240701963014666,0.035,-0.009369696679972339,-0.0006510416666667407,-0.04363577625992243,2026-05-17T07:30:00+00:00,take,False,19,0.01639883610295101,42.895574999999994
2026-05-17T23:30:00+00:00,1,45.31,1.9715413296497544,0.030433041954367267,0.035,-0.02577995656754606,0.04015059342072047,0.0837897959671825,2026-05-18T00:45:00+00:00,take,False,5,0.06629067585180093,46.895849999999996
2026-05-18T06:15:00+00:00,1,45.206,1.893966406026757,0.03167954817417831,0.035,-0.011458561119614963,-0.026823387582881164,0.0617469525800316,2026-05-18T21:00:00+00:00,take,False,59,0.0620412434723141,46.78821
2026-05-20T09:30:00+00:00,-1,48.874,1.700309914449531,0.035,0.035,0.01402547823561151,0.032556567299769856,0.01767829255596043,2026-05-20T13:15:00+00:00,stop,False,15,-0.06049616071512143,50.58459
2026-05-21T11:45:00+00:00,1,57.2,0.8320210106315818,0.035,0.035,-0.02012847965738751,0.007911754858945352,0.15009550618276868,2026-05-21T13:15:00+00:00,take,False,6,0.027688574352117357,59.202
2026-05-22T13:15:00+00:00,-1,61.075,1.5609728886832286,0.035,0.035,0.020365543972199918,0.05618579877563734,0.03236984448951996,2026-05-22T15:00:00+00:00,take,False,7,0.05328352688777316,58.937375
2026-05-23T06:15:00+00:00,1,55.172,1.3544334484081322,0.035,0.035,0.004789743029375737,-0.006268011527377659,-0.04983983742637699,2026-05-23T15:00:00+00:00,take,False,35,0.04501566668046064,57.103019999999994
2026-05-24T21:15:00+00:00,1,61.823,1.3059554884949085,0.035,0.035,-0.024011745390250083,-0.03078997287848617,0.05348987799059368,2026-05-26T00:45:00+00:00,stop,False,110,-0.04817456327535774,59.659195
2026-05-26T16:00:00+00:00,1,62.306,0.6339577206392629,0.035,0.035,0.025039484074756535,0.043214734198409266,0.003462659644714927,2026-05-26T20:15:00+00:00,stop,False,17,-0.023150821849352243,60.12528999999999
2026-05-27T06:30:00+00:00,-1,62.192,0.3050615383118085,0.035,0.035,0.03684438664932821,0.04818566396440427,0.024444883705607268,2026-05-27T14:00:00+00:00,take,False,30,0.01015001237089197,60.01528
2026-05-27T20:00:00+00:00,-1,60.299,1.167346393178152,0.035,0.035,0.0008465011286682422,-0.03754130021867175,-0.003552896850315679,2026-05-27T22:45:00+00:00,take,False,11,0.03970567051212348,58.188534999999995
