variant,date,equity
baseline_v18_24h5,2025-05-30,1.0
baseline_v18_24h5,2025-06-06,1.1929094206778992
baseline_v18_24h5,2025-06-13,1.140439820753353
baseline_v18_24h5,2025-06-20,1.2954719218313462
baseline_v18_24h5,2025-06-27,1.1531478136003244
baseline_v18_24h5,2025-07-04,1.098377583786565
baseline_v18_24h5,2025-07-11,1.1712340947056297
baseline_v18_24h5,2025-07-18,1.3742334805689786
baseline_v18_24h5,2025-07-25,1.461226752159983
baseline_v18_24h5,2025-08-01,1.4197520612879975
baseline_v18_24h5,2025-08-08,1.5193461836718616
baseline_v18_24h5,2025-08-15,1.3308733356026272
baseline_v18_24h5,2025-08-22,1.539804860598195
baseline_v18_24h5,2025-08-29,1.46673540612232
baseline_v18_24h5,2025-09-05,1.4545609237023431
baseline_v18_24h5,2025-09-12,1.3637449383495548
baseline_v18_24h5,2025-09-19,1.2881038573659154
baseline_v18_24h5,2025-09-26,1.4243200539969745
baseline_v18_24h5,2025-10-03,1.3060861967965411
baseline_v18_24h5,2025-10-10,1.4990430775523855
baseline_v18_24h5,2025-10-17,1.52104934139101
baseline_v18_24h5,2025-10-24,2.2415229034382413
baseline_v18_24h5,2025-10-31,2.5619001660974954
baseline_v18_24h5,2025-11-07,2.301691888474094
baseline_v18_24h5,2025-11-14,2.6059399476357106
baseline_v18_24h5,2025-11-21,2.6113741350256663
baseline_v18_24h5,2025-11-28,2.4768363928886648
baseline_v18_24h5,2025-12-05,2.38319133380099
baseline_v18_24h5,2025-12-12,2.4851771471343516
baseline_v18_24h5,2025-12-19,2.6115562126534537
baseline_v18_24h5,2025-12-26,2.3620872081777473
baseline_v18_24h5,2026-01-02,2.1752962506626092
baseline_v18_24h5,2026-01-09,2.1033984799076655
baseline_v18_24h5,2026-01-16,2.369841648383238
baseline_v18_24h5,2026-01-23,2.2099378830761456
baseline_v18_24h5,2026-01-30,2.031406310566723
baseline_v18_24h5,2026-02-06,2.0393081732569107
baseline_v18_24h5,2026-02-13,2.5965329951139995
baseline_v18_24h5,2026-02-20,2.3835183323924527
baseline_v18_24h5,2026-02-27,3.0395088109375763
baseline_v18_24h5,2026-03-06,3.3234362153997523
baseline_v18_24h5,2026-03-13,3.761652534857178
baseline_v18_24h5,2026-03-20,4.581037079847306
baseline_v18_24h5,2026-03-27,5.060034289321227
baseline_v18_24h5,2026-04-03,5.583947504340905
baseline_v18_24h5,2026-04-10,7.75155604434465
baseline_v18_24h5,2026-04-17,8.1750462038694
baseline_v18_24h5,2026-04-24,7.8850924198380925
baseline_v18_24h5,2026-05-01,9.362456709337842
baseline_v18_24h5,2026-05-08,9.098130289612827
baseline_v18_24h5,2026-05-15,9.118963155966275
baseline_v18_24h5,2026-05-22,9.998697398046577
dual_4h3_24h5,2025-05-30,1.0
dual_4h3_24h5,2025-06-06,1.1929094206778992
dual_4h3_24h5,2025-06-13,1.0572995874715219
dual_4h3_24h5,2025-06-20,1.0070629895554406
dual_4h3_24h5,2025-06-27,0.9135337311987609
dual_4h3_24h5,2025-07-04,0.8701442785975733
dual_4h3_24h5,2025-07-11,0.927861840454812
dual_4h3_24h5,2025-07-18,1.0886797201850837
dual_4h3_24h5,2025-07-25,1.1947101882391553
dual_4h3_24h5,2025-08-01,1.0771107005152418
dual_4h3_24h5,2025-08-08,1.0918975404800353
dual_4h3_24h5,2025-08-15,0.9866106875637126
dual_4h3_24h5,2025-08-22,1.0527956167694001
dual_4h3_24h5,2025-08-29,1.0028365580857903
dual_4h3_24h5,2025-09-05,0.9945126190879566
dual_4h3_24h5,2025-09-12,0.9324198995761709
dual_4h3_24h5,2025-09-19,0.8628847644069183
dual_4h3_24h5,2025-09-26,0.9541343015201434
dual_4h3_24h5,2025-10-03,0.8675052421517166
dual_4h3_24h5,2025-10-10,0.8737252199791286
dual_4h3_24h5,2025-10-17,0.911579808149273
dual_4h3_24h5,2025-10-24,1.2132756224252124
dual_4h3_24h5,2025-10-31,1.2418113356525609
dual_4h3_24h5,2025-11-07,1.112160513801811
dual_4h3_24h5,2025-11-14,1.1573354714816388
dual_4h3_24h5,2025-11-21,1.2661629089748503
dual_4h3_24h5,2025-11-28,1.3431249494471764
dual_4h3_24h5,2025-12-05,1.2923436319511017
dual_4h3_24h5,2025-12-12,1.3927299709568866
dual_4h3_24h5,2025-12-19,1.4432820572682
dual_4h3_24h5,2025-12-26,1.54865134459143
dual_4h3_24h5,2026-01-02,1.4261858968671257
dual_4h3_24h5,2026-01-09,1.3790476798837321
dual_4h3_24h5,2026-01-16,1.5537353754473613
dual_4h3_24h5,2026-01-23,1.4488979332518617
dual_4h3_24h5,2026-01-30,1.3468876795944538
dual_4h3_24h5,2026-02-06,1.3369161604746604
dual_4h3_24h5,2026-02-13,1.6537107226005503
dual_4h3_24h5,2026-02-20,1.5180434183619256
dual_4h3_24h5,2026-02-27,1.8419968800719309
dual_4h3_24h5,2026-03-06,2.0228875242630817
dual_4h3_24h5,2026-03-13,2.2896181813616994
dual_4h3_24h5,2026-03-20,2.6546846797874717
dual_4h3_24h5,2026-03-27,2.932260811891982
dual_4h3_24h5,2026-04-03,3.235865511266584
dual_4h3_24h5,2026-04-10,3.1849763721313757
dual_4h3_24h5,2026-04-17,3.2638914767406146
dual_4h3_24h5,2026-04-24,3.1481272766678914
dual_4h3_24h5,2026-05-01,3.7379657426886506
dual_4h3_24h5,2026-05-08,3.632433281231796
dual_4h3_24h5,2026-05-15,3.6407508140299436
dual_4h3_24h5,2026-05-22,3.838387937690447
dual_4h4_24h5,2025-05-30,1.0
dual_4h4_24h5,2025-06-06,1.1929094206778992
dual_4h4_24h5,2025-06-13,1.0572995874715219
dual_4h4_24h5,2025-06-20,1.0944484718180512
dual_4h4_24h5,2025-06-27,0.9742093526744185
dual_4h4_24h5,2025-07-04,0.9279380338518153
dual_4h4_24h5,2025-07-11,0.9894891147310091
dual_4h4_24h5,2025-07-18,1.1609882911269513
dual_4h4_24h5,2025-07-25,1.2344824761777817
dual_4h4_24h5,2025-08-01,1.1994435754659842
dual_4h4_24h5,2025-08-08,1.2835832879585496
dual_4h4_24h5,2025-08-15,1.3014916514608734
dual_4h4_24h5,2025-08-22,1.3889857679438535
dual_4h4_24h5,2025-08-29,1.3230732390673177
dual_4h4_24h5,2025-09-05,1.3120912093009873
dual_4h4_24h5,2025-09-12,1.230170367001648
dual_4h4_24h5,2025-09-19,1.0960269270377814
dual_4h4_24h5,2025-09-26,1.2119311055343958
dual_4h4_24h5,2025-10-03,1.1113278114458198
dual_4h4_24h5,2025-10-10,1.2426388504795876
dual_4h4_24h5,2025-10-17,1.2103262617371293
dual_4h4_24h5,2025-10-24,1.6977627242286943
dual_4h4_24h5,2025-10-31,1.8017609315993592
dual_4h4_24h5,2025-11-07,1.6136487934236543
dual_4h4_24h5,2025-11-14,1.7544600678211097
dual_4h4_24h5,2025-11-21,1.7581186574157734
dual_4h4_24h5,2025-11-28,1.6675405547206854
dual_4h4_24h5,2025-12-05,1.6044936234715075
dual_4h4_24h5,2025-12-12,1.7291270698988013
dual_4h4_24h5,2025-12-19,1.9325699572285773
dual_4h4_24h5,2025-12-26,1.7479611400897654
dual_4h4_24h5,2026-01-02,1.6097345183434368
dual_4h4_24h5,2026-01-09,1.5565296625262437
dual_4h4_24h5,2026-01-16,1.7536994803573889
dual_4h4_24h5,2026-01-23,1.6353695698684105
dual_4h4_24h5,2026-01-30,1.4529700316440086
dual_4h4_24h5,2026-02-06,1.4408882240298921
dual_4h4_24h5,2026-02-13,1.8345995298933655
dual_4h4_24h5,2026-02-20,1.6840924495578906
dual_4h4_24h5,2026-02-27,1.9541098174116516
dual_4h4_24h5,2026-03-06,2.1366476427652823
dual_4h4_24h5,2026-03-13,2.4183782990214175
dual_4h4_24h5,2026-03-20,2.8039748603518113
dual_4h4_24h5,2026-03-27,3.0971609031917717
dual_4h4_24h5,2026-04-03,3.4178392688797112
dual_4h4_24h5,2026-04-10,4.027531976872542
dual_4h4_24h5,2026-04-17,4.247567818659575
dual_4h4_24h5,2026-04-24,4.096914436252142
dual_4h4_24h5,2026-05-01,4.864519273708083
dual_4h4_24h5,2026-05-08,4.72718128612411
dual_4h4_24h5,2026-05-15,4.73800556900723
dual_4h4_24h5,2026-05-22,5.195095445008723
dual_8h4_24h5,2025-05-30,1.0
dual_8h4_24h5,2025-06-06,1.1929094206778992
dual_8h4_24h5,2025-06-13,1.094519473326615
dual_8h4_24h5,2025-06-20,1.1440379747237732
dual_8h4_24h5,2025-06-27,1.0183508164063542
dual_8h4_24h5,2025-07-04,0.9699829423248333
dual_8h4_24h5,2025-07-11,1.0343229050771394
dual_8h4_24h5,2025-07-18,1.2135927158384323
dual_8h4_24h5,2025-07-25,1.290416925277781
dual_8h4_24h5,2025-08-01,1.1987170511934906
dual_8h4_24h5,2025-08-08,1.2828057987681072
dual_8h4_24h5,2025-08-15,1.3007033148566534
dual_8h4_24h5,2025-08-22,1.3707393290055705
dual_8h4_24h5,2025-08-29,1.305692661364742
dual_8h4_24h5,2025-09-05,1.2948548972490566
dual_8h4_24h5,2025-09-12,1.2140102097104686
dual_8h4_24h5,2025-09-19,1.2496549999920659
dual_8h4_24h5,2025-09-26,1.2488113853270795
dual_8h4_24h5,2025-10-03,1.1451466320374708
dual_8h4_24h5,2025-10-10,1.1894993623138501
dual_8h4_24h5,2025-10-17,1.1585685704035302
dual_8h4_24h5,2025-10-24,1.7073463135576405
dual_8h4_24h5,2025-10-31,1.93581399921288
dual_8h4_24h5,2025-11-07,1.73370610347826
dual_8h4_24h5,2025-11-14,1.8849938972387994
dual_8h4_24h5,2025-11-21,1.8889246900706955
dual_8h4_24h5,2025-11-28,1.7185189766076407
dual_8h4_24h5,2025-12-05,1.8724105077411346
dual_8h4_24h5,2025-12-12,1.9904600712309917
dual_8h4_24h5,2025-12-19,1.939418231621288
dual_8h4_24h5,2025-12-26,2.08100879311861
dual_8h4_24h5,2026-01-02,1.9164451717085726
dual_8h4_24h5,2026-01-09,1.8382777665491605
dual_8h4_24h5,2026-01-16,1.9079161576275787
dual_8h4_24h5,2026-01-23,1.8266866360694292
dual_8h4_24h5,2026-01-30,1.6229487134379348
dual_8h4_24h5,2026-02-06,1.6245051816396472
dual_8h4_24h5,2026-02-13,1.9899708394762834
dual_8h4_24h5,2026-02-20,1.8267173903599385
dual_8h4_24h5,2026-02-27,2.096629937827792
dual_8h4_24h5,2026-03-06,2.292480890528767
dual_8h4_24h5,2026-03-13,2.4378123635202287
dual_8h4_24h5,2026-03-20,2.9688305146504876
dual_8h4_24h5,2026-03-27,3.2792540076570185
dual_8h4_24h5,2026-04-03,3.618786194947439
dual_8h4_24h5,2026-04-10,5.0235472272669055
dual_8h4_24h5,2026-04-17,5.297998292896172
dual_8h4_24h5,2026-04-24,5.110088082420592
dual_8h4_24h5,2026-05-01,6.067522852642535
dual_8h4_24h5,2026-05-08,5.896220955925711
dual_8h4_24h5,2026-05-15,5.9097221016836885
dual_8h4_24h5,2026-05-22,5.9153395340055095
strict_9of10,2025-05-30,1.0
strict_9of10,2025-06-06,1.0305454795442528
strict_9of10,2025-06-13,0.9895551644901859
strict_9of10,2025-06-20,0.9848561797873585
strict_9of10,2025-06-27,0.978633216771315
strict_9of10,2025-07-04,0.9305998576826746
strict_9of10,2025-07-11,0.9159492315877914
strict_9of10,2025-07-18,0.8672487523761289
strict_9of10,2025-07-25,0.8884957056946433
strict_9of10,2025-08-01,0.9600363041644812
strict_9of10,2025-08-08,1.0037172694052678
strict_9of10,2025-08-15,0.9253822975470527
strict_9of10,2025-08-22,1.0472308032203927
strict_9of10,2025-08-29,0.98717246314037
strict_9of10,2025-09-05,0.9731720643288303
strict_9of10,2025-09-12,1.1001139251463463
strict_9of10,2025-09-19,1.003245315221704
strict_9of10,2025-09-26,0.9637937676848527
strict_9of10,2025-10-03,0.9225221064432636
strict_9of10,2025-10-10,0.9225221064432636
strict_9of10,2025-10-17,0.9225221064432636
strict_9of10,2025-10-24,0.9162524099282852
strict_9of10,2025-10-31,0.9751104227462505
strict_9of10,2025-11-07,0.9435668023687062
strict_9of10,2025-11-14,0.9298408826956672
strict_9of10,2025-11-21,0.9330606991667507
strict_9of10,2025-11-28,0.8676322697341783
strict_9of10,2025-12-05,0.9076378243791026
strict_9of10,2025-12-12,0.8810910445930651
strict_9of10,2025-12-19,0.9167652898245149
strict_9of10,2025-12-26,0.9735295470615344
strict_9of10,2026-01-02,0.9432291658088331
strict_9of10,2026-01-09,0.9414085281813924
strict_9of10,2026-01-16,1.0748627643756405
strict_9of10,2026-01-23,1.0696000015756308
strict_9of10,2026-01-30,1.0696000015756308
strict_9of10,2026-02-06,1.0620382227221103
strict_9of10,2026-02-13,1.16632000561178
strict_9of10,2026-02-20,1.16632000561178
strict_9of10,2026-02-27,1.0747156391703956
strict_9of10,2026-03-06,1.0268051745692817
strict_9of10,2026-03-13,1.0396826860010164
strict_9of10,2026-03-20,1.0208030421492087
strict_9of10,2026-03-27,1.1340633614072004
strict_9of10,2026-04-03,1.1314481005527603
strict_9of10,2026-04-10,1.1818013721288099
strict_9of10,2026-04-17,1.1696611721930306
strict_9of10,2026-04-24,1.1073610803280034
strict_9of10,2026-05-01,1.1807713356000178
strict_9of10,2026-05-08,1.2550227806074643
strict_9of10,2026-05-15,1.216729579492289
strict_9of10,2026-05-22,1.2222864841503016
risk_off_2x_target003,2025-05-30,1.0
risk_off_2x_target003,2025-06-06,1.0939024967590196
risk_off_2x_target003,2025-06-13,1.0704232016398572
risk_off_2x_target003,2025-06-20,1.1425834952460134
risk_off_2x_target003,2025-06-27,1.0786531325847164
risk_off_2x_target003,2025-07-04,1.0527671145722028
risk_off_2x_target003,2025-07-11,1.0906394216276938
risk_off_2x_target003,2025-07-18,1.1848247452003093
risk_off_2x_target003,2025-07-25,1.2244721548176014
risk_off_2x_target003,2025-08-01,1.208936264082394
risk_off_2x_target003,2025-08-08,1.2511862351466307
risk_off_2x_target003,2025-08-15,1.1723355328741323
risk_off_2x_target003,2025-08-22,1.2633880805402096
risk_off_2x_target003,2025-08-29,1.2342330796785785
risk_off_2x_target003,2025-09-05,1.2302953386045983
risk_off_2x_target003,2025-09-12,1.1916568207307847
risk_off_2x_target003,2025-09-19,1.160738795793745
risk_off_2x_target003,2025-09-26,1.221851784406012
risk_off_2x_target003,2025-10-03,1.1705137870525781
risk_off_2x_target003,2025-10-10,1.2554044147458718
risk_off_2x_target003,2025-10-17,1.2658155966494418
risk_off_2x_target003,2025-10-24,1.5397013087916596
risk_off_2x_target003,2025-10-31,1.647880383629513
risk_off_2x_target003,2025-11-07,1.562761050231099
risk_off_2x_target003,2025-11-14,1.664706550014989
risk_off_2x_target003,2025-11-21,1.6675714788483285
risk_off_2x_target003,2025-11-28,1.6263737144030683
risk_off_2x_target003,2025-12-05,1.5976481609631783
risk_off_2x_target003,2025-12-12,1.6334783434650186
risk_off_2x_target003,2025-12-19,1.6763211348535128
risk_off_2x_target003,2025-12-26,1.5983245829319406
risk_off_2x_target003,2026-01-02,1.536862455861775
risk_off_2x_target003,2026-01-09,1.5113190536525525
risk_off_2x_target003,2026-01-16,1.6052996558130577
risk_off_2x_target003,2026-01-23,1.5521749585211697
risk_off_2x_target003,2026-01-30,1.4896485874391494
risk_off_2x_target003,2026-02-06,1.4928507643558568
risk_off_2x_target003,2026-02-13,1.6866165379995743
risk_off_2x_target003,2026-02-20,1.6196636230591117
risk_off_2x_target003,2026-02-27,1.8327372477930768
risk_off_2x_target003,2026-03-06,1.9195170795415704
risk_off_2x_target003,2026-03-13,2.046303749181495
risk_off_2x_target003,2026-03-20,2.2605371429232295
risk_off_2x_target003,2026-03-27,2.3813050858390112
risk_off_2x_target003,2026-04-03,2.5076014763740635
risk_off_2x_target003,2026-04-10,2.9630565956004196
risk_off_2x_target003,2026-04-17,3.0502365762951826
risk_off_2x_target003,2026-04-24,2.9962745260122667
risk_off_2x_target003,2026-05-01,3.276655353853669
risk_off_2x_target003,2026-05-08,3.2364035537677194
risk_off_2x_target003,2026-05-15,3.246907422420904
risk_off_2x_target003,2026-05-22,3.4042624933925056
