label,direction,signal_ts,entry_ts,exit_ts,entry_fill,exit_fill,signal_atr,exit_reason,hold_bars,funding_return,trade_return,equity_before,equity_after
selected_train,long,2020-01-05 01:00:00+00:00,2020-01-05 01:30:00+00:00,2020-01-05 21:30:00+00:00,7462.473795999999,7374.216884273882,34.12241785022719,stop,40,-0.00019999999999999998,-0.014014936604755815,1.0,0.9859850633952442
selected_train,long,2020-01-06 02:00:00+00:00,2020-01-06 02:30:00+00:00,2020-01-08 02:30:00+00:00,7512.6138439999995,8297.6796,33.15870431694695,time_open,96,-0.0006251400000000002,0.10177004209369583,0.9859850633952442,1.0863288048007336
selected_train,long,2020-01-14 00:30:00+00:00,2020-01-14 01:00:00+00:00,2020-01-16 01:00:00+00:00,8280.640932,8763.29328,35.98382609157858,time_open,96,-0.0012478900000000002,0.054980657718895404,1.0863288048007336,1.1460558769876594
selected_train,long,2020-01-19 01:00:00+00:00,2020-01-19 01:30:00+00:00,2020-01-19 11:00:00+00:00,9121.437116000001,9007.098219577761,44.29384616880358,stop,19,-0.00039329000000000013,-0.014915939235333235,1.1460558769876594,1.128961377166215
selected_train,long,2020-01-22 07:00:00+00:00,2020-01-22 07:30:00+00:00,2020-01-22 07:30:00+00:00,8798.047812,8709.676763236559,33.95431358088927,stop,0,-0.0,-0.012034348482883442,1.128961377166215,1.1153750625296808
selected_train,long,2020-01-26 16:30:00+00:00,2020-01-26 17:00:00+00:00,2020-01-28 17:00:00+00:00,8507.321568,8973.519156,34.52969757301268,time_open,96,-0.001630829999999998,0.051113943274332774,1.1153750625296808,1.1723862802054283
selected_train,long,2020-02-03 01:30:00+00:00,2020-02-03 02:00:00+00:00,2020-02-03 02:00:00+00:00,9532.641532,9411.489217959952,46.95448476480534,stop,0,-0.0,-0.014696497746161946,1.1723862802054283,1.155156307880758
selected_train,long,2020-02-05 12:00:00+00:00,2020-02-05 12:30:00+00:00,2020-02-07 12:30:00+00:00,9449.658351999999,9778.776924000002,43.50240542424813,time_open,96,-0.004059630000000002,0.028734162662188166,1.155156307880758,1.1883487571316564
selected_train,long,2020-02-08 21:30:00+00:00,2020-02-08 22:00:00+00:00,2020-02-10 05:30:00+00:00,9926.899172,9828.03918753902,37.97087826817937,stop,63,-0.0034500400000000014,-0.015398879286600789,1.1883487571316564,1.170049518070204
selected_train,long,2020-02-23 03:30:00+00:00,2020-02-23 04:00:00+00:00,2020-02-24 02:30:00+00:00,9797.717519999998,9716.588162183427,30.896466910192782,stop,45,-0.0015309199999999981,-0.011803074029069681,1.170049518070204,1.156239336990744
selected_train,long,2020-03-05 02:30:00+00:00,2020-03-05 03:00:00+00:00,2020-03-07 03:00:00+00:00,8930.42074,9102.277632000001,41.515135041913155,time_open,96,-0.0016031600000000062,0.015621582048155998,1.156239336990744,1.1743016246608504
selected_train,long,2020-04-23 01:30:00+00:00,2020-04-23 02:00:00+00:00,2020-04-23 06:00:00+00:00,7167.635908,7078.804766998896,34.39939441292647,stop,8,-0.0,-0.014380973447752143,1.1743016246608504,1.1574140241769506
selected_train,long,2020-04-29 02:00:00+00:00,2020-04-29 02:30:00+00:00,2020-05-01 02:30:00+00:00,7773.118004,8718.801084,33.484658962132535,time_open,96,-0.0016179700000000033,0.11792108246695646,1.1574140241769506,1.2938975387703329
selected_train,long,2020-06-01 20:30:00+00:00,2020-06-01 21:00:00+00:00,2020-06-02 14:30:00+00:00,9668.795972,9559.592535992615,42.151227538449035,stop,35,-0.0011279000000000011,-0.014411024898622901,1.2938975387703329,1.2752511491228467
selected_train,long,2020-06-22 11:30:00+00:00,2020-06-22 12:00:00+00:00,2020-06-24 10:30:00+00:00,9462.223376,9392.861937070467,26.241116278164466,stop,93,-0.0006350100000000192,-0.009958032796772683,1.2752511491228467,1.2625521563557593
selected_train,long,2020-06-29 20:30:00+00:00,2020-06-29 21:00:00+00:00,2020-06-30 13:00:00+00:00,9184.782444,9096.347598231816,33.917940292350984,stop,32,-0.00020000000000000573,-0.011818781006634433,1.2625521563557593,1.2476303289103365
selected_train,long,2020-07-01 13:30:00+00:00,2020-07-01 14:00:00+00:00,2020-07-02 15:00:00+00:00,9215.754828,9144.216831428912,27.151538471343464,stop,50,-0.0003000000000000086,-0.010054813350435628,1.2476303289103365,1.2350856388228004
selected_train,long,2020-07-06 06:00:00+00:00,2020-07-06 06:30:00+00:00,2020-07-08 06:30:00+00:00,9191.144987999998,9275.758212,29.30529508675343,time_open,96,-0.0006000000000000172,0.006596744354088895,1.2350856388228004,1.243233183037521
selected_train,long,2020-07-08 13:30:00+00:00,2020-07-08 14:00:00+00:00,2020-07-09 02:30:00+00:00,9436.7732,9358.39124321788,29.85484093722262,stop,25,-0.00020000000000000573,-0.0104977065534792,1.243233183037521,1.2301820859044452
selected_train,long,2020-07-19 22:30:00+00:00,2020-07-19 23:00:00+00:00,2020-07-20 10:30:00+00:00,9190.62478,9149.899353801644,14.82560075484418,stop,23,-0.00020000000000000573,-0.006626761155639075,1.2301820859044452,1.2220299630432105
selected_train,long,2020-07-21 07:00:00+00:00,2020-07-21 07:30:00+00:00,2020-07-23 07:30:00+00:00,9219.966512,9498.768972,16.059084752988184,time_open,96,-0.0006000000000000172,0.02760874936774372,1.2220299630432105,1.2557686820127436
selected_train,long,2020-07-23 16:30:00+00:00,2020-07-23 17:00:00+00:00,2020-07-24 01:30:00+00:00,9631.941236,9552.178748836277,30.376034681602356,stop,17,-0.00010000000000000286,-0.010372758598104888,1.2557686820127436,1.242742896619165
selected_train,long,2020-07-24 20:30:00+00:00,2020-07-24 21:00:00+00:00,2020-07-24 22:00:00+00:00,9619.576292,9544.134999924428,28.648844161173812,stop,2,-0.0,-0.00983463309565652,1.242742896619165,1.2305209761986822
selected_train,long,2020-07-25 17:00:00+00:00,2020-07-25 17:30:00+00:00,2020-07-27 17:30:00+00:00,9691.395008,10806.485676,29.683708325898422,time_open,96,-0.0027145600000000047,0.11023025201235148,1.2305209761986822,1.3661616135115477
selected_train,long,2020-08-05 09:00:00+00:00,2020-08-05 09:30:00+00:00,2020-08-07 09:30:00+00:00,11370.2963,11825.268,54.053123455381666,time_open,96,-0.0018861400000000084,0.03608790432635584,1.3661616135115477,1.4154635231142922
selected_train,long,2020-08-10 01:30:00+00:00,2020-08-10 02:00:00+00:00,2020-08-10 10:00:00+00:00,11870.226191999998,11730.091966558291,54.17612443573771,stop,16,-0.0013189799999999974,-0.015112697234353552,1.4154635231142922,1.3940720514431946
selected_train,long,2020-08-23 20:00:00+00:00,2020-08-23 20:30:00+00:00,2020-08-24 00:00:00+00:00,11711.992923999998,11615.597299185538,36.69901066220895,stop,7,-0.00010000000000000286,-0.010322275219472817,1.3940720514431946,1.3796820560524228
selected_train,long,2020-08-24 06:30:00+00:00,2020-08-24 07:00:00+00:00,2020-08-25 03:00:00+00:00,11759.812044,11665.403606159161,35.896163674765205,stop,40,-0.0003000000000000086,-0.010320028640773958,1.3796820560524228,1.3654436977187998
selected_train,long,2020-08-28 15:00:00+00:00,2020-08-28 15:30:00+00:00,2020-08-30 15:30:00+00:00,11500.598399999999,11629.926168,48.25884161194883,time_open,96,-0.0006000000000000172,0.008634062414700163,1.3654436977187998,1.3772330238286628
selected_train,long,2020-08-30 16:30:00+00:00,2020-08-30 17:00:00+00:00,2020-08-31 08:00:00+00:00,11675.388287999998,11579.822468439395,36.37281482409122,stop,30,-0.00020000000000000573,-0.010377051707921976,1.3772330238286628,1.362941405526535
selected_train,long,2020-09-01 05:30:00+00:00,2020-09-01 06:00:00+00:00,2020-09-02 08:00:00+00:00,11810.502312,11694.784250526563,44.41531034359244,stop,52,-0.0013779000000000013,-0.013165997098504096,1.362941405526535,1.3449969229359415
selected_train,long,2020-09-12 18:00:00+00:00,2020-09-12 18:30:00+00:00,2020-09-13 11:30:00+00:00,10442.285244,10361.820546160114,30.5273244266855,stop,34,-0.00019999999999997797,-0.009897954160774729,1.3449969229359415,1.3316842050463384
selected_train,long,2020-09-14 13:00:00+00:00,2020-09-14 13:30:00+00:00,2020-09-16 13:30:00+00:00,10618.785816,10912.933079999999,44.04108226954454,time_open,96,0.0004202299999999659,0.02609317885006836,1.3316842050463384,1.3664320791804239
selected_train,long,2020-09-18 09:00:00+00:00,2020-09-18 09:30:00+00:00,2020-09-18 15:00:00+00:00,10984.392,10881.602185560647,39.37417272483171,stop,11,-0.0,-0.011348448655593696,1.3664320791804239,1.3509251948884886
selected_train,long,2020-09-19 11:00:00+00:00,2020-09-19 11:30:00+00:00,2020-09-20 01:30:00+00:00,11008.70172,10917.189008658821,34.8576353153978,stop,28,0.00012224999999999042,-0.010182198694776387,1.3509251948884886,1.3371698061323545
selected_train,long,2020-09-28 00:00:00+00:00,2020-09-28 00:30:00+00:00,2020-09-28 23:00:00+00:00,10860.69254,10753.457030949694,41.172961998521835,stop,45,-0.00019999999999997797,-0.012063852893975317,1.3371698061323545,1.3210383862969084
selected_train,long,2020-10-01 08:00:00+00:00,2020-10-01 08:30:00+00:00,2020-10-01 15:30:00+00:00,10894.45604,10799.940484485875,36.077540255352844,stop,14,-0.0,-0.010666888884762592,1.3210383862969084,1.3069470166177732
selected_train,long,2020-10-04 19:00:00+00:00,2020-10-04 19:30:00+00:00,2020-10-05 06:00:00+00:00,10673.21758,10604.91297409033,25.624377301989103,stop,21,3.380999999999523e-05,-0.008359416858939494,1.3069470166177732,1.296021701693318
selected_train,long,2020-10-05 23:30:00+00:00,2020-10-06 00:00:00+00:00,2020-10-06 07:30:00+00:00,10789.303995999999,10713.973070503896,28.417448538496643,stop,15,-0.0,-0.008975018462590918,1.296021701693318,1.2843898829927018
selected_train,long,2020-10-08 14:30:00+00:00,2020-10-08 15:00:00+00:00,2020-10-10 15:00:00+00:00,10914.31398,11347.879032,38.93054925469363,time_open,96,-0.0005498399999999404,0.03713487932745336,1.2843898829927018,1.3320855463070378
selected_train,long,2020-10-12 13:30:00+00:00,2020-10-12 14:00:00+00:00,2020-10-13 10:00:00+00:00,11496.5968,11376.06572184058,46.39153238872423,stop,40,-0.00029999999999996696,-0.01277358180650996,1.3320855463070378,1.3150700426080153
selected_train,long,2020-10-15 19:00:00+00:00,2020-10-15 19:30:00+00:00,2020-10-16 04:00:00+00:00,11522.147016,11405.508660195586,44.829730691483064,stop,17,-9.999999999998899e-05,-0.012212847656500499,1.3150700426080153,1.2990092925200158
selected_train,long,2020-10-18 06:30:00+00:00,2020-10-18 07:00:00+00:00,2020-10-20 07:00:00+00:00,11450.738464,11779.38636,28.249842366384872,time_open,96,-0.0005999999999999339,0.026072320928139586,1.2990092925200158,1.3328774796832332
selected_train,long,2020-10-21 02:30:00+00:00,2020-10-21 03:00:00+00:00,2020-10-23 03:00:00+00:00,12119.866007999999,12979.536108,60.21780278425431,time_open,96,-0.0005748699999999496,0.06828485974726975,1.3328774796832332,1.4238928314436974
selected_train,long,2020-10-25 03:30:00+00:00,2020-10-25 04:00:00+00:00,2020-10-25 05:30:00+00:00,13305.930244,13161.382874888921,55.712283718879334,stop,3,-0.0,-0.012852516065690467,1.4238928314436974,1.4055922259517457
selected_train,long,2020-10-26 11:00:00+00:00,2020-10-26 11:30:00+00:00,2020-10-26 15:30:00+00:00,13162.883048,13015.989545198825,56.67400943656464,stop,8,-0.0,-0.013148515774488407,1.4055922259517457,1.387110774396321
selected_train,long,2020-10-27 10:30:00+00:00,2020-10-27 11:00:00+00:00,2020-10-28 13:30:00+00:00,13263.013083999998,13108.145215804741,59.84900478657795,stop,53,-0.00023724999999996665,-0.01390224643385719,1.387110774396321,1.3678268185796048
selected_train,long,2020-11-16 06:00:00+00:00,2020-11-16 06:30:00+00:00,2020-11-18 06:30:00+00:00,16201.648067999999,17764.731264000002,78.31749440386267,time_open,96,-0.0007113799999999559,0.09366894539962253,1.3678268185796048,1.4959497141652771
selected_train,long,2020-12-06 23:00:00+00:00,2020-12-06 23:30:00+00:00,2020-12-07 11:30:00+00:00,19373.996499999997,19125.302289786156,96.4164112100212,stop,24,-0.00019999999999997797,-0.015023658557160726,1.4959497141652771,1.4734750764409759
selected_train,long,2020-12-13 06:30:00+00:00,2020-12-13 07:00:00+00:00,2020-12-15 07:00:00+00:00,18977.577996,19180.324800000002,89.8130572429267,time_open,96,-0.0005999999999999339,0.00807280857645236,1.4734750764409759,1.4853701586752572
selected_train,long,2020-12-16 10:00:00+00:00,2020-12-16 10:30:00+00:00,2020-12-18 10:30:00+00:00,19687.861996,23053.005108,90.64841182051396,time_open,96,-0.0021410700000000227,0.16661276652988918,1.4853701586752572,1.7328517901330822
selected_train,long,2021-04-10 03:00:00+00:00,2021-04-10 03:30:00+00:00,2021-04-12 03:30:00+00:00,59114.056167999996,60015.984000000004,288.36577006071025,time_open,96,-0.006542290000000006,0.006699870030557338,1.7328517901330822,1.7444616719091925
selected_train,long,2021-07-11 21:00:00+00:00,2021-07-11 21:30:00+00:00,2021-07-12 10:30:00+00:00,34126.004944,33689.332894746774,169.27636945803388,stop,26,-0.00012313999999996605,-0.01490621782935104,1.7444616719091925,1.71845834623276
selected_train,long,2021-08-29 00:30:00+00:00,2021-08-29 01:00:00+00:00,2021-08-29 02:30:00+00:00,49640.668328,49016.293627805215,241.90413479935413,stop,3,-0.0,-0.014565308778140721,1.71845834623276,1.6934284697975068
selected_train,long,2021-09-05 14:00:00+00:00,2021-09-05 14:30:00+00:00,2021-09-07 14:00:00+00:00,50478.023135999996,49846.74947067028,244.53079474802567,stop,95,-0.0007678299999999694,-0.015261235099587319,1.6934284697975068,1.6675846597955926
selected_train,long,2021-11-07 17:30:00+00:00,2021-11-07 18:00:00+00:00,2021-11-09 18:00:00+00:00,62514.79592,66874.83936000001,285.8701446585128,time_open,96,-0.0026972199999999447,0.06497721998591917,1.6675846597955926,1.775939675080275
selected_train,long,2021-12-27 13:00:00+00:00,2021-12-27 13:30:00+00:00,2021-12-27 22:30:00+00:00,51366.718472,50765.9295621774,232.1897648794713,stop,18,-9.999999999998899e-05,-0.013784377331597326,1.775939675080275,1.751459452480814
selected_validation,long,2022-01-15 20:00:00+00:00,2022-01-15 20:30:00+00:00,2022-01-15 21:30:00+00:00,43709.4768,43170.83487631462,208.54667185489475,stop,2,-0.0,-0.014310906493433315,1.0,0.9856890935065666
selected_validation,long,2022-01-20 14:30:00+00:00,2022-01-20 15:00:00+00:00,2022-01-20 21:00:00+00:00,42959.656992000004,42409.391127396135,213.3181279740189,stop,12,-9.999999999998899e-05,-0.014896089103822108,0.9856890935065666,0.9710061809410272
selected_validation,long,2022-03-19 20:30:00+00:00,2022-03-19 21:00:00+00:00,2022-03-19 22:00:00+00:00,42186.96804,41706.73203254324,185.41865555852993,stop,2,-0.0,-0.013372132052590706,0.9710061809410272,0.958021758065602
selected_validation,long,2022-03-25 11:30:00+00:00,2022-03-25 12:00:00+00:00,2022-03-25 17:00:00+00:00,44572.3218,44019.13004525874,214.23082273759874,stop,10,-5.473000000000283e-05,-0.01445342364369798,0.958021758065602,0.9441750637363995
selected_validation,long,2022-03-26 20:00:00+00:00,2022-03-26 20:30:00+00:00,2022-03-26 21:00:00+00:00,44700.67312,44288.243760190555,157.88278934031453,stop,1,-0.0,-0.011217242195516019,0.9441750637363995,0.9335840233715015
selected_validation,long,2022-03-27 20:30:00+00:00,2022-03-27 21:00:00+00:00,2022-03-29 21:00:00+00:00,46132.4456,47445.814080000004,222.38240083543295,time_open,96,-0.0005959399999999615,0.025845108256934514,0.9335840233715015,0.9577126035224823
selected_validation,long,2022-04-03 21:30:00+00:00,2022-04-03 22:00:00+00:00,2022-04-03 23:00:00+00:00,46982.38544,46391.398046914095,228.96936330928548,stop,2,-0.0,-0.014566335237422066,0.9577126035224823,0.9437622406784696
selected_validation,long,2022-04-05 12:00:00+00:00,2022-04-05 12:30:00+00:00,2022-04-05 13:00:00+00:00,47142.04927999999,46608.23318897116,206.06613498072855,stop,1,-0.0,-0.013312242108321956,0.9437622406784696,0.9311986492378654
selected_validation,long,2022-04-20 10:00:00+00:00,2022-04-20 10:30:00+00:00,2022-04-20 15:00:00+00:00,41807.41628,41353.7492212852,174.84757591148323,stop,9,-0.0,-0.0128405022836317,0.9311986492378654,0.9192415908558119
selected_validation,long,2022-05-29 12:00:00+00:00,2022-05-29 12:30:00+00:00,2022-05-29 19:00:00+00:00,29367.44228,29064.535464819146,116.51053952335037,stop,13,-9.999999999998899e-05,-0.01240406071732552,0.9192415908558119,0.9078392623489455
selected_validation,long,2022-05-30 01:30:00+00:00,2022-05-30 02:00:00+00:00,2022-06-01 02:00:00+00:00,29773.404599999998,31902.134040000004,119.57749739947263,time_open,96,-0.0005999999999999339,0.06882618518541916,0.9078392623489455,0.9703223755379683
selected_validation,long,2022-06-06 00:30:00+00:00,2022-06-06 01:00:00+00:00,2022-06-07 01:00:00+00:00,30297.414119999998,29949.329093031018,134.44020060863605,stop,48,-0.00029656000000000127,-0.013774006245567925,0.9703223755379683,0.9569571490770941
selected_validation,long,2022-08-08 05:30:00+00:00,2022-08-08 06:00:00+00:00,2022-08-09 11:30:00+00:00,23425.866599999998,23210.576171636625,82.40099308658382,stop,59,-0.00030709999999989357,-0.011488196332846288,0.9569571490770941,0.9459634374663756
selected_validation,long,2022-08-14 07:00:00+00:00,2022-08-14 07:30:00+00:00,2022-08-14 08:30:00+00:00,24882.9492,24583.127741448818,115.99370903208627,stop,2,3.3299999999680807e-06,-0.01403389415237787,0.9459634374663756,0.9326878867129529
selected_validation,long,2022-09-04 23:30:00+00:00,2022-09-05 00:00:00+00:00,2022-09-05 01:30:00+00:00,20000.697079999998,19799.490838323884,77.31331046183043,stop,3,-0.0,-0.012049901492455287,0.9326878867129529,0.9214490895548555
selected_validation,long,2022-10-03 17:00:00+00:00,2022-10-03 17:30:00+00:00,2022-10-05 17:30:00+00:00,19514.402639999997,20188.72128,96.63232648666161,time_open,96,-0.0005999999999999339,0.03192036599773716,0.9214490895548555,0.9508620817417281
selected_validation,long,2022-10-17 11:00:00+00:00,2022-10-17 11:30:00+00:00,2022-10-18 15:00:00+00:00,19487.59192,19323.623523460694,62.49434164518048,stop,55,-0.00026457999999995874,-0.01067015565117389,0.9508620817417281,0.9407162353267446
selected_validation,long,2022-10-23 17:30:00+00:00,2022-10-23 18:00:00+00:00,2022-10-24 01:00:00+00:00,19476.48748,19367.7399782942,40.398922254421464,stop,14,-9.999999999998899e-05,-0.007677943883138678,0.9407162353267446,0.9334934688619484
selected_validation,long,2022-10-25 13:30:00+00:00,2022-10-25 14:00:00+00:00,2022-10-27 14:00:00+00:00,19477.18776,20503.995120000003,53.87005507377916,time_open,96,-0.00011600999999994421,0.05054973236895908,0.9334934688619484,0.980681313881091
selected_validation,long,2022-10-29 08:00:00+00:00,2022-10-29 08:30:00+00:00,2022-10-29 11:30:00+00:00,20923.16592,20692.74636549761,88.85565751676397,stop,6,-0.0,-0.013001639800975545,0.980681313881091,0.9679308486784616
selected_validation,long,2022-11-04 12:30:00+00:00,2022-11-04 13:00:00+00:00,2022-11-06 13:00:00+00:00,20757.19956,21210.412440000004,85.59032395782287,time_open,96,-0.00042072000000004106,0.019391454894367163,0.9679308486784616,0.9867004360714765
selected_validation,long,2022-11-26 01:00:00+00:00,2022-11-26 01:30:00+00:00,2022-11-26 07:30:00+00:00,16671.36588,16516.851133703367,59.16214483578863,stop,12,-0.0,-0.011259003291117163,0.9867004360714765,0.975591172614401
selected_validation,long,2022-11-30 00:30:00+00:00,2022-11-30 01:00:00+00:00,2022-12-02 01:00:00+00:00,16846.13576,17021.58864,68.79896812998415,time_open,96,-0.0002777999999997727,0.008126807300873718,0.975591172614401,0.9835196140786717
selected_validation,long,2022-12-04 18:00:00+00:00,2022-12-04 18:30:00+00:00,2022-12-05 15:30:00+00:00,17124.74716,17008.992578471167,43.57930478784835,stop,42,4.1639999999953936e-05,-0.00871109193039687,0.9835196140786717,0.974952084305084
selected_validation,long,2022-12-11 18:30:00+00:00,2022-12-11 19:00:00+00:00,2022-12-11 19:30:00+00:00,17203.978839999996,17143.618386583465,21.400104794130065,stop,1,-0.0,-0.0055050085520283966,0.974952084305084,0.9695849647431666
selected_validation,long,2022-12-13 09:30:00+00:00,2022-12-13 10:00:00+00:00,2022-12-15 10:00:00+00:00,17437.67228,17684.82324,48.18550742797817,time_open,96,-0.0005999999999999339,0.011559218333469144,0.9695849647431666,0.9807926090434819
selected_validation,long,2022-12-20 14:30:00+00:00,2022-12-20 15:00:00+00:00,2022-12-21 14:30:00+00:00,16900.357439999996,16718.33710390117,70.13213010117127,stop,47,-0.00014921000000001072,-0.01290864608934278,0.9807926090434819,0.9681319043662964
selected_validation,long,2023-01-01 19:00:00+00:00,2023-01-01 19:30:00+00:00,2023-01-02 01:00:00+00:00,16619.84528,16558.527158476605,21.87682409419655,stop,11,1.4880000000050408e-05,-0.005670882554937044,0.9681319043662964,0.9626417420389475
selected_validation,long,2023-01-02 03:30:00+00:00,2023-01-02 04:00:00+00:00,2023-01-04 04:00:00+00:00,16661.36188,16849.15764,25.168245657739895,time_open,96,-0.0002710199999998997,0.008989041787938475,0.9626417420389475,0.9712949688849496
selected_validation,long,2023-01-08 15:30:00+00:00,2023-01-08 16:00:00+00:00,2023-01-08 16:00:00+00:00,16997.69636,16952.542195028604,15.348173840495537,stop,0,-0.0,-0.004653830839841331,0.9712949688849496,0.9667747264041702
selected_validation,long,2023-01-08 23:00:00+00:00,2023-01-08 23:30:00+00:00,2023-01-10 23:30:00+00:00,17049.51708,17415.73092,24.42373789788226,time_open,96,-0.00021265999999997565,0.019245286547304757,0.9667747264041702,0.9853805830405106
selected_validation,long,2023-01-11 23:00:00+00:00,2023-01-11 23:30:00+00:00,2023-01-13 23:30:00+00:00,17649.557,19807.77372,48.82383466041234,time_open,96,-0.0005470899999998613,0.11961226523367553,0.9853805830405106,1.103244186695266
selected_validation,long,2023-01-20 16:30:00+00:00,2023-01-20 17:00:00+00:00,2023-01-22 17:00:00+00:00,21320.5248,22805.374200000002,88.66565122559193,time_open,96,-0.0005999999999999339,0.06697448583066795,1.103244186695266,1.177133398844855
selected_validation,long,2023-01-29 01:00:00+00:00,2023-01-29 01:30:00+00:00,2023-01-29 01:30:00+00:00,23402.75736,23196.072790450035,78.96097103079835,stop,0,-0.0,-0.010822801595735334,1.177133398844855,1.1643935176174434
selected_validation,long,2023-01-29 18:30:00+00:00,2023-01-29 19:00:00+00:00,2023-01-30 09:00:00+00:00,23691.272719999997,23416.996624955817,105.96221927017996,stop,28,-0.00019999999999997797,-0.013765517065608142,1.1643935176174434,1.148365038779597
selected_validation,long,2023-02-14 14:30:00+00:00,2023-02-14 15:00:00+00:00,2023-02-14 15:30:00+00:00,22248.896,21981.64161796358,103.38328276767612,stop,1,-0.0,-0.014000016884180849,1.148365038779597,1.1322879088474795
selected_validation,long,2023-02-15 11:30:00+00:00,2023-02-15 12:00:00+00:00,2023-02-17 12:00:00+00:00,22441.9732,23783.08296,79.61793081109772,time_open,96,-0.0007224200000000014,0.05697681581585959,1.1322879088474795,1.1968020684804073
selected_validation,long,2023-02-19 16:00:00+00:00,2023-02-19 16:30:00+00:00,2023-02-19 16:30:00+00:00,25089.33172,24828.605570390413,100.31629328594896,stop,0,-0.0,-0.012381520973408191,1.1968020684804073,1.1819838385684989
selected_validation,long,2023-02-26 20:00:00+00:00,2023-02-26 20:30:00+00:00,2023-02-26 22:00:00+00:00,23586.4308,23359.48148167175,87.04071468917523,stop,3,-0.0,-0.011612406850888162,1.1819838385684989,1.168258161343867
selected_validation,long,2023-02-27 13:30:00+00:00,2023-02-27 14:00:00+00:00,2023-02-27 15:30:00+00:00,23705.67848,23471.98847719566,89.71898015699834,stop,3,-0.0,-0.011848117741008584,1.168258161343867,1.1544165010963707
selected_validation,long,2023-03-12 17:00:00+00:00,2023-03-12 17:30:00+00:00,2023-03-14 17:30:00+00:00,20638.15196,25749.39612,103.08877588324894,time_open,96,-0.0008086399999999161,0.24460367316333442,1.1544165010963707,1.4367910176249077
selected_validation,long,2023-03-26 13:30:00+00:00,2023-03-26 14:00:00+00:00,2023-03-26 14:30:00+00:00,28150.65576,27828.14602203296,124.54961010926002,stop,1,-0.0,-0.013445105612313274,1.4367910176249077,1.4174732106501178
selected_validation,long,2023-04-09 21:00:00+00:00,2023-04-09 21:30:00+00:00,2023-04-11 21:30:00+00:00,28316.121919999998,30155.23308,79.99816462418214,time_open,96,-0.0005616699999999586,0.062322640571580046,1.4174732106501178,1.5058138840773085
selected_validation,long,2023-04-13 14:30:00+00:00,2023-04-13 15:00:00+00:00,2023-04-14 15:30:00+00:00,30440.471319999997,30124.096434164865,121.72817019092838,stop,49,-0.00019886999999996213,-0.012581708939213126,1.5058138840773085,1.4868681720712218
selected_validation,long,2023-04-25 20:00:00+00:00,2023-04-25 20:30:00+00:00,2023-04-26 20:00:00+00:00,27925.86588,27575.689345563573,135.65673792894427,stop,47,-0.00016031999999999158,-0.014687285480863801,1.4868681720712218,1.4650301147556015
selected_validation,long,2023-04-30 14:30:00+00:00,2023-04-30 15:00:00+00:00,2023-04-30 19:00:00+00:00,29388.750799999998,29193.943317922854,73.25009273995403,stop,8,-6.0779999999982515e-05,-0.008682792480879768,1.4650301147556015,1.4523095622909392
selected_validation,long,2023-05-15 06:00:00+00:00,2023-05-15 06:30:00+00:00,2023-05-15 14:00:00+00:00,27509.29932,27223.285223757648,110.0481698736898,stop,15,1.5760000000031305e-05,-0.01237083977567573,1.4523095622909392,1.4343432733911563
selected_validation,long,2023-05-20 17:30:00+00:00,2023-05-20 18:00:00+00:00,2023-05-20 19:00:00+00:00,27140.75196,26988.400209654217,56.620828155977456,stop,2,-0.0,-0.007607781200010587,1.4343432733911563,1.4234311036014895
selected_validation,long,2023-05-21 00:30:00+00:00,2023-05-21 01:00:00+00:00,2023-05-21 05:00:00+00:00,27239.8916,27071.224762751088,63.133605685838916,stop,8,-0.0,-0.008185713691006827,1.4234311036014895,1.4117793041285338
selected_validation,long,2023-05-23 02:30:00+00:00,2023-05-23 03:00:00+00:00,2023-05-24 03:00:00+00:00,27130.147719999997,26890.10281709235,91.71382305708185,stop,48,-0.00029999999999996696,-0.011139054636918173,1.4117793041285338,1.3960534173245758
selected_validation,long,2023-05-26 14:00:00+00:00,2023-05-26 14:30:00+00:00,2023-05-27 13:30:00+00:00,26775.60596,26545.009630624092,87.9896306490241,stop,46,-0.00020662999999998544,-0.010810197493138203,1.3960534173245758,1.3809618041723266
selected_validation,long,2023-05-28 00:30:00+00:00,2023-05-28 01:00:00+00:00,2023-05-30 01:00:00+00:00,27074.22536,27690.21948,69.80171744432646,time_open,96,-0.0005618699999999643,0.020167427614149833,1.3809618041723266,1.4088122513958778
selected_validation,long,2023-06-03 15:30:00+00:00,2023-06-03 16:00:00+00:00,2023-06-03 17:30:00+00:00,27303.717119999998,27138.630578771874,61.690698031262556,stop,3,-0.0,-0.0080402564955557,1.4088122513958778,1.3974850395405736
selected_validation,long,2023-06-13 02:30:00+00:00,2023-06-13 03:00:00+00:00,2023-06-13 15:00:00+00:00,26125.84616,25852.437078196064,105.22558757100389,stop,24,-6.180000000000074e-05,-0.012516415366307897,1.3974850395405736,1.3799935363174827
selected_validation,long,2023-06-16 15:30:00+00:00,2023-06-16 16:00:00+00:00,2023-06-18 16:00:00+00:00,25842.73296,26536.881,118.00331523891738,time_open,96,-0.000460550000000004,0.02437306287807074,1.3799935363174827,1.4136282055494798
selected_validation,long,2023-06-19 18:00:00+00:00,2023-06-19 18:30:00+00:00,2023-06-19 18:30:00+00:00,26885.850039999998,26641.817787568427,93.34850436797507,stop,0,-0.0,-0.011067528823393671,1.4136282055494798,1.3979828346389986
selected_validation,long,2023-06-20 16:00:00+00:00,2023-06-20 16:30:00+00:00,2023-06-22 16:30:00+00:00,27198.77516,30078.36384,118.15704687355694,time_open,96,-0.0004808199999999374,0.10328530639346521,1.3979828346389986,1.5423739200474924
selected_validation,long,2023-06-23 14:30:00+00:00,2023-06-23 15:00:00+00:00,2023-06-25 15:00:00+00:00,30287.109999999997,30527.983920000002,146.17500800254354,time_open,96,-0.0005999999999999339,0.0053450646192392485,1.5423739200474924,1.5506180083171757
selected_validation,long,2023-06-27 11:30:00+00:00,2023-06-27 12:00:00+00:00,2023-06-27 15:30:00+00:00,30732.388039999998,30411.469793177836,123.49951644904557,stop,7,-0.0,-0.012431904222934543,1.5506180083171757,1.5313408737514191
selected_validation,long,2023-07-03 15:00:00+00:00,2023-07-03 15:30:00+00:00,2023-07-04 19:00:00+00:00,30945.07308,30722.077177661402,84.28086158727334,stop,55,-0.00039999999999995595,-0.009598978197929554,1.5313408737514191,1.516641566090681
selected_validation,long,2023-07-10 18:30:00+00:00,2023-07-10 19:00:00+00:00,2023-07-10 21:30:00+00:00,30531.507719999998,30307.57674264827,84.72123820077108,stop,5,-0.0,-0.009327088083102843,1.516641566090681,1.502495716613258
selected_validation,long,2023-07-13 15:00:00+00:00,2023-07-13 15:30:00+00:00,2023-07-14 18:00:00+00:00,30814.72096,30555.560235975467,98.77344363366716,stop,53,-0.0003052900000000136,-0.010707169206908375,1.502495716613258,1.4864082407428247
selected_validation,long,2023-07-20 07:00:00+00:00,2023-07-20 07:30:00+00:00,2023-07-20 14:30:00+00:00,30206.87792,29957.344439691926,95.01829897562038,stop,14,-9.641000000004674e-05,-0.010348965841354073,1.4864082407428247,1.4710254526330702
selected_validation,long,2023-07-23 17:30:00+00:00,2023-07-23 18:00:00+00:00,2023-07-23 21:30:00+00:00,30122.144039999996,29979.458907651137,52.27542006116856,stop,7,-0.0,-0.006732148117585033,1.4710254526330702,1.4611222914012068
selected_validation,long,2023-08-02 01:00:00+00:00,2023-08-02 01:30:00+00:00,2023-08-02 03:30:00+00:00,29985.4894,29699.29382775084,109.72444037181222,stop,4,-0.0,-0.01153492447173162,1.4611222914012068,1.4442683561259304
selected_validation,long,2023-08-08 11:00:00+00:00,2023-08-08 11:30:00+00:00,2023-08-10 11:30:00+00:00,29348.53472,29498.196,60.03483185133571,time_open,96,-0.0005245799999998857,0.002569766963022955,1.4442683561259304,1.4479797892332422
selected_validation,long,2023-08-14 14:30:00+00:00,2023-08-14 15:00:00+00:00,2023-08-14 18:00:00+00:00,29535.409439999996,29401.406706207024,48.89498600118913,stop,6,-9.999999999998899e-05,-0.006632482657168754,1.4479797892332422,1.438376088393222
selected_validation,long,2023-08-23 17:00:00+00:00,2023-08-23 17:30:00+00:00,2023-08-23 21:30:00+00:00,26489.49156,26202.79359702629,110.48506056410858,stop,8,-0.0,-0.012812259811102698,1.438376088393222,1.4199472402426505
selected_validation,long,2023-08-27 14:00:00+00:00,2023-08-27 14:30:00+00:00,2023-08-27 17:30:00+00:00,26135.55004,26056.79211965681,27.332413096115463,stop,6,-1.231999999995459e-05,-0.005022746882251493,1.4199472402426505,1.41281520466876
selected_validation,long,2023-08-29 14:00:00+00:00,2023-08-29 14:30:00+00:00,2023-08-31 14:30:00+00:00,26947.07452,27115.94928,96.87987353910698,time_open,96,-0.00013377000000003303,0.004126868241631268,1.41281520466876,1.4186457068682015
selected_validation,long,2023-09-07 20:30:00+00:00,2023-09-07 21:00:00+00:00,2023-09-08 10:00:00+00:00,26001.8966,25805.315383631314,74.50198388502852,stop,26,1.0130000000052597e-05,-0.009542574257439334,1.4186457068682015,1.4051081748654142
selected_validation,long,2023-09-14 00:30:00+00:00,2023-09-14 01:00:00+00:00,2023-09-14 01:00:00+00:00,26524.50556,26226.58343677384,114.9709167675722,stop,0,-0.0,-0.013220725695704027,1.4051081748654142,1.3865316251127273
selected_validation,long,2023-09-14 13:00:00+00:00,2023-09-14 13:30:00+00:00,2023-09-15 11:30:00+00:00,26659.1594,26377.35733285278,108.4987608592336,stop,44,8.150000000006763e-05,-0.012478482813264344,1.3865316251127273,1.3692298140587107
selected_validation,long,2023-09-15 22:30:00+00:00,2023-09-15 23:00:00+00:00,2023-09-16 04:00:00+00:00,26774.90568,26537.6062097749,90.67207201004406,stop,10,1.3810000000002987e-05,-0.010840083776064782,1.3692298140587107,1.3543872481656285
selected_validation,long,2023-09-18 09:30:00+00:00,2023-09-18 10:00:00+00:00,2023-09-18 17:30:00+00:00,26869.2434,26678.51234419803,72.0221522376847,stop,15,6.773999999998281e-05,-0.009023651518161271,1.3543872481656285,1.3421657296175404
selected_validation,long,2023-09-27 11:00:00+00:00,2023-09-27 11:30:00+00:00,2023-09-27 14:00:00+00:00,26573.725239999996,26414.726007491336,59.37164562331393,stop,5,-0.0,-0.007977341597445937,1.3421657296175404,1.3314588151119962
selected_validation,long,2023-09-28 14:30:00+00:00,2023-09-28 15:00:00+00:00,2023-09-30 15:00:00+00:00,26790.712,26966.80896,94.7121458046216,time_open,96,8.209999999997386e-05,0.00464858703625346,1.3314588151119962,1.337648217299231
selected_validation,long,2023-09-30 15:00:00+00:00,2023-09-30 15:30:00+00:00,2023-10-02 15:30:00+00:00,27016.3022,28339.45968,53.909621803796504,time_open,96,-5.496999999998753e-05,0.04687231519005109,1.337648217299231,1.4003468861538906
selected_validation,long,2023-10-04 19:00:00+00:00,2023-10-04 19:30:00+00:00,2023-10-04 19:30:00+00:00,27761.1,27505.692241728248,97.7604314812933,stop,0,-0.0,-0.011191002896624412,1.4003468861538906,1.3846756000946634
selected_validation,long,2023-10-05 13:00:00+00:00,2023-10-05 13:30:00+00:00,2023-10-05 15:00:00+00:00,28009.49932,27778.40637758492,87.99085341619859,stop,3,-0.0,-0.010242269768378796,1.3846756000946634,1.370493379056802
selected_validation,long,2023-10-06 15:30:00+00:00,2023-10-06 16:00:00+00:00,2023-10-08 16:00:00+00:00,27937.77064,27872.3466,123.07016170535005,time_open,96,-0.0001350700000000149,-0.004474505626492746,1.370493379056802,1.3643610987211412
selected_validation,long,2023-10-15 17:00:00+00:00,2023-10-15 17:30:00+00:00,2023-10-17 17:30:00+00:00,26990.89204,28400.73516,38.08635286005575,time_open,96,-9.568999999998162e-05,0.050086108022560034,1.3643610987211412,1.432696636093467
selected_validation,long,2023-10-18 04:30:00+00:00,2023-10-18 05:00:00+00:00,2023-10-18 09:30:00+00:00,28728.286719999996,28367.547071521556,139.75523561042124,stop,9,1.2160000000038806e-05,-0.01453223265182748,1.432696636093467,1.411876355258266
selected_validation,long,2023-10-19 14:30:00+00:00,2023-10-19 15:00:00+00:00,2023-10-21 15:00:00+00:00,28676.9662,29855.852880000002,103.61828102477037,time_open,96,0.0001286400000001242,0.039196714813297624,1.411876355258266,1.4672172701069623
selected_validation,long,2023-10-21 17:30:00+00:00,2023-10-21 18:00:00+00:00,2023-10-21 23:30:00+00:00,30144.553,29845.5071073553,114.84116504389836,stop,11,-0.0,-0.011910475260722987,1.4672172701069623,1.449742015109248
selected_validation,long,2023-10-23 01:00:00+00:00,2023-10-23 01:30:00+00:00,2023-10-25 01:30:00+00:00,30417.462119999997,34335.560280000005,117.20907914679945,time_open,96,-0.0005023800000000245,0.12617962661837484,1.449742015109248,1.632669921268703
selected_validation,long,2023-10-28 11:00:00+00:00,2023-10-28 11:30:00+00:00,2023-10-28 12:30:00+00:00,34339.7304,34046.97015168581,111.65440422336695,stop,2,-0.0,-0.010516883640585423,1.632669921268703,1.6154993216832363
selected_validation,long,2023-10-29 12:30:00+00:00,2023-10-29 13:00:00+00:00,2023-10-30 02:00:00+00:00,34454.476279999995,34230.22485984302,84.22154047417946,stop,26,-0.00019999999999997797,-0.008702120854086413,1.6154993216832363,1.6014410513462543
selected_validation,long,2023-10-30 12:00:00+00:00,2023-10-30 12:30:00+00:00,2023-10-30 13:00:00+00:00,34849.63428,34504.69031187278,132.45462761713557,stop,1,-0.0,-0.011888167588514895,1.6014410513462543,1.5824028517447226
selected_validation,long,2023-11-01 12:30:00+00:00,2023-11-01 13:00:00+00:00,2023-11-01 13:30:00+00:00,34839.33016,34531.84983059152,117.46482486773603,stop,1,-0.0,-0.01081684141653625,1.5824028517447226,1.5652862510403251
selected_validation,long,2023-11-04 22:30:00+00:00,2023-11-04 23:00:00+00:00,2023-11-05 13:30:00+00:00,35185.86872,34913.3281668686,103.4278533987189,stop,29,-0.00019999999999997797,-0.009937993191099006,1.5652862510403251,1.5497304469353654
selected_validation,long,2023-11-07 20:30:00+00:00,2023-11-07 21:00:00+00:00,2023-11-07 22:00:00+00:00,35652.85544,35206.43921559816,172.93120537248345,stop,2,-0.0,-0.014508670138019021,1.5497304469353654,1.5272459190779355
selected_validation,long,2023-11-13 01:00:00+00:00,2023-11-13 01:30:00+00:00,2023-11-13 03:00:00+00:00,37355.13608,37070.34042182025,107.98463535323984,stop,3,-0.0,-0.00961637869320723,1.5272459190779355,1.5125593439624267
selected_validation,long,2023-11-19 18:30:00+00:00,2023-11-19 19:00:00+00:00,2023-11-20 14:00:00+00:00,36866.540720000005,36608.53291928558,97.34341113502414,stop,38,-0.00019999999999997797,-0.00919142875571941,1.5125593439624267,1.4986567625135985
selected_validation,long,2023-11-24 15:00:00+00:00,2023-11-24 15:30:00+00:00,2023-11-24 16:30:00+00:00,38303.21516,37850.47008356452,175.03953196137684,stop,2,-9.999999999998899e-05,-0.013908207991672028,1.4986567625135985,1.4778131325524335
selected_validation,long,2023-12-01 04:00:00+00:00,2023-12-01 04:30:00+00:00,2023-12-03 04:30:00+00:00,38205.376039999996,39365.94732,125.579953025839,time_open,96,-0.0005546399999999396,0.027792154846519257,1.4778131325524335,1.5188847439665503
selected_validation,long,2023-12-03 22:00:00+00:00,2023-12-03 22:30:00+00:00,2023-12-05 22:30:00+00:00,39917.060439999994,44410.62864,129.91302575123152,time_open,96,-0.0005999999999999339,0.10986005047259464,1.5188847439665503,1.6857494986007695
selected_validation,long,2023-12-08 14:30:00+00:00,2023-12-08 15:00:00+00:00,2023-12-10 15:00:00+00:00,44011.297479999994,43844.255280000005,183.44085931378305,time_open,96,-0.0012020400000000153,-0.006993683676849632,1.6857494986007695,1.6739598998491478
selected_validation,long,2023-12-20 13:00:00+00:00,2023-12-20 13:30:00+00:00,2023-12-22 13:30:00+00:00,43447.371999999996,43682.0202,210.17061622820253,time_open,96,-0.0016935999999999618,0.0017017447817281178,1.6739598998491478,1.676808552373538
selected_validation,long,2023-12-27 20:00:00+00:00,2023-12-27 20:30:00+00:00,2023-12-28 07:00:00+00:00,43369.04068,42857.30427649989,197.8346487507462,stop,21,-0.00013021000000001948,-0.013917989002738338,1.676808552373538,1.6534707493819056
selected_validation,long,2023-12-31 09:00:00+00:00,2023-12-31 09:30:00+00:00,2023-12-31 22:30:00+00:00,42785.30727999999,42343.73490443465,169.8512415579598,stop,26,-0.00033596999999996324,-0.012646303879405957,1.6534707493819056,1.632560455829513
selected_diagnostic,long,2024-01-01 18:00:00+00:00,2024-01-01 18:30:00+00:00,2024-01-03 12:00:00+00:00,43113.33844,42717.03834849188,151.68257548304032,stop,83,-0.001930369999999959,-0.013113230936820777,1.0,0.9868867690631792
selected_diagnostic,long,2024-01-07 13:00:00+00:00,2024-01-07 13:30:00+00:00,2024-01-07 15:30:00+00:00,44397.55192,44002.50220775613,150.9766672572487,stop,4,-0.0,-0.010889108643709754,0.9868867690631792,0.9761404518158106
selected_diagnostic,long,2024-01-26 10:30:00+00:00,2024-01-26 11:00:00+00:00,2024-01-28 11:00:00+00:00,40688.66896,42567.966,165.11140738575352,time_open,96,-0.0005199100000000678,0.043621135921301415,0.9761404518158106,1.0187208071427487
selected_diagnostic,long,2024-01-29 15:30:00+00:00,2024-01-29 16:00:00+00:00,2024-01-31 16:00:00+00:00,42640.14924,43324.56324,191.29454005548504,time_open,96,-0.00046794999999999476,0.013566927883556106,1.0187208071427487,1.0325417188667325
selected_diagnostic,long,2024-02-05 13:00:00+00:00,2024-02-05 13:30:00+00:00,2024-02-05 15:00:00+00:00,43392.24996,43012.000385633626,145.21515581527785,stop,3,-0.0,-0.010754312697363705,1.0325417188667325,1.0214374423489663
selected_diagnostic,long,2024-02-06 15:30:00+00:00,2024-02-06 16:00:00+00:00,2024-02-07 03:30:00+00:00,43249.292799999996,42796.86642479241,174.12031135957665,stop,23,-7.526999999996065e-05,-0.012525705592611062,1.0214374423489663,1.0086432176648334
selected_diagnostic,long,2024-02-07 17:00:00+00:00,2024-02-07 17:30:00+00:00,2024-02-09 17:30:00+00:00,43549.21272,47555.270280000004,159.1554037863759,time_open,96,-0.00042085999999996737,0.08947635816950447,1.0086432176648334,1.0988929394738534
selected_diagnostic,long,2024-02-10 20:30:00+00:00,2024-02-10 21:00:00+00:00,2024-02-12 21:00:00+00:00,47883.6458,50157.429000000004,194.91438267944622,time_open,96,-0.0005999999999999339,0.044838104990744136,1.0988929394738534,1.1481652164675693
selected_diagnostic,long,2024-02-18 22:00:00+00:00,2024-02-18 22:30:00+00:00,2024-02-19 16:30:00+00:00,52284.9056,51806.78259801327,182.956798618139,stop,36,-0.0005598499999999174,-0.011695275865333032,1.1481652164675693,1.1347371075220012
selected_diagnostic,long,2024-02-20 13:30:00+00:00,2024-02-20 14:00:00+00:00,2024-02-20 14:00:00+00:00,52911.05596,52340.86356930894,219.69906694960474,stop,0,-0.0,-0.012765655456413384,1.1347371075220012,1.1202514445737681
selected_diagnostic,long,2024-02-25 02:00:00+00:00,2024-02-25 02:30:00+00:00,2024-02-25 03:00:00+00:00,51877.342639999995,51507.280967828774,139.7802061285408,stop,1,-0.0,-0.009126263445383134,1.1202514445737681,1.110027734765517
selected_diagnostic,long,2024-02-25 20:00:00+00:00,2024-02-25 20:30:00+00:00,2024-02-26 01:00:00+00:00,51984.485479999996,51614.132021841935,139.87981751343168,stop,9,-0.0002676099999999737,-0.009384793161161475,1.110027734765517,1.09961035407159
selected_diagnostic,long,2024-02-26 19:00:00+00:00,2024-02-26 19:30:00+00:00,2024-02-28 19:30:00+00:00,54316.41787999999,61441.01376,261.86290517751866,time_open,96,-0.0023269700000000393,0.12671022946783816,1.09961035407159,1.238942234361212
selected_diagnostic,long,2024-03-03 12:00:00+00:00,2024-03-03 12:30:00+00:00,2024-03-03 13:00:00+00:00,62668.35732,62008.91774750471,253.8504319997188,stop,1,-0.0,-0.01251216532705499,1.238942234361212,1.2234403842942136
selected_diagnostic,long,2024-03-03 16:30:00+00:00,2024-03-03 17:00:00+00:00,2024-03-05 17:00:00+00:00,62926.96072,65595.65123999999,274.73060011852516,time_open,96,-0.00385600999999991,0.03651091506639138,1.2234403842942136,1.2681093122539728
selected_diagnostic,long,2024-03-10 01:00:00+00:00,2024-03-10 01:30:00+00:00,2024-03-10 22:30:00+00:00,68995.88732,68314.26525007632,261.71417166693453,stop,42,-0.0011792999999999942,-0.013048590392564624,1.2681093122539728,1.251562273265374
selected_diagnostic,long,2024-03-31 13:00:00+00:00,2024-03-31 13:30:00+00:00,2024-04-01 05:30:00+00:00,70748.48808,70248.97433883332,188.5611628390107,stop,32,-0.0011046200000000006,-0.010157975357378711,1.251562273265374,1.2388489345353193
selected_diagnostic,long,2024-04-06 22:00:00+00:00,2024-04-06 22:30:00+00:00,2024-04-08 22:30:00+00:00,68701.56964,71746.29000000001,258.56263747787375,time_open,96,-0.0008518899999999663,0.0414218530247744,1.2388489345353193,1.2901643530215396
selected_diagnostic,long,2024-05-05 15:00:00+00:00,2024-05-05 15:30:00+00:00,2024-05-05 20:30:00+00:00,64348.52912,63536.75720316025,314.5388176037428,stop,10,-3.892999999999258e-05,-0.014641551318827602,1.2901643530215396,1.2712743454370528
selected_diagnostic,long,2024-05-06 08:00:00+00:00,2024-05-06 08:30:00+00:00,2024-05-06 10:30:00+00:00,65378.54096,64594.74697103682,303.17830035181436,stop,4,-0.0,-0.013976562698963928,1.2712743454370528,1.2535062998404674
selected_diagnostic,long,2024-05-13 07:30:00+00:00,2024-05-13 08:00:00+00:00,2024-05-14 06:00:00+00:00,62321.4186,61622.81151549648,269.5792385208151,stop,44,-0.00019016999999998951,-0.013388703234591803,1.2535062998404674,1.236723475989212
selected_diagnostic,long,2024-05-15 09:30:00+00:00,2024-05-15 10:00:00+00:00,2024-05-17 10:00:00+00:00,62651.15044,66297.67032,265.5597407931173,time_open,96,-0.00018628999999992235,0.055959064626947067,1.236723475989212,1.305929364907755
selected_diagnostic,long,2024-05-17 14:30:00+00:00,2024-05-17 15:00:00+00:00,2024-05-19 15:00:00+00:00,66804.61115999999,66869.24160000001,327.28186154584574,time_open,96,-0.0001609900000000275,-0.001194502680653402,1.305929364907755,1.3043694287806287
selected_diagnostic,long,2024-05-20 16:00:00+00:00,2024-05-20 16:30:00+00:00,2024-05-22 16:30:00+00:00,67826.41972,70401.82800000001,296.0154256656457,time_open,96,-0.0006627599999999845,0.03526984623723233,1.3043694287806287,1.350374337970268
selected_diagnostic,long,2024-05-25 10:30:00+00:00,2024-05-25 11:00:00+00:00,2024-05-26 15:30:00+00:00,69425.45908,68792.13821489397,242.31719946939944,stop,57,-0.00029999999999996696,-0.011413192085800493,1.350374337970268,1.3349622562632777
selected_diagnostic,long,2024-05-30 17:00:00+00:00,2024-05-30 17:30:00+00:00,2024-05-30 20:00:00+00:00,69072.71804,68234.7964859842,324.2466853940815,stop,5,-0.0,-0.014118874951135287,1.3349622562632777,1.316114091102611
selected_diagnostic,long,2024-06-02 14:00:00+00:00,2024-06-02 14:30:00+00:00,2024-06-02 17:00:00+00:00,68426.75975999999,67954.86411473884,177.88112899445406,stop,5,-9.999999999998899e-05,-0.008989464754276755,1.316114091102611,1.3042829298680372
selected_diagnostic,long,2024-06-03 02:00:00+00:00,2024-06-03 02:30:00+00:00,2024-06-05 02:30:00+00:00,68693.16627999999,71000.28852,223.192805026498,time_open,96,-0.0006614299999999629,0.030890890304546136,1.3042829298680372,1.3445733907806827
selected_diagnostic,long,2024-06-05 15:00:00+00:00,2024-06-05 15:30:00+00:00,2024-06-05 23:00:00+00:00,71628.53996,70791.35416375908,323.54316937051226,stop,15,-0.00013225999999999516,-0.013808452351703958,1.3445733907806827,1.3260069131807186
selected_diagnostic,long,2024-06-07 11:30:00+00:00,2024-06-07 12:00:00+00:00,2024-06-07 12:30:00+00:00,71778.59995999999,71224.07787611685,210.40842092802956,stop,1,-0.0,-0.009717725925386852,1.3260069131807186,1.3131211414232602
selected_diagnostic,long,2024-06-12 14:00:00+00:00,2024-06-12 14:30:00+00:00,2024-06-12 18:00:00+00:00,69898.04804000001,69054.52500611467,326.35606829505616,stop,7,-9.999999999998899e-05,-0.014155837530244348,1.3131211414232602,1.2945328118877435
selected_diagnostic,long,2024-06-20 10:30:00+00:00,2024-06-20 11:00:00+00:00,2024-06-20 13:00:00+00:00,66218.57684000001,65597.60325942768,237.88961578084948,stop,4,-0.0,-0.011368256410745296,1.2945328118877435,1.2798162309500805
selected_diagnostic,long,2024-06-30 18:30:00+00:00,2024-06-30 19:00:00+00:00,2024-07-02 19:00:00+00:00,62082.22296,62288.874480000006,170.78140283104176,time_open,96,-0.0005999999999999339,0.0007253459466653885,1.2798162309500805,1.2807445404656768
selected_diagnostic,long,2024-07-13 09:30:00+00:00,2024-07-13 10:00:00+00:00,2024-07-15 10:00:00+00:00,58677.56163999999,62584.956000000006,256.5382764375998,time_open,96,-0.00038581000000004195,0.06413854541866541,1.2807445404656768,1.3628896323440423
selected_diagnostic,long,2024-07-26 13:30:00+00:00,2024-07-26 14:00:00+00:00,2024-07-26 14:30:00+00:00,67889.84508,67067.23705205854,318.3081592274777,stop,1,-0.0,-0.01410468839551984,1.3628896323440423,1.343666498762345
selected_diagnostic,long,2024-07-27 07:00:00+00:00,2024-07-27 07:30:00+00:00,2024-07-27 19:30:00+00:00,68265.2952,67598.25025029342,255.99793182336157,stop,24,-0.00017130999999992458,-0.011932901198053705,1.343666498762345,1.3276326591894791
selected_diagnostic,long,2024-07-29 00:00:00+00:00,2024-07-29 00:30:00+00:00,2024-07-29 14:30:00+00:00,68844.52679999999,68100.52466099522,286.7004114785036,stop,28,-5.6229999999990454e-05,-0.012852413391963871,1.3276326591894791,1.3105693754209038
selected_diagnostic,long,2024-08-11 03:00:00+00:00,2024-08-11 03:30:00+00:00,2024-08-11 11:00:00+00:00,61318.91776,60657.60710243787,254.81516224815266,stop,15,1.8390000000034767e-05,-0.01275559902391462,1.3105693754209038,1.2938522779750126
selected_diagnostic,long,2024-08-18 02:30:00+00:00,2024-08-18 03:00:00+00:00,2024-08-18 03:00:00+00:00,60127.94156,59564.87768845163,215.6913545115562,stop,0,-0.0,-0.011355065100898613,1.2938522779750126,1.2791605011276603
selected_diagnostic,long,2024-08-23 14:00:00+00:00,2024-08-23 14:30:00+00:00,2024-08-23 14:30:00+00:00,61803.2114,61060.117724217,287.4639420660283,stop,0,-0.0,-0.014011521170034453,1.2791605011276603,1.2612375166862382
selected_diagnostic,long,2024-08-25 23:00:00+00:00,2024-08-25 23:30:00+00:00,2024-08-25 23:30:00+00:00,64745.08768,64190.477835351914,211.5693515710633,stop,0,-0.0,-0.010557486824974763,1.2612375166862382,1.2479220182206592
selected_diagnostic,long,2024-09-02 20:30:00+00:00,2024-09-02 21:00:00+00:00,2024-09-03 13:30:00+00:00,58985.684839999994,58236.05896363589,290.528852512248,stop,33,-0.00011368000000000489,-0.014809578208507392,1.2479220182206592,1.2294408194937019
selected_diagnostic,long,2024-09-17 12:30:00+00:00,2024-09-17 13:00:00+00:00,2024-09-19 13:00:00+00:00,59369.53832,62870.8416,249.96082878507815,time_open,96,-0.00019458000000005526,0.05672118851864592,1.2294408194937019,1.2991761639887225
selected_diagnostic,long,2024-09-22 22:30:00+00:00,2024-09-22 23:00:00+00:00,2024-09-23 00:00:00+00:00,63882.14264,63263.36210423338,237.3860258946064,stop,2,-6.545999999996166e-05,-0.011742057084640984,1.2991761639887225,1.283921163308162
selected_diagnostic,long,2024-09-23 03:00:00+00:00,2024-09-23 03:30:00+00:00,2024-09-23 04:00:00+00:00,64656.552279999996,63848.59279426847,312.9639315004102,stop,1,-0.0,-0.01448367718016209,1.283921163308162,1.2653252636540284
selected_diagnostic,long,2024-09-24 19:30:00+00:00,2024-09-24 20:00:00+00:00,2024-09-25 10:00:00+00:00,64295.708,63536.9087999918,293.34970660592387,stop,28,-2.3639999999991446e-05,-0.013813546735426195,1.2653252636540284,1.247846633989028
selected_diagnostic,long,2024-09-26 10:00:00+00:00,2024-09-26 10:30:00+00:00,2024-09-28 10:30:00+00:00,64215.275839999995,65603.94792,234.91488416405633,time_open,96,-0.00042752000000001456,0.019176115424327886,1.247846633989028,1.2717754850742606
selected_diagnostic,long,2024-10-04 12:30:00+00:00,2024-10-04 13:00:00+00:00,2024-10-04 14:00:00+00:00,61916.55672,61161.1588858232,292.3694323684712,stop,2,-0.0,-0.014188055607731594,1.2717754850742606,1.2537314637714772
selected_diagnostic,long,2024-10-06 14:00:00+00:00,2024-10-06 14:30:00+00:00,2024-10-08 07:00:00+00:00,62399.449799999995,62049.77291676488,129.93881685278973,stop,81,-8.299999999994423e-05,-0.007681241770905474,1.2537314637714772,1.2441012492824572
selected_diagnostic,long,2024-10-11 15:00:00+00:00,2024-10-11 15:30:00+00:00,2024-10-13 15:30:00+00:00,62155.052079999994,62000.19,257.9996570642062,time_open,96,-0.00013183999999999418,-0.004620892985119626,1.2441012492824572,1.2383523905468694
selected_diagnostic,long,2024-10-14 03:00:00+00:00,2024-10-14 03:30:00+00:00,2024-10-16 03:30:00+00:00,63330.221959999995,67094.6514,232.55228785935432,time_open,96,-0.0005832499999999241,0.056798588467821695,1.2383523905468694,1.3086890583556843
selected_diagnostic,long,2024-10-18 01:30:00+00:00,2024-10-18 02:00:00+00:00,2024-10-20 02:00:00+00:00,68107.232,68101.94832,310.7490433607526,time_open,96,-0.0005999999999999339,-0.0026775012603655127,1.3086890583556843,1.3051850417525104
selected_diagnostic,long,2024-10-20 08:00:00+00:00,2024-10-20 08:30:00+00:00,2024-10-20 13:00:00+00:00,68487.48404,68149.59521484566,124.24723150794021,stop,9,-0.0,-0.006928651432603912,1.3051850417525104,1.2961418695431586
selected_diagnostic,long,2024-10-20 14:00:00+00:00,2024-10-20 14:30:00+00:00,2024-10-20 15:00:00+00:00,68664.35475999999,68327.86825025683,123.65777024376507,stop,1,-0.0,-0.006895553514022669,1.2961418695431586,1.2872042539199582
selected_diagnostic,long,2024-10-20 20:30:00+00:00,2024-10-20 21:00:00+00:00,2024-10-21 08:30:00+00:00,68791.5056,68423.22572366927,136.35985357772705,stop,23,-0.00019999999999997797,-0.0075482125917361465,1.2872042539199582,1.2774881625623833
selected_diagnostic,long,2024-10-24 13:30:00+00:00,2024-10-24 14:00:00+00:00,2024-10-25 17:30:00+00:00,67909.85308,67174.12274222962,283.5399746051914,stop,55,-0.00039999999999995595,-0.013223092292170868,1.2774881625623833,1.260595818686665
selected_diagnostic,long,2024-10-27 13:00:00+00:00,2024-10-27 13:30:00+00:00,2024-10-29 13:30:00+00:00,67668.65664,71171.61996000001,153.85770647943568,time_open,96,-0.000583709999999904,0.04913093205795146,1.260595818686665,1.3225300662070971
selected_diagnostic,long,2024-10-29 13:30:00+00:00,2024-10-29 14:00:00+00:00,2024-10-31 14:00:00+00:00,71810.2126,71293.57116,304.81394437123345,time_open,96,-0.0005999999999999339,-0.009787345363185672,1.3225300662070971,1.3095860076959314
selected_diagnostic,long,2024-11-05 14:00:00+00:00,2024-11-05 14:30:00+00:00,2024-11-07 14:30:00+00:00,69348.32824,74850.34788,313.23623158366553,time_open,96,-0.0005999999999999339,0.0766595547701988,1.3095860076959314,1.4099782879791836
selected_diagnostic,long,2024-11-09 23:00:00+00:00,2024-11-09 23:30:00+00:00,2024-11-11 23:30:00+00:00,76854.02932,88989.39,230.3311022780046,time_open,96,-0.001065939999999932,0.15467758270903156,1.4099782879791836,1.6280703212360226
selected_diagnostic,long,2024-11-18 06:30:00+00:00,2024-11-18 07:00:00+00:00,2024-11-18 11:00:00+00:00,92249.385,91106.57954624423,442.539295620554,stop,8,-0.00036449999999998983,-0.014740329370591573,1.6280703212360226,1.6040720284625187
selected_diagnostic,long,2024-11-25 09:00:00+00:00,2024-11-25 09:30:00+00:00,2024-11-25 13:00:00+00:00,98762.28912,97652.85146353571,428.14435406814306,stop,7,-0.0,-0.013222180335058457,1.6040720284625187,1.5828626988317642
selected_diagnostic,long,2024-11-29 02:30:00+00:00,2024-11-29 03:00:00+00:00,2024-11-29 07:30:00+00:00,96836.71919999999,95651.6560646185,458.7148650266098,stop,9,-0.0,-0.014225507865472178,1.5828626988317642,1.5603456730595704
selected_diagnostic,long,2024-11-29 11:00:00+00:00,2024-11-29 11:30:00+00:00,2024-12-01 02:30:00+00:00,97089.42024,96017.19861677884,413.5197499500474,stop,78,-0.000757939999999957,-0.013790546837594854,1.5603456730595704,1.5388276529724039
selected_diagnostic,long,2024-12-01 13:00:00+00:00,2024-12-01 13:30:00+00:00,2024-12-02 03:30:00+00:00,97388.83995999998,96609.82536232086,296.14208151065156,stop,28,-0.0003572600000000259,-0.010348273995043922,1.5388276529724039,1.522903442788295
selected_diagnostic,long,2024-12-04 06:00:00+00:00,2024-12-04 06:30:00+00:00,2024-12-04 13:30:00+00:00,96792.50152,95604.92782710968,459.72656753994585,stop,14,-0.0002625400000000333,-0.01451954442252015,1.522903442788295,1.5007915785995216
selected_diagnostic,long,2024-12-08 23:30:00+00:00,2024-12-09 00:00:00+00:00,2024-12-09 00:00:00+00:00,101240.58004,100197.95583245483,401.0115948496097,stop,0,-0.0,-0.012288182692415415,1.5007915785995216,1.4823495774984523
selected_diagnostic,long,2024-12-14 01:00:00+00:00,2024-12-14 01:30:00+00:00,2024-12-14 10:00:00+00:00,102596.022,101351.18697981122,481.71132908715055,stop,17,-9.999999999998899e-05,-0.01422123200223684,1.4823495774984523,1.4612687402484292
selected_diagnostic,long,2024-12-15 04:00:00+00:00,2024-12-15 04:30:00+00:00,2024-12-15 06:30:00+00:00,102641.04,101717.70760890728,353.0516106813648,stop,4,-0.0,-0.010986747003943217,1.4612687402484292,1.445214150294549
selected_diagnostic,long,2024-12-15 23:00:00+00:00,2024-12-15 23:30:00+00:00,2024-12-16 11:30:00+00:00,104830.11528,103700.5691928226,435.2197043078842,stop,24,-0.00019999999999997797,-0.012964240200215664,1.445214150294549,1.4264780469093798
selected_diagnostic,long,2024-12-17 14:30:00+00:00,2024-12-17 15:00:00+00:00,2024-12-17 15:00:00+00:00,108263.48808,106982.75527208569,495.1690326859977,stop,0,-0.0,-0.013817946177394097,1.4264780469093798,1.4067670500339517
selected_diagnostic,long,2025-01-01 19:30:00+00:00,2025-01-01 20:00:00+00:00,2025-01-03 20:00:00+00:00,94649.94484,98506.18176,393.99362212550415,time_open,96,-0.0005524199999999979,0.038148931591828555,1.4067670500339517,1.4604337099913356
selected_diagnostic,long,2025-01-04 20:30:00+00:00,2025-01-04 21:00:00+00:00,2025-01-05 08:00:00+00:00,98616.83095999999,97890.21614256031,274.9772249122392,stop,22,-0.00019999999999997797,-0.009560692850865088,1.4604337099913356,1.446470951861059
selected_diagnostic,long,2025-01-06 05:00:00+00:00,2025-01-06 05:30:00+00:00,2025-01-06 10:00:00+00:00,99666.65072,98807.64156589785,327.7881127707694,stop,9,-9.999999999998899e-05,-0.01071020350085715,1.446470951861059,1.4309789536085484
selected_diagnostic,long,2025-01-06 14:30:00+00:00,2025-01-06 15:00:00+00:00,2025-01-07 15:00:00+00:00,100742.2808,99599.7436514805,441.0725234891957,stop,48,-0.00028903000000002343,-0.013618876835976882,1.4309789536085484,1.4114906274844785
selected_diagnostic,long,2025-01-17 10:30:00+00:00,2025-01-17 11:00:00+00:00,2025-01-19 11:00:00+00:00,102329.81555999999,104776.87248,499.87910502053904,time_open,96,-0.0005013899999999349,0.021388126947742937,1.4114906274844785,1.441679768210666
selected_diagnostic,long,2025-01-26 04:00:00+00:00,2025-01-26 04:30:00+00:00,2025-01-26 09:30:00+00:00,105379.635,104531.00389498232,322.720788722562,stop,10,-9.999999999998899e-05,-0.010145031413447773,1.441679768210666,1.4270538816740366
selected_diagnostic,long,2025-01-30 14:30:00+00:00,2025-01-30 15:00:00+00:00,2025-01-30 23:30:00+00:00,105922.15192,104609.18556752062,508.44237363400856,stop,17,-9.4990000000017e-05,-0.014478172954190401,1.4270538816740366,1.406392748760211
selected_diagnostic,long,2025-02-10 08:00:00+00:00,2025-02-10 08:30:00+00:00,2025-02-11 14:00:00+00:00,97691.16084,96506.83396691093,458.28347689198375,stop,59,-0.00018764999999998366,-0.01429870013025437,1.406392748760211,1.3862831605803245
selected_diagnostic,long,2025-02-14 14:30:00+00:00,2025-02-14 15:00:00+00:00,2025-02-14 15:00:00+00:00,97288.79995999999,96370.4189089918,351.9269832029546,stop,0,-0.0,-0.01143030102472621,1.3862831605803245,1.3704375267493825
selected_diagnostic,long,2025-02-14 16:30:00+00:00,2025-02-14 17:00:00+00:00,2025-02-16 17:00:00+00:00,97665.85072,96969.1968,425.1656635262024,time_open,96,-0.0001445800000001718,-0.009270481847466334,1.3704375267493825,1.3577329105345657
selected_diagnostic,long,2025-02-20 02:30:00+00:00,2025-02-20 03:00:00+00:00,2025-02-21 19:00:00+00:00,97131.03688,96183.04020548098,363.8032251968837,stop,80,-0.00012926999999984812,-0.01187948690558615,1.3577329105345657,1.3416037402025869
selected_diagnostic,long,2025-03-19 09:00:00+00:00,2025-03-19 09:30:00+00:00,2025-03-21 09:30:00+00:00,83546.30515999999,84058.26324,336.46086188834397,time_open,96,-0.00018782999999988892,0.003933878445879686,1.3416037402025869,1.3468814462390815
selected_diagnostic,long,2025-03-23 10:30:00+00:00,2025-03-23 11:00:00+00:00,2025-03-25 11:00:00+00:00,84461.57112,87050.76576000001,132.28921354235416,time_open,96,-9.052000000009386e-05,0.02853412279388136,1.3468814462390815,1.385313526814868
selected_diagnostic,long,2025-04-01 08:30:00+00:00,2025-04-01 09:00:00+00:00,2025-04-01 14:00:00+00:00,84103.628,83126.9768585585,377.35481802381196,stop,10,-0.0,-0.013600860908165039,1.385313526814868,1.3664720702224593
selected_diagnostic,long,2025-04-12 13:30:00+00:00,2025-04-12 14:00:00+00:00,2025-04-13 19:30:00+00:00,84446.7652,83388.69616337969,409.88008424982365,stop,59,-0.0002851599999998955,-0.014802051145330454,1.3664720702224593,1.3462454807503608
selected_diagnostic,long,2025-04-15 09:30:00+00:00,2025-04-15 10:00:00+00:00,2025-04-15 14:00:00+00:00,85989.382,84983.25974868615,388.84613786068485,stop,8,-0.0,-0.013688840013555852,1.3462454807503608,1.3278169417453964
selected_diagnostic,long,2025-04-17 18:00:00+00:00,2025-04-17 18:30:00+00:00,2025-04-18 07:00:00+00:00,85264.19204000001,84330.07673431077,360.1479107135819,stop,25,-1.7880000000025653e-05,-0.012962464919608039,1.3278169417453964,1.3106051612183605
selected_diagnostic,long,2025-04-19 04:00:00+00:00,2025-04-19 04:30:00+00:00,2025-04-19 16:30:00+00:00,85079.81832,84583.41154619359,185.02394817063643,stop,24,-4.071000000005487e-05,-0.007869476173047153,1.3106051612183605,1.30029138512988
selected_diagnostic,long,2025-04-21 00:00:00+00:00,2025-04-21 00:30:00+00:00,2025-04-23 00:30:00+00:00,86217.67327999999,93228.29376000002,254.49063760296994,time_open,96,-5.527000000005167e-05,0.07917644958926721,1.30029138512988,1.4032438404359746
selected_diagnostic,long,2025-04-24 23:30:00+00:00,2025-04-25 00:00:00+00:00,2025-04-25 02:30:00+00:00,93969.0726,92956.43901587091,390.17445181636197,stop,5,-0.0,-0.012765467004778703,1.4032438404359746,1.3853307774912302
selected_diagnostic,long,2025-04-25 11:30:00+00:00,2025-04-25 12:00:00+00:00,2025-04-27 05:00:00+00:00,94640.04087999999,93693.29962880837,363.69957376535945,stop,82,0.0001138400000000317,-0.01187975785927876,1.3853307774912302,1.368873383299628
selected_diagnostic,long,2025-04-28 10:30:00+00:00,2025-04-28 11:00:00+00:00,2025-04-28 13:30:00+00:00,95062.10964,94294.87546468737,291.80045276375535,stop,5,-0.0,-0.010062801720263914,1.368873383299628,1.355098681863337
selected_diagnostic,long,2025-05-01 09:00:00+00:00,2025-05-01 09:30:00+00:00,2025-05-03 09:30:00+00:00,95338.12,96242.58756000001,303.9795821026921,time_open,96,0.0004108600000000129,0.007888318674872424,1.355098681863337,1.3657881321017746
selected_diagnostic,long,2025-05-08 00:30:00+00:00,2025-05-08 01:00:00+00:00,2025-05-10 01:00:00+00:00,97764.09,102779.8716,399.82435796829554,time_open,96,-0.00044370999999998606,0.048809933524938426,1.3657881321017746,1.432452160038812
selected_diagnostic,long,2025-05-10 23:00:00+00:00,2025-05-10 23:30:00+00:00,2025-05-11 00:00:00+00:00,104814.10887999999,103909.53274153976,345.1982772741991,stop,1,-9.999999999998899e-05,-0.010721659545437304,1.432452160038812,1.4170938956637495
selected_diagnostic,long,2025-05-12 07:00:00+00:00,2025-05-12 07:30:00+00:00,2025-05-12 07:30:00+00:00,105457.36607999999,104328.00351824495,435.0458644750061,stop,0,-0.0,-0.012698476940315452,1.4170938956637495,1.3990989615074017
selected_diagnostic,long,2025-05-13 16:00:00+00:00,2025-05-13 16:30:00+00:00,2025-05-14 09:00:00+00:00,104147.24224,102905.2086887086,480.3419985575827,stop,33,-0.00017463000000006446,-0.01408845019392127,1.3990989615074017,1.3793878254718377
selected_diagnostic,long,2025-05-16 02:00:00+00:00,2025-05-16 02:30:00+00:00,2025-05-16 08:00:00+00:00,104277.09416,103095.61277430305,456.09065547536466,stop,11,-7.535000000002956e-05,-0.013394229892263122,1.3793878254718377,1.360911987826879
selected_diagnostic,long,2025-05-18 07:30:00+00:00,2025-05-18 08:00:00+00:00,2025-05-18 20:00:00+00:00,103934.5572,103305.05513405004,235.26540338934132,stop,24,-9.999999999998899e-05,-0.00815065899952677,1.360911987826879,1.349819658285734
selected_diagnostic,long,2025-05-18 23:30:00+00:00,2025-05-19 00:00:00+00:00,2025-05-19 00:30:00+00:00,106450.063,105282.96671056315,449.98650029485765,stop,1,-0.0,-0.012952827647902888,1.349819658285734,1.3323356768962078
selected_diagnostic,long,2025-05-20 19:30:00+00:00,2025-05-20 20:00:00+00:00,2025-05-22 20:00:00+00:00,107015.08892,111091.74552,519.9781198402595,time_open,96,-0.0005103299999998923,0.035545798201178334,1.3323356768962078,1.3796946120033908
selected_diagnostic,long,2025-05-26 06:30:00+00:00,2025-05-26 07:00:00+00:00,2025-05-26 17:30:00+00:00,109929.25412,108851.32091960814,413.75009953735963,stop,21,-0.0001978200000000152,-0.011993713511803153,1.3796946120033908,1.3631469500932438
selected_diagnostic,long,2025-06-01 21:30:00+00:00,2025-06-01 22:00:00+00:00,2025-06-02 03:00:00+00:00,105487.07796,104714.84354958423,292.13268476662,stop,10,6.4199999999514645e-06,-0.009306913452064101,1.3631469500932438,1.350460259406281
selected_diagnostic,long,2025-06-03 00:00:00+00:00,2025-06-03 00:30:00+00:00,2025-06-03 08:00:00+00:00,106067.30995999998,105016.25854472352,403.6112410133956,stop,15,-6.066000000004568e-05,-0.011960037708901698,1.350460259406281,1.3343087037794086
selected_diagnostic,long,2025-06-03 14:30:00+00:00,2025-06-03 15:00:00+00:00,2025-06-03 17:00:00+00:00,106537.598,105640.13188892572,342.07725965357366,stop,4,-4.455999999997129e-05,-0.010460073976232132,1.3343087037794086,1.3203517360307455
selected_diagnostic,long,2025-06-07 12:30:00+00:00,2025-06-07 13:00:00+00:00,2025-06-09 13:00:00+00:00,105444.96111999999,107652.42180000001,298.4758229942468,time_open,96,-8.973000000001008e-05,0.018824054745108454,1.3203517360307455,1.3452061093925871
selected_diagnostic,long,2025-06-09 17:00:00+00:00,2025-06-09 17:30:00+00:00,2025-06-11 17:30:00+00:00,108313.20795999999,109573.1532,361.9403341454483,time_open,96,-0.00046747000000002537,0.009153322315788946,1.3452061093925871,1.357519214493026
selected_diagnostic,long,2025-06-16 04:00:00+00:00,2025-06-16 04:30:00+00:00,2025-06-17 12:30:00+00:00,106222.472,105389.81409470158,316.1940442170537,stop,64,-0.0001548599999999789,-0.009985832408485475,1.357519214493026,1.3439632551257996
selected_diagnostic,long,2025-06-24 16:30:00+00:00,2025-06-24 17:00:00+00:00,2025-06-26 17:00:00+00:00,106202.46399999999,107106.1404,486.8320592831779,time_open,96,-5.163000000008022e-05,0.006448857555543074,1.3439632551257996,1.35263028271799
selected_diagnostic,long,2025-06-29 08:30:00+00:00,2025-06-29 09:00:00+00:00,2025-06-29 16:30:00+00:00,107701.06319999999,107331.20975910441,130.76151085057168,stop,15,-9.999999999998899e-05,-0.005530640111403121,1.35263028271799,1.3451493714204912
selected_diagnostic,long,2025-06-30 00:00:00+00:00,2025-06-30 00:30:00+00:00,2025-06-30 06:00:00+00:00,108655.14468,108045.52582192556,226.55334141754656,stop,11,-0.0,-0.007604973800457901,1.3451493714204912,1.334919545693136
selected_diagnostic,long,2025-07-02 10:30:00+00:00,2025-07-02 11:00:00+00:00,2025-07-04 11:00:00+00:00,107827.91391999999,108805.56036000002,288.6193567515917,time_open,96,-0.0002782999999999536,0.006779361954627555,1.334919545693136,1.3439694484736966
selected_diagnostic,long,2025-07-06 21:00:00+00:00,2025-07-06 21:30:00+00:00,2025-07-07 00:30:00+00:00,109295.2006,108718.24888968706,213.3788035505954,stop,6,-2.36000000000125e-05,-0.007297159638835841,1.3439694484736966,1.3341622888584659
selected_diagnostic,long,2025-07-08 13:30:00+00:00,2025-07-08 14:00:00+00:00,2025-07-08 14:00:00+00:00,109021.19104,108326.03300925584,260.72411137581867,stop,0,-0.0,-0.008369980607335535,1.3341622888584659,1.3229953763736821
selected_diagnostic,long,2025-07-09 12:00:00+00:00,2025-07-09 12:30:00+00:00,2025-07-09 14:00:00+00:00,109496.88124,108883.261786163,228.01948833173557,stop,3,-0.0,-0.00759838625028552,1.3229953763736821,1.312942746496653
selected_diagnostic,long,2025-07-09 19:00:00+00:00,2025-07-09 19:30:00+00:00,2025-07-11 19:30:00+00:00,110359.6262,117830.44896000001,303.03746201204495,time_open,96,-0.0005043099999999523,0.06512324723469476,1.312942746496653,1.3984458415817538
selected_diagnostic,long,2025-07-13 12:00:00+00:00,2025-07-13 12:30:00+00:00,2025-07-15 03:00:00+00:00,118198.06032,117583.54943662073,226.98345708335,stop,77,-0.00048050999999993405,-0.0076743039661097585,1.3984458415817538,1.387713743113313
selected_diagnostic,long,2025-07-16 15:00:00+00:00,2025-07-16 15:30:00+00:00,2025-07-17 01:30:00+00:00,119490.67715999999,118191.30430409563,500.83096640271117,stop,20,-0.00019999999999997797,-0.013063387118564218,1.387713743113313,1.369585501277272
selected_diagnostic,long,2025-07-17 21:00:00+00:00,2025-07-17 21:30:00+00:00,2025-07-17 22:30:00+00:00,120948.36,119515.42106218253,554.0454557092752,stop,2,-0.0,-0.01383567928394942,1.369585501277272,1.3506363555296526
selected_diagnostic,long,2025-07-22 12:00:00+00:00,2025-07-22 12:30:00+00:00,2025-07-22 13:30:00+00:00,119262.88608,117983.04612866764,493.05113921582836,stop,2,-0.0,-0.012720519630250894,1.3506363555296526,1.333455559255807
selected_diagnostic,long,2025-07-22 18:30:00+00:00,2025-07-22 19:00:00+00:00,2025-07-23 06:00:00+00:00,119815.9072,118356.8332857273,564.684894514887,stop,22,-9.999999999998899e-05,-0.014265453439544799,1.333455559255807,1.314433211061541
selected_diagnostic,long,2025-07-24 03:00:00+00:00,2025-07-24 03:30:00+00:00,2025-07-24 04:00:00+00:00,119284.89487999999,118167.25883918643,428.1400891803032,stop,1,-0.0,-0.011360098828070058,1.314433211061541,1.2995011198809845
selected_diagnostic,long,2025-07-26 10:00:00+00:00,2025-07-26 10:30:00+00:00,2025-07-28 10:30:00+00:00,117791.29767999999,118873.63152,305.4218588776225,time_open,96,-0.0005999999999999339,0.006579383600114636,1.2995011198809845,1.30805103623746
selected_diagnostic,long,2025-07-31 07:00:00+00:00,2025-07-31 07:30:00+00:00,2025-07-31 13:30:00+00:00,118829.5128,117916.42815874697,346.3596783245416,stop,12,-9.999999999998899e-05,-0.00977630477579277,1.30805103623746,1.2952631306449112
selected_diagnostic,long,2025-08-04 00:30:00+00:00,2025-08-04 01:00:00+00:00,2025-08-04 05:30:00+00:00,114902.64267999999,114109.64539045331,298.9340666165205,stop,9,-0.0,-0.00889456981823637,1.2952631306449112,1.2837423222964026
selected_diagnostic,long,2025-08-04 14:00:00+00:00,2025-08-04 14:30:00+00:00,2025-08-04 14:30:00+00:00,115422.85067999999,114627.44886408454,299.8129954555657,stop,0,-0.0,-0.008884307651545624,1.2837423222964026,1.2723371605598117
selected_diagnostic,long,2025-08-04 17:00:00+00:00,2025-08-04 17:30:00+00:00,2025-08-04 19:30:00+00:00,115528.89308,114635.36573188214,339.0619411307977,stop,4,-0.0,-0.009726498514545831,1.2723371605598117,1.2599617750576253
selected_diagnostic,long,2025-08-06 15:30:00+00:00,2025-08-06 16:00:00+00:00,2025-08-07 02:30:00+00:00,115412.34648,114351.04437586326,406.21735315915754,stop,21,-4.8429999999988205e-05,-0.011234975758484594,1.2599617750576253,1.2458061350582357
selected_diagnostic,long,2025-08-07 10:00:00+00:00,2025-08-07 10:30:00+00:00,2025-08-09 10:30:00+00:00,115871.12991999999,117686.10672,302.61791773216027,time_open,96,-0.00036301999999976964,0.01328506960136898,1.2458061350582357,1.2623567562722966
selected_diagnostic,long,2025-08-10 03:00:00+00:00,2025-08-10 03:30:00+00:00,2025-08-10 06:30:00+00:00,118386.73576,117655.79319346572,273.5445667187966,stop,6,-0.0,-0.008168018902455899,1.2623567562722966,1.2520458024254215
selected_diagnostic,long,2025-08-10 14:00:00+00:00,2025-08-10 14:30:00+00:00,2025-08-10 20:00:00+00:00,118831.51359999999,117976.19718811667,323.2428197052181,stop,11,-9.999999999998899e-05,-0.009290526061526482,1.2520458024254215,1.2404136382677633
selected_diagnostic,long,2025-08-10 23:30:00+00:00,2025-08-11 00:00:00+00:00,2025-08-11 21:30:00+00:00,119303.00212,118432.07499273762,329.41413622024805,stop,43,-0.00019999999999997797,-0.009492827377973093,1.2404136382677633,1.228638605722404
selected_diagnostic,long,2025-08-13 10:00:00+00:00,2025-08-13 10:30:00+00:00,2025-08-14 12:30:00+00:00,120401.1412,119361.11756737636,396.90403207028254,stop,52,-0.00029999999999996696,-0.01092935017588529,1.228638605722404,1.2152103841608524
selected_diagnostic,long,2025-08-28 04:30:00+00:00,2025-08-28 05:00:00+00:00,2025-08-28 20:00:00+00:00,112976.27244,111790.12946251262,456.5636128496936,stop,30,-0.00017204999999997916,-0.012660596036418493,1.2152103841608524,1.1998250963877308
selected_diagnostic,long,2025-09-02 02:30:00+00:00,2025-09-02 03:00:00+00:00,2025-09-02 12:30:00+00:00,110254.08399999999,109105.46827654685,441.9824289128238,stop,19,-8.805000000000618e-05,-0.012495529397585756,1.1998250963877308,1.1848326466238568
selected_diagnostic,long,2025-09-02 13:30:00+00:00,2025-09-02 14:00:00+00:00,2025-09-04 14:00:00+00:00,111157.84535999999,110377.03152,502.80439940300556,time_open,96,-0.0002078699999999989,-0.00922521568202316,1.1848326466238568,1.1739023099116495
selected_diagnostic,long,2025-09-05 06:30:00+00:00,2025-09-05 07:00:00+00:00,2025-09-05 14:00:00+00:00,111904.74399999999,110978.51382157161,352.72840369283244,stop,14,-9.999999999998899e-05,-0.010368674903093851,1.1739023099116495,1.1617304984921846
selected_diagnostic,long,2025-09-07 23:00:00+00:00,2025-09-07 23:30:00+00:00,2025-09-08 00:00:00+00:00,111461.26667999999,110896.3322448959,208.22326067711373,stop,1,-9.404000000001744e-05,-0.00715740880496133,1.1617304984921846,1.1534155183932846
selected_diagnostic,long,2025-09-08 08:30:00+00:00,2025-09-08 09:00:00+00:00,2025-09-09 15:30:00+00:00,111684.65599999999,110982.4479679532,263.1189154248919,stop,61,-0.0002111000000000196,-0.0084922298269545,1.1534155183932846,1.143620448725113
selected_diagnostic,long,2025-09-10 12:30:00+00:00,2025-09-10 13:00:00+00:00,2025-09-12 13:00:00+00:00,113433.35519999999,114989.48580000001,337.11083400359547,time_open,96,-0.0003335700000001163,0.011371168493003701,1.143620448725113,1.1566247495396107
selected_diagnostic,long,2025-09-12 18:30:00+00:00,2025-09-12 19:00:00+00:00,2025-09-13 01:30:00+00:00,116470.46955999998,115630.52418042223,317.4698646473667,stop,13,1.554000000003608e-05,-0.009188907937474046,1.1566247495396107,1.1459966311978873
selected_diagnostic,long,2025-09-16 16:30:00+00:00,2025-09-16 17:00:00+00:00,2025-09-17 18:00:00+00:00,116067.4084,115203.25343038279,327.22209133942215,stop,50,-0.00021716000000004954,-0.00965500001510975,1.1459966311978873,1.134932033706356
selected_diagnostic,long,2025-09-18 03:00:00+00:00,2025-09-18 03:30:00+00:00,2025-09-18 23:00:00+00:00,117759.88511999999,116641.7413304656,428.5873691422153,stop,39,-0.0001313600000000248,-0.011616981055137653,1.134932033706356,1.1217475497719205
selected_diagnostic,long,2025-09-28 20:00:00+00:00,2025-09-28 20:30:00+00:00,2025-09-30 20:30:00+00:00,110634.53612,114292.76460000001,186.17435068588915,time_open,96,-0.00014478000000017754,0.030888035788697622,1.1217475497719205,1.1563961282351594
selected_diagnostic,long,2025-10-01 08:00:00+00:00,2025-10-01 08:30:00+00:00,2025-10-03 08:30:00+00:00,115080.81392,119576.1504,346.3951820396088,time_open,96,-0.0005725300000000155,0.03645083966995954,1.1563961282351594,1.198547738100421
selected_diagnostic,long,2025-10-03 15:00:00+00:00,2025-10-03 15:30:00+00:00,2025-10-05 15:30:00+00:00,121295.999,122793.36300000001,392.89743071597815,time_open,96,-0.0005695999999999479,0.009762765851572958,1.198547738100421,1.2102488790294277
selected_diagnostic,long,2025-10-06 13:00:00+00:00,2025-10-06 13:30:00+00:00,2025-10-07 06:00:00+00:00,124851.72072,123782.89674538419,407.71640109156397,stop,33,-0.00015830999999999484,-0.010710496101109529,1.2102488790294277,1.1972865131292107
selected_diagnostic,long,2025-10-19 14:00:00+00:00,2025-10-19 14:30:00+00:00,2025-10-21 14:30:00+00:00,108395.44084,109574.75256000001,412.4838847817492,time_open,96,3.438000000000052e-05,0.008903217279042364,1.1972865131292107,1.207946215100867
selected_diagnostic,long,2025-10-26 09:00:00+00:00,2025-10-26 09:30:00+00:00,2025-10-28 09:30:00+00:00,112675.75227999999,114143.22444,231.88501109801646,time_open,96,-0.00048072999999992927,0.010530096714491186,1.207946215100867,1.2206660055717828
selected_diagnostic,long,2025-10-28 14:00:00+00:00,2025-10-28 14:30:00+00:00,2025-10-28 14:30:00+00:00,115919.3492,114912.48835056412,384.3509842960679,stop,0,-0.0,-0.010677188023640517,1.2206660055717828,1.2076327251162267
selected_diagnostic,long,2025-11-02 04:30:00+00:00,2025-11-02 05:00:00+00:00,2025-11-02 16:00:00+00:00,110669.04992,109953.915814818,268.45397567587446,stop,22,-0.00013784999999999492,-0.008593304091213899,1.2076327251162267,1.1972551698788014
selected_diagnostic,long,2025-11-09 18:30:00+00:00,2025-11-09 19:00:00+00:00,2025-11-11 15:30:00+00:00,104521.59191999999,103349.7731160421,452.18494085230196,stop,89,-0.00021247000000013117,-0.013412519326171294,1.1972551698788014,1.1811969617744436
selected_diagnostic,long,2025-11-28 13:30:00+00:00,2025-11-28 14:00:00+00:00,2025-11-28 16:00:00+00:00,92366.13167999999,91371.76327552208,383.12202953418085,stop,4,1.7029999999973455e-05,-0.012737713302609517,1.1811969617744436,1.1661512135214473
selected_diagnostic,long,2025-11-30 13:00:00+00:00,2025-11-30 13:30:00+00:00,2025-11-30 18:00:00+00:00,91845.7236,91144.25707257561,265.99769427146464,stop,9,-3.88000000000055e-05,-0.009668606086006684,1.1661512135214473,1.1548761568011898
selected_diagnostic,long,2025-12-08 09:00:00+00:00,2025-12-08 09:30:00+00:00,2025-12-08 14:30:00+00:00,91966.47188,90817.90836353313,444.8887265765762,stop,10,-0.0,-0.014476448530585965,1.1548761568011898,1.1381576515580565
selected_diagnostic,long,2025-12-21 08:30:00+00:00,2025-12-21 09:00:00+00:00,2025-12-21 13:30:00+00:00,88544.40359999999,88031.84762030488,190.93165996603463,stop,9,-0.0,-0.0077828999111968465,1.1381576515580565,1.1292994844728172
selected_diagnostic,long,2025-12-22 08:00:00+00:00,2025-12-22 08:30:00+00:00,2025-12-22 19:00:00+00:00,89822.51464000001,88932.68420513133,341.69725050527245,stop,21,-6.653999999994831e-05,-0.011963174579833343,1.1292994844728172,1.115789477587153
selected_diagnostic,long,2025-12-26 02:00:00+00:00,2025-12-26 02:30:00+00:00,2025-12-26 14:30:00+00:00,89035.59999999999,88187.00388273613,325.32288005757306,stop,24,-5.427000000002291e-05,-0.011575714468803523,1.115789477587153,1.1028734171873087
selected_diagnostic,long,2025-12-29 00:30:00+00:00,2025-12-29 01:00:00+00:00,2025-12-29 01:00:00+00:00,88297.50488,87817.17097614762,178.07719163680687,stop,0,-0.0,-0.007434508830126729,1.1028734171873087,1.0946740950287175
selected_diagnostic,long,2025-12-29 01:30:00+00:00,2025-12-29 02:00:00+00:00,2025-12-29 09:30:00+00:00,88454.66772,87916.21333367044,201.30953150922466,stop,15,-9.999999999998899e-05,-0.008181261122883582,1.0946740950287175,1.0857182804128314
selected_diagnostic,long,2025-12-30 14:30:00+00:00,2025-12-30 15:00:00+00:00,2025-12-30 17:30:00+00:00,88867.03259999999,88059.79332573139,308.8005046933207,stop,5,-8.344999999998493e-05,-0.011158041683781964,1.0857182804128314,1.0736037905831408
selected_diagnostic,long,2026-01-01 22:00:00+00:00,2026-01-01 22:30:00+00:00,2026-01-03 22:30:00+00:00,88524.79576,90546.46692,176.4294344658584,time_open,96,-0.00025743000000011396,0.02055707605450121,1.0736037905831408,1.0956739453585593
selected_diagnostic,long,2026-01-04 00:00:00+00:00,2026-01-04 00:30:00+00:00,2026-01-06 00:30:00+00:00,91096.424,93726.19452,243.7916237800372,time_open,96,-0.00030719000000001273,0.026531930506859955,1.0956739453585593,1.1247442903349896
selected_diagnostic,long,2026-01-11 14:30:00+00:00,2026-01-11 15:00:00+00:00,2026-01-11 15:30:00+00:00,91111.12988,90759.71372961435,126.03909501146538,stop,1,-0.0,-0.005853148728345687,1.1247442903349896,1.1181609947223012
selected_diagnostic,long,2026-01-12 01:00:00+00:00,2026-01-12 01:30:00+00:00,2026-01-12 08:30:00+00:00,91512.5904,90888.77280934689,234.97901340260677,stop,14,-2.902000000004623e-05,-0.008838943862263037,1.1181609947223012,1.1082776324609787
selected_diagnostic,long,2026-01-13 09:00:00+00:00,2026-01-13 09:30:00+00:00,2026-01-13 14:00:00+00:00,92557.008,91679.50619811262,336.3261299269276,stop,9,-0.0,-0.011471182345106672,1.1082776324609787,1.0955643776500157
selected_diagnostic,long,2026-01-13 15:30:00+00:00,2026-01-13 16:00:00+00:00,2026-01-15 16:00:00+00:00,93445.26315999999,96678.61308000001,385.10245327273975,time_open,96,-9.609999999993235e-05,0.03247083748670094,1.0955643776500157,1.1311382705129078
selected_diagnostic,long,2026-01-28 09:30:00+00:00,2026-01-28 10:00:00+00:00,2026-01-29 01:00:00+00:00,89578.41704,88712.94157207284,331.9904366191126,stop,30,-0.000110400000000066,-0.011762390077846052,1.1311382705129078,1.1178333809431549
selected_diagnostic,long,2026-02-14 11:00:00+00:00,2026-02-14 11:30:00+00:00,2026-02-14 13:00:00+00:00,70187.86392,69388.79080852868,308.52259539949154,stop,3,-0.0,-0.013373391264189577,1.1178333809431549,1.1028841577716302
selected_diagnostic,long,2026-02-15 07:00:00+00:00,2026-02-15 07:30:00+00:00,2026-02-15 12:30:00+00:00,70670.65696,69818.42965727345,329.7155021778883,stop,10,-4.663999999998669e-05,-0.014093720245846599,1.1028841577716302,1.0873404169884207
selected_diagnostic,long,2026-02-20 05:30:00+00:00,2026-02-20 06:00:00+00:00,2026-02-20 13:00:00+00:00,67783.20244000001,66938.5744983123,327.13671897226953,stop,14,-1.302000000003023e-05,-0.014461285696695596,1.0873404169884207,1.071616076568787
selected_diagnostic,long,2026-02-21 14:00:00+00:00,2026-02-21 14:30:00+00:00,2026-02-22 00:00:00+00:00,68435.16312,67782.41349742236,250.25032306107806,stop,19,-3.9650000000057695e-05,-0.011568331502689292,1.071616076568787,1.059219266551428
selected_diagnostic,long,2026-03-15 02:30:00+00:00,2026-03-15 03:00:00+00:00,2026-03-17 03:00:00+00:00,71432.86172,75127.23708,236.74710879772834,time_open,96,-8.106000000007718e-05,0.04958537048834581,1.059219266551428,1.1117410463117743
selected_diagnostic,long,2026-03-21 14:00:00+00:00,2026-03-21 14:30:00+00:00,2026-03-21 16:00:00+00:00,70919.15632,70299.42861666785,236.63867179037825,stop,3,-1.092999999996458e-05,-0.010740700738321866,1.1117410463117743,1.0998001684348306
selected_diagnostic,long,2026-03-25 11:00:00+00:00,2026-03-25 11:30:00+00:00,2026-03-25 15:00:00+00:00,71861.63316,70953.82276407271,351.7670038668629,stop,7,-0.0,-0.014620122110391468,1.0998001684348306,1.0837209556752843
selected_diagnostic,long,2026-04-04 15:00:00+00:00,2026-04-04 15:30:00+00:00,2026-04-05 02:00:00+00:00,67324.11888,66939.97441568872,142.94310394528964,stop,21,-4.0580000000067784e-05,-0.007740770752306712,1.0837209556752843,1.0753321201979311
selected_diagnostic,long,2026-04-05 22:30:00+00:00,2026-04-05 23:00:00+00:00,2026-04-07 14:00:00+00:00,68340.32519999999,67776.55833017953,214.6581591598499,stop,78,-0.00016428000000012766,-0.010405433393730906,1.0753321201979311,1.064142823445072
selected_diagnostic,long,2026-04-10 20:30:00+00:00,2026-04-10 21:00:00+00:00,2026-04-11 13:00:00+00:00,73339.8242,72439.3232311277,348.60545786007077,stop,32,0.00013308000000000764,-0.014133113404693696,1.064142823445072,1.049103172242532
selected_diagnostic,long,2026-04-11 18:30:00+00:00,2026-04-11 19:00:00+00:00,2026-04-11 23:00:00+00:00,73545.30635999999,72958.25189101492,223.14379609486494,stop,8,-0.0,-0.009974233075396525,1.049103172242532,1.0386391726824469
selected_diagnostic,long,2026-04-13 19:00:00+00:00,2026-04-13 19:30:00+00:00,2026-04-15 19:30:00+00:00,72835.82268,74644.03044,324.8461238982493,time_open,96,0.0002990500000000784,0.023100026851409106,1.0386391726824469,1.0626317654603366
selected_diagnostic,long,2026-04-15 19:30:00+00:00,2026-04-15 20:00:00+00:00,2026-04-16 13:30:00+00:00,74987.68307999999,74084.2205053529,349.52681129055117,stop,35,6.25899999999735e-05,-0.013973508129736266,1.0626317654603366,1.0477830718467604
selected_diagnostic,long,2026-04-17 08:30:00+00:00,2026-04-17 09:00:00+00:00,2026-04-19 07:00:00+00:00,75780.09992,74971.32078877532,311.51144107910267,stop,92,0.0003895000000000426,-0.01227253862156954,1.0477830718467604,1.0349241136304943
selected_diagnostic,long,2026-04-22 13:30:00+00:00,2026-04-22 14:00:00+00:00,2026-04-23 00:00:00+00:00,78825.91776,77919.13633232903,350.2405204349581,stop,20,8.6189999999986e-05,-0.013405901332211359,1.0349241136304943,1.0210500230768376
selected_diagnostic,long,2026-04-27 00:30:00+00:00,2026-04-27 01:00:00+00:00,2026-04-27 05:00:00+00:00,79295.80564,78524.8960530324,295.7948238141709,stop,8,-0.0,-0.011712224639939284,1.0210500230768376,1.0090912558379466
selected_diagnostic,long,2026-04-29 09:30:00+00:00,2026-04-29 10:00:00+00:00,2026-04-29 12:00:00+00:00,77636.44215999999,76993.8190963989,244.72528480875636,stop,4,-0.0,-0.010269060542656437,1.0090912558379466,0.9987288366386815
selected_diagnostic,long,2026-05-01 01:30:00+00:00,2026-05-01 02:00:00+00:00,2026-05-03 02:00:00+00:00,76674.65759999999,78168.72,248.02307891024924,time_open,96,0.00011127999999993587,0.017577533705187692,0.9987288366386815,1.016284026427041
selected_diagnostic,long,2026-05-04 01:30:00+00:00,2026-05-04 02:00:00+00:00,2026-05-04 10:00:00+00:00,79787.90239999999,79098.5327712942,263.08702190707913,stop,16,1.5799999999455139e-06,-0.010629806944157794,1.016284026427041,1.0054811234256902
selected_diagnostic,long,2026-05-05 13:00:00+00:00,2026-05-05 13:30:00+00:00,2026-05-06 00:30:00+00:00,81443.36432,80665.74915447015,298.13438167340956,stop,22,0.00017392999999998882,-0.01136444745837751,1.0054811234256902,0.9940543860281286
selected_diagnostic,long,2026-05-06 08:30:00+00:00,2026-05-06 09:00:00+00:00,2026-05-06 14:00:00+00:00,81936.46148,81174.81817583345,291.664153491216,stop,10,-0.0,-0.01128624018072959,0.9940543860281286,0.9828352494747075
selected_diagnostic,long,2026-05-09 18:00:00+00:00,2026-05-09 18:30:00+00:00,2026-05-10 01:00:00+00:00,81032.4,80535.86076446463,185.72480013419852,stop,13,-8.999999999703689e-07,-0.008122435290819846,0.9828352494747075,0.9748522337593124
selected_diagnostic,long,2026-05-10 15:30:00+00:00,2026-05-10 16:00:00+00:00,2026-05-10 20:00:00+00:00,81414.0526,80992.2196690422,155.76923165978616,stop,8,-0.0,-0.007176146925117439,0.9748522337593124,0.9678565508995766
selected_diagnostic,long,2026-05-10 22:30:00+00:00,2026-05-10 23:00:00+00:00,2026-05-11 00:00:00+00:00,82046.00528,81350.02539848218,265.37074005835586,stop,2,-5.798000000001302e-05,-0.010532297540061776,0.9678565508995766,0.9576627977294042
selected_diagnostic,long,2026-05-21 00:30:00+00:00,2026-05-21 01:00:00+00:00,2026-05-21 10:00:00+00:00,77960.27164,77301.75965153624,251.03156454892715,stop,18,-4.00299999999687e-05,-0.010478346884182952,0.9576627977294042,0.9476280747367184
selected_diagnostic,long,2026-05-26 14:00:00+00:00,2026-05-26 14:30:00+00:00,2026-05-26 14:30:00+00:00,77954.26924000001,77219.85010859558,281.4075324963704,stop,0,-0.0,-0.0114117322813226,0.9476280747367184,0.9368139968455578
selected_diagnostic,long,2026-06-12 14:30:00+00:00,2026-06-12 15:00:00+00:00,2026-06-14 15:00:00+00:00,63996.68844,63928.118519999996,298.4386577052353,time_open,96,1.972000000005636e-05,-0.0030506689802707234,0.9368139968455578,0.9339560874450976
selected_diagnostic,long,2026-06-15 03:30:00+00:00,2026-06-15 04:00:00+00:00,2026-06-17 04:00:00+00:00,65920.95784,65792.27256000001,268.4218404292194,time_open,96,4.793000000002934e-05,-0.0039022327241523607,0.9339560874450976,0.9303115734377481
selected_diagnostic,long,2026-06-20 14:30:00+00:00,2026-06-20 15:00:00+00:00,2026-06-21 23:30:00+00:00,63954.97176,63363.695309676514,226.36833198058844,stop,65,-0.00011985999999997166,-0.011355813947252005,0.9303115734377481,0.9197471282968137
selected_diagnostic,long,2026-06-22 12:00:00+00:00,2026-06-22 12:30:00+00:00,2026-06-22 18:30:00+00:00,64945.867959999996,64262.844745417024,262.92311620607313,stop,12,-4.813000000003509e-05,-0.01255442105132049,0.9197471282968137,0.9082002355874326
selected_diagnostic,long,2026-06-27 15:00:00+00:00,2026-06-27 15:30:00+00:00,2026-06-27 19:30:00+00:00,60813.315599999994,60145.51782834968,257.49197495410846,stop,8,-3.741999999995471e-05,-0.013007549934481997,0.9082002355874326,0.8963867756725208
selected_diagnostic,long,2026-07-03 20:00:00+00:00,2026-07-03 20:30:00+00:00,2026-07-05 20:30:00+00:00,62625.04,62673.420600000005,246.07978569949898,time_open,96,-0.0005649399999998472,-0.0017931685264805926,0.8963867756725208,0.8947794031188314
selected_diagnostic,long,2026-07-05 22:00:00+00:00,2026-07-05 22:30:00+00:00,2026-07-06 03:00:00+00:00,63723.77932,63198.350365007165,200.05579962578494,stop,9,-7.699999999999374e-05,-0.010314168787525132,0.8947794031188314,0.8855504973274628
selected_diagnostic,long,2026-07-09 18:00:00+00:00,2026-07-09 18:30:00+00:00,2026-07-11 18:30:00+00:00,63389.14552,64288.87416,312.1623937874616,time_open,96,-0.0004091099999999903,0.011770429793234923,0.8855504973274628,0.89597380728462
selected_diagnostic,long,2026-07-14 14:30:00+00:00,2026-07-14 15:00:00+00:00,2026-07-16 15:00:00+00:00,64302.910879999996,64484.196,259.969753889038,time_open,96,-0.0004005700000000445,0.0004158473658945135,0.89597380728462,0.8963463956322898
selected_diagnostic,long,2026-07-18 17:30:00+00:00,2026-07-18 18:00:00+00:00,2026-07-20 05:00:00+00:00,64475.78,64108.43223686701,136.67765151380047,stop,70,-0.00017436000000004004,-0.007866116119427485,0.8963463956322898,0.8892956308010159
selected_diagnostic,long,2026-07-20 15:30:00+00:00,2026-07-20 16:00:00+00:00,2026-07-21 06:30:00+00:00,65596.32804000001,65866.04304,292.93151768860855,window_end,29,-5.3999999999998494e-05,0.0020536275616479327,0.8892956308010159,0.8911219128188819
