surface,year,strategy,label,cost_bps_one_way,net_return,gross_return,max_drawdown,turnover
24_yahoo_continuous_futures,2022,mop_tsmom,MOP 12M TSMOM,0.0,0.29381100102035673,0.29381100102035673,-0.1689382928407197,8.103610840895627
24_yahoo_continuous_futures,2022,mop_tsmom,MOP 12M TSMOM,2.0,0.2917223251024763,0.29381100102035673,-0.16906117845890511,8.103610840895627
24_yahoo_continuous_futures,2023,mop_tsmom,MOP 12M TSMOM,0.0,-0.06381728507146789,-0.06381728507146789,-0.1261470043469577,10.080017510039024
24_yahoo_continuous_futures,2023,mop_tsmom,MOP 12M TSMOM,2.0,-0.06570961592442148,-0.06381728507146789,-0.12670209753849326,10.080017510039024
24_yahoo_continuous_futures,2024,mop_tsmom,MOP 12M TSMOM,0.0,-0.026778060522411273,-0.026778060522411273,-0.1516020376172722,27.365116218267076
24_yahoo_continuous_futures,2024,mop_tsmom,MOP 12M TSMOM,2.0,-0.03209882978917933,-0.026778060522411273,-0.15411246153022906,27.365116218267076
24_yahoo_continuous_futures,2025,mop_tsmom,MOP 12M TSMOM,0.0,0.12893173471468589,0.12893173471468589,-0.0913612220110438,26.490766844384897
24_yahoo_continuous_futures,2025,mop_tsmom,MOP 12M TSMOM,2.0,0.1229632076284981,0.12893173471468589,-0.09208002800129156,26.490766844384897
24_yahoo_continuous_futures,2026,mop_tsmom,MOP 12M TSMOM,0.0,0.05319324617066634,0.05319324617066634,-0.1620963965036899,11.515078098276149
24_yahoo_continuous_futures,2026,mop_tsmom,MOP 12M TSMOM,2.0,0.05077077277904585,0.05319324617066634,-0.16228088561134268,11.515078098276149
24_yahoo_continuous_futures,2022,always_long,Always-long control,0.0,-0.3118490676682121,-0.3118490676682121,-0.3882414025961387,3.853048921155022
24_yahoo_continuous_futures,2022,always_long,Always-long control,2.0,-0.3123803116955465,-0.3118490676682121,-0.388479143785308,3.853048921155022
24_yahoo_continuous_futures,2023,always_long,Always-long control,0.0,0.12812620029815247,0.12812620029815247,-0.19954811684414853,2.7109795159923635
24_yahoo_continuous_futures,2023,always_long,Always-long control,2.0,0.12751502394750847,0.12812620029815247,-0.19967282419421217,2.7109795159923635
24_yahoo_continuous_futures,2024,always_long,Always-long control,0.0,-0.00423340734561517,-0.00423340734561517,-0.16984702267660978,2.96367548757577
24_yahoo_continuous_futures,2024,always_long,Always-long control,2.0,-0.004826027460903548,-0.00423340734561517,-0.16997140438036196,2.96367548757577
24_yahoo_continuous_futures,2025,always_long,Always-long control,0.0,0.3540011943589876,0.3540011943589876,-0.09489019820842381,3.6007405617772745
24_yahoo_continuous_futures,2025,always_long,Always-long control,2.0,0.3530246264099386,0.3540011943589876,-0.09489019820842393,3.6007405617772745
24_yahoo_continuous_futures,2026,always_long,Always-long control,0.0,0.05180115647637029,0.05180115647637029,-0.12016517715936004,2.5128725293255085
24_yahoo_continuous_futures,2026,always_long,Always-long control,2.0,0.05126967466091181,0.05180115647637029,-0.1201850208582873,2.5128725293255085
30_etf_fx_proxies,2013,mop_tsmom,MOP 12M TSMOM,0.0,0.2575015055189367,0.2575015055189367,-0.08771543323918218,17.15304344845562
30_etf_fx_proxies,2013,mop_tsmom,MOP 12M TSMOM,2.0,0.25322573686409733,0.2575015055189367,-0.08830522579859756,17.15304344845562
30_etf_fx_proxies,2013,mop_tsmom,MOP 12M TSMOM,10.0,0.23624890707280688,0.2575015055189367,-0.0906643960362592,17.15304344845562
30_etf_fx_proxies,2014,mop_tsmom,MOP 12M TSMOM,0.0,-0.01627988480790943,-0.01627988480790943,-0.18447826407591017,17.127358691030757
30_etf_fx_proxies,2014,mop_tsmom,MOP 12M TSMOM,2.0,-0.019669902675773843,-0.01627988480790943,-0.1868265128811889,17.127358691030757
30_etf_fx_proxies,2014,mop_tsmom,MOP 12M TSMOM,10.0,-0.033125567968572356,-0.01627988480790943,-0.19616111414194737,17.127358691030757
30_etf_fx_proxies,2015,mop_tsmom,MOP 12M TSMOM,0.0,0.2421326910647179,0.2421326910647179,-0.08206830203739679,6.3185432138486375
30_etf_fx_proxies,2015,mop_tsmom,MOP 12M TSMOM,2.0,0.24056918311018993,0.2421326910647179,-0.0822056608113354,6.3185432138486375
30_etf_fx_proxies,2015,mop_tsmom,MOP 12M TSMOM,10.0,0.23433256277875114,0.2421326910647179,-0.08275499473319525,6.3185432138486375
30_etf_fx_proxies,2016,mop_tsmom,MOP 12M TSMOM,0.0,-0.1507041514968348,-0.1507041514968348,-0.21907821805458938,10.316141991490785
30_etf_fx_proxies,2016,mop_tsmom,MOP 12M TSMOM,2.0,-0.15245662079484124,-0.1507041514968348,-0.22062231177313063,10.316141991490785
30_etf_fx_proxies,2016,mop_tsmom,MOP 12M TSMOM,10.0,-0.15943408246520596,-0.1507041514968348,-0.22677153535388817,10.316141991490785
30_etf_fx_proxies,2017,mop_tsmom,MOP 12M TSMOM,0.0,0.21133846585104799,0.21133846585104799,-0.04733128639621076,25.343720135433525
30_etf_fx_proxies,2017,mop_tsmom,MOP 12M TSMOM,2.0,0.20523714970894913,0.21133846585104799,-0.049398770539465287,25.343720135433525
30_etf_fx_proxies,2017,mop_tsmom,MOP 12M TSMOM,10.0,0.1811036263274859,0.21133846585104799,-0.05774616943779054,25.343720135433525
30_etf_fx_proxies,2018,mop_tsmom,MOP 12M TSMOM,0.0,-0.13748799171794057,-0.13748799171794057,-0.25027381806242033,21.586282976216797
30_etf_fx_proxies,2018,mop_tsmom,MOP 12M TSMOM,2.0,-0.14124827179286215,-0.13748799171794057,-0.25347369736270065,21.586282976216797
30_etf_fx_proxies,2018,mop_tsmom,MOP 12M TSMOM,10.0,-0.15615174756308814,-0.13748799171794057,-0.26615940528707427,21.586282976216797
30_etf_fx_proxies,2019,mop_tsmom,MOP 12M TSMOM,0.0,0.05601427334356868,0.05601427334356868,-0.10375635898719282,15.842753596165709
30_etf_fx_proxies,2019,mop_tsmom,MOP 12M TSMOM,2.0,0.05268269575310125,0.05601427334356868,-0.10403525775084721,15.842753596165709
30_etf_fx_proxies,2019,mop_tsmom,MOP 12M TSMOM,10.0,0.039449210504286736,0.05601427334356868,-0.10626984731026545,15.842753596165709
30_etf_fx_proxies,2020,mop_tsmom,MOP 12M TSMOM,0.0,0.0794579233743733,0.0794579233743733,-0.1516658420830771,16.89218528614373
30_etf_fx_proxies,2020,mop_tsmom,MOP 12M TSMOM,2.0,0.07583339124675903,0.0794579233743733,-0.15327713023238254,16.89218528614373
30_etf_fx_proxies,2020,mop_tsmom,MOP 12M TSMOM,10.0,0.061443668354386194,0.0794579233743733,-0.15969709126058618,16.89218528614373
30_etf_fx_proxies,2021,mop_tsmom,MOP 12M TSMOM,0.0,0.09281655457364724,0.09281655457364724,-0.12246691865701531,36.486546673744996
30_etf_fx_proxies,2021,mop_tsmom,MOP 12M TSMOM,2.0,0.08490833422335564,0.09281655457364724,-0.12351065439676923,36.486546673744996
30_etf_fx_proxies,2021,mop_tsmom,MOP 12M TSMOM,10.0,0.05376897554976434,0.09281655457364724,-0.12768559735578555,36.486546673744996
30_etf_fx_proxies,2022,mop_tsmom,MOP 12M TSMOM,0.0,0.19401173651356118,0.19401173651356118,-0.1895807559561209,8.148534553789755
30_etf_fx_proxies,2022,mop_tsmom,MOP 12M TSMOM,2.0,0.19207247227904967,0.19401173651356118,-0.18966756865409062,8.148534553789755
30_etf_fx_proxies,2022,mop_tsmom,MOP 12M TSMOM,10.0,0.18434293559760517,0.19401173651356118,-0.19001478348244571,8.148534553789755
30_etf_fx_proxies,2023,mop_tsmom,MOP 12M TSMOM,0.0,-0.0857554837768928,-0.0857554837768928,-0.17681206087249024,16.98130408228688
30_etf_fx_proxies,2023,mop_tsmom,MOP 12M TSMOM,2.0,-0.08886593097143058,-0.0857554837768928,-0.17909988414058287,16.98130408228688
30_etf_fx_proxies,2023,mop_tsmom,MOP 12M TSMOM,10.0,-0.1012123544657122,-0.0857554837768928,-0.18819566679085187,16.98130408228688
30_etf_fx_proxies,2024,mop_tsmom,MOP 12M TSMOM,0.0,0.1334851168263782,0.1334851168263782,-0.10027028952634875,14.112274784568534
30_etf_fx_proxies,2024,mop_tsmom,MOP 12M TSMOM,2.0,0.13027721083892607,0.1334851168263782,-0.10041937805474055,14.112274784568534
30_etf_fx_proxies,2024,mop_tsmom,MOP 12M TSMOM,10.0,0.11752683267082209,0.1334851168263782,-0.10101573216830673,14.112274784568534
30_etf_fx_proxies,2025,mop_tsmom,MOP 12M TSMOM,0.0,0.28887171843495096,0.28887171843495096,-0.05974679636564151,13.514652281172594
30_etf_fx_proxies,2025,mop_tsmom,MOP 12M TSMOM,2.0,0.2853849902231498,0.28887171843495096,-0.06020673791191855,13.514652281172594
30_etf_fx_proxies,2025,mop_tsmom,MOP 12M TSMOM,10.0,0.27152276731613,0.28887171843495096,-0.06204553280786995,13.514652281172594
30_etf_fx_proxies,2026,mop_tsmom,MOP 12M TSMOM,0.0,0.12101828821958538,0.12101828821958538,-0.12357646047227155,7.035473256537267
30_etf_fx_proxies,2026,mop_tsmom,MOP 12M TSMOM,2.0,0.11944065148328398,0.12101828821958538,-0.12366428559483589,7.035473256537267
30_etf_fx_proxies,2026,mop_tsmom,MOP 12M TSMOM,10.0,0.11314848296667868,0.12101828821958538,-0.12401558608509444,7.035473256537267
30_etf_fx_proxies,2013,always_long,Always-long control,0.0,-0.05404385375894638,-0.05404385375894638,-0.19501824723973815,6.584172692602464
30_etf_fx_proxies,2013,always_long,Always-long control,2.0,-0.05528743087203447,-0.05404385375894638,-0.19544496612665507,6.584172692602464
30_etf_fx_proxies,2013,always_long,Always-long control,10.0,-0.060247270744692716,-0.05404385375894638,-0.1974716196197941,6.584172692602464
30_etf_fx_proxies,2014,always_long,Always-long control,0.0,-0.15322876714253286,-0.15322876714253286,-0.29334518599946946,5.429864870207392
30_etf_fx_proxies,2014,always_long,Always-long control,2.0,-0.15415355334646041,-0.15322876714253286,-0.29377029216836514,5.429864870207392
30_etf_fx_proxies,2014,always_long,Always-long control,10.0,-0.15784360245989104,-0.15322876714253286,-0.29546869282628874,5.429864870207392
30_etf_fx_proxies,2015,always_long,Always-long control,0.0,-0.19984723841057683,-0.19984723841057683,-0.2562653004343619,3.3707100908132723
30_etf_fx_proxies,2015,always_long,Always-long control,2.0,-0.2003876577820215,-0.19984723841057683,-0.25648124541268225,3.3707100908132723
30_etf_fx_proxies,2015,always_long,Always-long control,10.0,-0.20254606609126224,-0.19984723841057683,-0.2573445020160996,3.3707100908132723
30_etf_fx_proxies,2016,always_long,Always-long control,0.0,0.09273014379327726,0.09273014379327726,-0.12561391543477418,3.105367510792838
30_etf_fx_proxies,2016,always_long,Always-long control,2.0,0.09205211573862915,0.09273014379327726,-0.12576835458443425,3.105367510792838
30_etf_fx_proxies,2016,always_long,Always-long control,10.0,0.08934381178237194,0.09273014379327726,-0.12638593304160017,3.105367510792838
30_etf_fx_proxies,2017,always_long,Always-long control,0.0,0.3771145252625887,0.3771145252625887,-0.06632925499617714,3.2782941327948842
30_etf_fx_proxies,2017,always_long,Always-long control,2.0,0.37621459811873104,0.3771145252625887,-0.06638180135720573,3.2782941327948842
30_etf_fx_proxies,2017,always_long,Always-long control,10.0,0.372620234406261,0.3771145252625887,-0.06659198680132083,3.2782941327948842
30_etf_fx_proxies,2018,always_long,Always-long control,0.0,-0.14931677177279057,-0.14931677177279057,-0.2926906435493286,4.968232318695728
30_etf_fx_proxies,2018,always_long,Always-long control,2.0,-0.15016036224948293,-0.14931677177279057,-0.2933491701219505,4.968232318695728
30_etf_fx_proxies,2018,always_long,Always-long control,10.0,-0.15352724463537226,-0.14931677177279057,-0.29597785513976416,4.968232318695728
30_etf_fx_proxies,2019,always_long,Always-long control,0.0,0.4389733883788165,0.4389733883788165,-0.06862553272789385,4.21247792508076
30_etf_fx_proxies,2019,always_long,Always-long control,2.0,0.4377608060454352,0.4389733883788165,-0.06867162253205505,4.21247792508076
30_etf_fx_proxies,2019,always_long,Always-long control,10.0,0.43291975427980556,0.4389733883788165,-0.06885598174869911,4.21247792508076
30_etf_fx_proxies,2020,always_long,Always-long control,0.0,-0.017875389079938353,-0.017875389079938353,-0.45366081603011443,6.74002654974698
30_etf_fx_proxies,2020,always_long,Always-long control,2.0,-0.019202342156327656,-0.017875389079938353,-0.45376865460740257,6.74002654974698
30_etf_fx_proxies,2020,always_long,Always-long control,10.0,-0.02449549603154222,-0.017875389079938353,-0.4541999207166266,6.74002654974698
30_etf_fx_proxies,2021,always_long,Always-long control,0.0,0.15102342711155425,0.15102342711155425,-0.10361229721106757,5.852618989187331
30_etf_fx_proxies,2021,always_long,Always-long control,2.0,0.14968316307579954,0.15102342711155425,-0.10381607788306879,5.852618989187331
30_etf_fx_proxies,2021,always_long,Always-long control,10.0,0.14433609912047074,0.15102342711155425,-0.10463120057107511,5.852618989187331
30_etf_fx_proxies,2022,always_long,Always-long control,0.0,-0.20768902918189946,-0.20768902918189946,-0.3155110335295873,3.3659821394092733
30_etf_fx_proxies,2022,always_long,Always-long control,2.0,-0.20822009043621914,-0.20768902918189946,-0.3159000209559447,3.3659821394092733
30_etf_fx_proxies,2022,always_long,Always-long control,10.0,-0.21034119569269571,-0.20768902918189946,-0.31745409802276636,3.3659821394092733
30_etf_fx_proxies,2023,always_long,Always-long control,0.0,0.19040198995027313,0.19040198995027313,-0.16838182669410762,2.4097592725315495
30_etf_fx_proxies,2023,always_long,Always-long control,2.0,0.18982956889634628,0.19040198995027313,-0.1684942353404416,2.4097592725315495
30_etf_fx_proxies,2023,always_long,Always-long control,10.0,0.18754238511115173,0.19040198995027313,-0.1689437716698453,2.4097592725315495
30_etf_fx_proxies,2024,always_long,Always-long control,0.0,0.13624698851311057,0.13624698851311057,-0.14222110240585983,2.6330636764539674
30_etf_fx_proxies,2024,always_long,Always-long control,2.0,0.13564484408788813,0.13624698851311057,-0.14234078677466921,2.6330636764539674
30_etf_fx_proxies,2024,always_long,Always-long control,10.0,0.13323915290100863,0.13624698851311057,-0.14281941863737557,2.6330636764539674
30_etf_fx_proxies,2025,always_long,Always-long control,0.0,0.4769643451603476,0.4769643451603476,-0.1462566328367303,3.4655246248039644
30_etf_fx_proxies,2025,always_long,Always-long control,2.0,0.47594078347511704,0.4769643451603476,-0.1463125083499104,3.4655246248039644
30_etf_fx_proxies,2025,always_long,Always-long control,10.0,0.47185279325986196,0.4769643451603476,-0.14653599269885786,3.4655246248039644
30_etf_fx_proxies,2026,always_long,Always-long control,0.0,0.20934999640936525,0.20934999640936525,-0.10614070552732369,2.6204334794865964
30_etf_fx_proxies,2026,always_long,Always-long control,2.0,0.20871458900636597,0.20934999640936525,-0.10617772084103949,2.6204334794865964
30_etf_fx_proxies,2026,always_long,Always-long control,10.0,0.20617565444691222,0.20934999640936525,-0.10632578209590349,2.6204334794865964
