month,strategy,label,cost_bps_one_way,net_return,gross_return,max_drawdown,turnover
2022-01,tsmom_1m,1M,0.0,0.0039488544196921715,0.0039488544196921715,-0.0328615823783438,5.879100035028003
2022-01,tsmom_1m,1M,2.0,0.0027799791532232554,0.0039488544196921715,-0.03286158237834391,5.879100035028003
2022-02,tsmom_1m,1M,0.0,0.010011703814454487,0.010011703814454487,-0.019921594991347602,2.6527567123667377
2022-02,tsmom_1m,1M,2.0,0.009474274603752386,0.010011703814454487,-0.01992159499134749,2.6527567123667377
2022-03,tsmom_1m,1M,0.0,0.03642104659083523,0.03642104659083523,-0.01720494922533755,1.3092862025076115
2022-03,tsmom_1m,1M,2.0,0.03615036880411426,0.03642104659083523,-0.01720494922533744,1.3092862025076115
2022-04,tsmom_1m,1M,0.0,0.02290170756991583,0.02290170756991583,-0.02530337197030119,1.5536883092332572
2022-04,tsmom_1m,1M,2.0,0.02258674923008397,0.02290170756991583,-0.02530337197030086,1.5536883092332572
2022-05,tsmom_1m,1M,0.0,-0.008336789939404232,-0.008336789939404232,-0.0420979634640779,1.3850269586085588
2022-05,tsmom_1m,1M,2.0,-0.00860889857809044,-0.008336789939404232,-0.0420979634640779,1.3850269586085588
2022-06,tsmom_1m,1M,0.0,-0.0247401316093232,-0.0247401316093232,-0.036908287235427384,3.403540334936986
2022-06,tsmom_1m,1M,2.0,-0.025407726093989225,-0.0247401316093232,-0.03690828723542716,3.403540334936986
2022-07,tsmom_1m,1M,0.0,-0.022376350816982304,-0.022376350816982304,-0.045462800930966774,2.863396040117376
2022-07,tsmom_1m,1M,2.0,-0.022935340135667226,-0.022376350816982304,-0.045462800930966774,2.863396040117376
2022-08,tsmom_1m,1M,0.0,-0.013326922623244641,-0.013326922623244641,-0.02451150530820445,2.2029533195135684
2022-08,tsmom_1m,1M,2.0,-0.01376023617539679,-0.013326922623244641,-0.02451150530820423,2.2029533195135684
2022-09,tsmom_1m,1M,0.0,0.08221450937024155,0.08221450937024155,-0.02604140784406539,2.297466486820053
2022-09,tsmom_1m,1M,2.0,0.08172339136105111,0.08221450937024155,-0.0260414078440655,2.297466486820053
2022-10,tsmom_1m,1M,0.0,-0.005653827208667583,-0.005653827208667583,-0.026764097158952227,0.6603347101348925
2022-10,tsmom_1m,1M,2.0,-0.005786368108807727,-0.005653827208667583,-0.02676409715895256,0.6603347101348925
2022-11,tsmom_1m,1M,0.0,-0.011804949764557815,-0.011804949764557815,-0.017525204874421774,0.9399951770615571
2022-11,tsmom_1m,1M,2.0,-0.011990835793069032,-0.011804949764557815,-0.017525204874421774,0.9399951770615571
2022-12,tsmom_1m,1M,0.0,-0.009601348158873257,-0.009601348158873257,-0.03210745131140447,2.2146140046056884
2022-12,tsmom_1m,1M,2.0,-0.010035135557004193,-0.009601348158873257,-0.032107451311404356,2.2146140046056884
2023-01,tsmom_1m,1M,0.0,-0.01247749998611647,-0.01247749998611647,-0.010683369613160076,1.6792099452671376
2023-01,tsmom_1m,1M,2.0,-0.01281023962048311,-0.01247749998611647,-0.010683369613160076,1.6792099452671376
2023-02,tsmom_1m,1M,0.0,-0.04484831532814326,-0.04484831532814326,-0.057878166026257505,1.9450970554219242
2023-02,tsmom_1m,1M,2.0,-0.04521577389500553,-0.04484831532814326,-0.057878166026257616,1.9450970554219242
2023-03,tsmom_1m,1M,0.0,-0.054353111284342726,-0.054353111284342726,-0.06174034243892512,3.9905678720801667
2023-03,tsmom_1m,1M,2.0,-0.055106903507552096,-0.054353111284342726,-0.06174034243892523,3.9905678720801667
2023-04,tsmom_1m,1M,0.0,0.0037540487345169016,0.0037540487345169016,-0.01284571163313919,3.5418113379921867
2023-04,tsmom_1m,1M,2.0,0.00304589201807115,0.0037540487345169016,-0.0128457116331393,3.5418113379921867
2023-05,tsmom_1m,1M,0.0,0.00029867871766198206,0.00029867871766198206,-0.010697319348014767,0.9158293740466752
2023-05,tsmom_1m,1M,2.0,0.00011442007778206253,0.00029867871766198206,-0.010697319348014656,0.9158293740466752
2023-06,tsmom_1m,1M,0.0,-0.006702721756687513,-0.006702721756687513,-0.023331107149919705,2.920625311642212
2023-06,tsmom_1m,1M,2.0,-0.007288282261957768,-0.006702721756687513,-0.023331107149919927,2.920625311642212
2023-07,tsmom_1m,1M,0.0,0.025780724005824318,0.025780724005824318,-0.002665469893093908,2.023297103150719
2023-07,tsmom_1m,1M,2.0,0.025366388309470356,0.025780724005824318,-0.00266546989309413,2.023297103150719
2023-08,tsmom_1m,1M,0.0,-0.021968731564030564,-0.021968731564030564,-0.021803158886393392,0.974016331209493
2023-08,tsmom_1m,1M,2.0,-0.022160173834004704,-0.021968731564030564,-0.021803158886393725,0.974016331209493
2023-09,tsmom_1m,1M,0.0,0.07725374347988367,0.07725374347988367,-0.007584952736016004,3.053359428888985
2023-09,tsmom_1m,1M,2.0,0.07660029555062864,0.07725374347988367,-0.007584952736016004,3.053359428888985
2023-10,tsmom_1m,1M,0.0,0.03117559851559837,0.03117559851559837,-0.039710432484457936,0.1386503118152858
2023-10,tsmom_1m,1M,2.0,0.031147427954065998,0.03117559851559837,-0.0397104324844576,0.1386503118152858
2023-11,tsmom_1m,1M,0.0,-0.06448815623507043,-0.06448815623507043,-0.05611949968397911,1.232938189742469
2023-11,tsmom_1m,1M,2.0,-0.0647212353304375,-0.06448815623507043,-0.056119499683979335,1.232938189742469
2023-12,tsmom_1m,1M,0.0,0.0758514352897417,0.0758514352897417,-0.011018290235990658,4.334943153232225
2023-12,tsmom_1m,1M,2.0,0.07493380602703859,0.0758514352897417,-0.011018290235990658,4.334943153232225
2024-01,tsmom_1m,1M,0.0,-0.020886359883675598,-0.020886359883675598,-0.02859127528416827,0.6584068877536347
2024-01,tsmom_1m,1M,2.0,-0.021016567928498153,-0.020886359883675598,-0.028591275284168383,0.6584068877536347
2024-02,tsmom_1m,1M,0.0,0.038155070396773905,0.038155070396773905,-0.004709972862058209,2.9378642724354513
2024-02,tsmom_1m,1M,2.0,0.037543323699962716,0.038155070396773905,-0.004709972862058209,2.9378642724354513
2024-03,tsmom_1m,1M,0.0,-0.003658390017824975,-0.003658390017824975,-0.023731853239408185,1.3319191418710943
2024-03,tsmom_1m,1M,2.0,-0.003924702770090938,-0.003658390017824975,-0.023731853239408296,1.3319191418710943
2024-04,tsmom_1m,1M,0.0,-0.041208047493742295,-0.041208047493742295,-0.035796922927340935,3.7097904153399726
2024-04,tsmom_1m,1M,2.0,-0.04192668140186029,-0.041208047493742295,-0.035796922927340824,3.7097904153399726
2024-05,tsmom_1m,1M,0.0,-0.029354067665388173,-0.029354067665388173,-0.03678968167566654,4.540618399491435
2024-05,tsmom_1m,1M,2.0,-0.030245154194822432,-0.029354067665388173,-0.03678968167566643,4.540618399491435
2024-06,tsmom_1m,1M,0.0,0.006832453492535917,0.006832453492535917,-0.02165800448459887,5.402559552638291
2024-06,tsmom_1m,1M,2.0,0.005756973122472031,0.006832453492535917,-0.02165800448459898,5.402559552638291
2024-07,tsmom_1m,1M,0.0,0.006383326689900715,0.006383326689900715,-0.024846835677683976,1.8171405325338268
2024-07,tsmom_1m,1M,2.0,0.0060154413098860715,0.006383326689900715,-0.024846835677684087,1.8171405325338268
2024-08,tsmom_1m,1M,0.0,0.02213381801958536,0.02213381801958536,-0.022509962901371083,1.8634519702910233
2024-08,tsmom_1m,1M,2.0,0.021757575653854833,0.02213381801958536,-0.022509962901370972,1.8634519702910233
2024-09,tsmom_1m,1M,0.0,0.024244724283338348,0.024244724283338348,-0.006379548358451115,1.4376848446232382
2024-09,tsmom_1m,1M,2.0,0.023950084575451003,0.024244724283338348,-0.006379548358450893,1.4376848446232382
2024-10,tsmom_1m,1M,0.0,-0.058321089172787666,-0.058321089172787666,-0.0582309393517918,1.249791010466506
2024-10,tsmom_1m,1M,2.0,-0.0585564920739744,-0.058321089172787666,-0.0582309393517918,1.249791010466506
2024-11,tsmom_1m,1M,0.0,-0.018139724846007454,-0.018139724846007454,-0.03123246395427126,5.334667601126983
2024-11,tsmom_1m,1M,2.0,-0.01918192981238831,-0.018139724846007454,-0.03123246395427126,5.334667601126983
2024-12,tsmom_1m,1M,0.0,-0.00863732185595012,-0.00863732185595012,-0.022906443995870274,2.916693442596335
2024-12,tsmom_1m,1M,2.0,-0.00921279206779646,-0.00863732185595012,-0.022906443995870496,2.916693442596335
2025-01,tsmom_1m,1M,0.0,-0.009588434205505592,-0.009588434205505592,-0.03785140486998129,3.845119208163309
2025-01,tsmom_1m,1M,2.0,-0.01034710647888304,-0.009588434205505592,-0.037851404869981176,3.845119208163309
2025-02,tsmom_1m,1M,0.0,-0.015027554540462229,-0.015027554540462229,-0.024490306701625664,3.8280222771075794
2025-02,tsmom_1m,1M,2.0,-0.015781830922497186,-0.015027554540462229,-0.02449030670162544,3.8280222771075794
2025-03,tsmom_1m,1M,0.0,0.026883745460653197,0.026883745460653197,-0.022894076138121888,4.842697890995722
2025-03,tsmom_1m,1M,2.0,0.025902110003044987,0.026883745460653197,-0.022894076138121222,4.842697890995722
2025-04,tsmom_1m,1M,0.0,0.039528424371380044,0.039528424371380044,-0.03075613971759672,1.333130516592877
2025-04,tsmom_1m,1M,2.0,0.03925179166490378,0.039528424371380044,-0.030756139717596942,1.333130516592877
2025-05,tsmom_1m,1M,0.0,-0.005658651342547949,-0.005658651342547949,-0.015042672811749092,1.415858037359743
2025-05,tsmom_1m,1M,2.0,-0.00594147547061219,-0.005658651342547949,-0.015042672811749203,1.415858037359743
2025-06,tsmom_1m,1M,0.0,0.011455805687140774,0.011455805687140774,-0.007385147629306643,2.5505636883999494
2025-06,tsmom_1m,1M,2.0,0.01094291660797908,0.011455805687140774,-0.007385147629306865,2.5505636883999494
2025-07,tsmom_1m,1M,0.0,-0.011397317028651766,-0.011397317028651766,-0.017874667157544932,2.8335206732423925
2025-07,tsmom_1m,1M,2.0,-0.011957892953269433,-0.011397317028651766,-0.01787466715754482,2.8335206732423925
2025-08,tsmom_1m,1M,0.0,-0.02301454373333711,-0.02301454373333711,-0.015350070589469689,4.267963676712402
2025-08,tsmom_1m,1M,2.0,-0.02386479491750504,-0.02301454373333711,-0.015350070589469356,4.267963676712402
2025-09,tsmom_1m,1M,0.0,0.021961475878572,0.021961475878572,-0.017960335692983276,4.959265749524571
2025-09,tsmom_1m,1M,2.0,0.020940634383759926,0.021961475878572,-0.017960335692983387,4.959265749524571
2025-10,tsmom_1m,1M,0.0,0.023704701885417956,0.023704701885417956,-0.009605359707556604,3.55817660024583
2025-10,tsmom_1m,1M,2.0,0.022975884279290426,0.023704701885417956,-0.009605359707556715,3.55817660024583
2025-11,tsmom_1m,1M,0.0,0.010977924539733674,0.010977924539733674,-0.017936673646285373,3.2781316779249736
2025-11,tsmom_1m,1M,2.0,0.010317044675635989,0.010977924539733674,-0.017936673646285595,3.2781316779249736
2025-12,tsmom_1m,1M,0.0,0.007070302855373356,0.007070302855373356,-0.007389152607516047,1.8730654100576596
2025-12,tsmom_1m,1M,2.0,0.0066912521504987055,0.007070302855373356,-0.007389152607516047,1.8730654100576596
2026-01,tsmom_1m,1M,0.0,0.011322822562672252,0.011322822562672252,-0.010819852823778286,2.386696282412153
2026-01,tsmom_1m,1M,2.0,0.010841553180204855,0.011322822562672252,-0.010819852823778286,2.386696282412153
2026-02,tsmom_1m,1M,0.0,-0.009195391605821168,-0.009195391605821168,-0.01970746381159627,2.502240222813293
2026-02,tsmom_1m,1M,2.0,-0.009692705488411169,-0.009195391605821168,-0.019707463811596382,2.502240222813293
2026-03,tsmom_1m,1M,0.0,-0.013435091235779906,-0.013435091235779906,-0.0229457613992895,5.1695199946899955
2026-03,tsmom_1m,1M,2.0,-0.014462053519401441,-0.013435091235779906,-0.02294576139928939,5.1695199946899955
2026-04,tsmom_1m,1M,0.0,-0.04841634114462101,-0.04841634114462101,-0.057360457288650135,4.317803982534582
2026-04,tsmom_1m,1M,2.0,-0.04924580697850334,-0.04841634114462101,-0.057360457288650246,4.317803982534582
2026-05,tsmom_1m,1M,0.0,0.015400469757951729,0.015400469757951729,-0.0060377486608883535,2.3459585474574105
2026-05,tsmom_1m,1M,2.0,0.014923899523667572,0.015400469757951729,-0.0060377486608883535,2.3459585474574105
2026-06,tsmom_1m,1M,0.0,0.033196954851634874,0.033196954851634874,-0.011374125331529483,1.8815637454601153
2026-06,tsmom_1m,1M,2.0,0.03281030350973091,0.033196954851634874,-0.011374125331529483,1.8815637454601153
2026-07,tsmom_1m,1M,0.0,-0.030251530612288358,-0.030251530612288358,-0.03264209122157802,0.8842431236861857
2026-07,tsmom_1m,1M,2.0,-0.030423149998321963,-0.030251530612288358,-0.03264209122157835,0.8842431236861857
2022-01,tsmom_3m,3M,0.0,-0.0047471962620777575,-0.0047471962620777575,-0.020439209884931864,1.6717845665570754
2022-01,tsmom_3m,3M,2.0,-0.0050787331754259535,-0.0047471962620777575,-0.020439209884931864,1.6717845665570754
2022-02,tsmom_3m,3M,0.0,0.016122335571393753,0.016122335571393753,-0.021536947833962983,2.3607816801120096
2022-02,tsmom_3m,3M,2.0,0.015641081219317954,0.016122335571393753,-0.02153694783396287,2.3607816801120096
2022-03,tsmom_3m,3M,0.0,0.04794412755625932,0.04794412755625932,-0.020179517765532284,1.3826088372802674
2022-03,tsmom_3m,3M,2.0,0.047654950458305256,0.04794412755625932,-0.020179517765532284,1.3826088372802674
2022-04,tsmom_3m,3M,0.0,0.0677301277362028,0.0677301277362028,-0.007985640669040506,1.1688401079926274
2022-04,tsmom_3m,3M,2.0,0.06748186641939968,0.0677301277362028,-0.007985640669040617,1.1688401079926274
2022-05,tsmom_3m,3M,0.0,-0.01248181534335524,-0.01248181534335524,-0.030130725740420305,0.451563391041662
2022-05,tsmom_3m,3M,2.0,-0.012570707528685832,-0.01248181534335524,-0.030130725740419972,0.451563391041662
2022-06,tsmom_3m,3M,0.0,0.029818528295169955,0.029818528295169955,-0.03412474446040614,0.8523650597062119
2022-06,tsmom_3m,3M,2.0,0.029644132845179083,0.029818528295169955,-0.03412474446040603,0.8523650597062119
2022-07,tsmom_3m,3M,0.0,-0.02320036075916654,-0.02320036075916654,-0.04485008468224372,0.6677257400110943
2022-07,tsmom_3m,3M,2.0,-0.023330765122953845,-0.02320036075916654,-0.04485008468224372,0.6677257400110943
2022-08,tsmom_3m,3M,0.0,-0.0010313532266139624,-0.0010313532266139624,-0.009059332453536184,1.6657558537248824
2022-08,tsmom_3m,3M,2.0,-0.0013650576657164848,-0.0010313532266139624,-0.009059332453536517,1.6657558537248824
2022-09,tsmom_3m,3M,0.0,0.07060274717840609,0.07060274717840609,-0.026950291350049227,1.8927091825465703
2022-09,tsmom_3m,3M,2.0,0.0702034693249931,0.07060274717840609,-0.026950291350049227,1.8927091825465703
2022-10,tsmom_3m,3M,0.0,-0.0077563848148262116,-0.0077563848148262116,-0.030258347041128952,0.7782707507648692
2022-10,tsmom_3m,3M,2.0,-0.007912955119364296,-0.0077563848148262116,-0.030258347041128952,0.7782707507648692
2022-11,tsmom_3m,3M,0.0,-0.04804979433252987,-0.04804979433252987,-0.058952508028437434,0.1906888309690707
2022-11,tsmom_3m,3M,2.0,-0.04808613278771423,-0.04804979433252987,-0.05895250802843777,0.1906888309690707
2022-12,tsmom_3m,3M,0.0,0.003965216746805611,0.003965216746805611,-0.008535625157186644,1.061346788300143
2022-12,tsmom_3m,3M,2.0,0.003752029879604768,0.003965216746805611,-0.008535625157186422,1.061346788300143
2023-01,tsmom_3m,3M,0.0,0.00837779899082114,0.00837779899082114,-0.006759617623143588,0.7918733757886552
2023-01,tsmom_3m,3M,2.0,0.008217624481099195,0.00837779899082114,-0.006759617623143588,0.7918733757886552
2023-02,tsmom_3m,3M,0.0,-0.03922425550373665,-0.03922425550373665,-0.052140482683795786,1.6853255795470845
2023-02,tsmom_3m,3M,2.0,-0.03954504179725393,-0.03922425550373665,-0.052140482683795675,1.6853255795470845
2023-03,tsmom_3m,3M,0.0,-0.02122049550073879,-0.02122049550073879,-0.02626795623983469,2.577432541793036
2023-03,tsmom_3m,3M,2.0,-0.021723430354569806,-0.02122049550073879,-0.026267956239834578,2.577432541793036
2023-04,tsmom_3m,3M,0.0,0.016139614099678345,0.016139614099678345,-0.012970455960897853,2.7086150143682146
2023-04,tsmom_3m,3M,2.0,0.015590965038345006,0.016139614099678345,-0.012970455960897631,2.7086150143682146
2023-05,tsmom_3m,3M,0.0,0.006172209735456402,0.006172209735456402,-0.00932187482313318,0.8063130775454295
2023-05,tsmom_3m,3M,2.0,0.006009622088019473,0.006172209735456402,-0.00932187482313318,0.8063130775454295
2023-06,tsmom_3m,3M,0.0,0.008037860624122928,0.008037860624122928,-0.017408949958504394,0.8299473894858387
2023-06,tsmom_3m,3M,2.0,0.00787165039399973,0.008037860624122928,-0.017408949958504394,0.8299473894858387
2023-07,tsmom_3m,3M,0.0,0.00993426167724154,0.00993426167724154,-0.009003920114482034,2.7082796631945394
2023-07,tsmom_3m,3M,2.0,0.00938814000356758,0.00993426167724154,-0.009003920114482034,2.7082796631945394
2023-08,tsmom_3m,3M,0.0,-0.01650496888427,-0.01650496888427,-0.024646483487079762,0.8344274099064269
2023-08,tsmom_3m,3M,2.0,-0.01666897294285108,-0.01650496888427,-0.02464648348707965,0.8344274099064269
2023-09,tsmom_3m,3M,0.0,-0.004777682652280069,-0.004777682652280069,-0.017490785169239076,0.8661685706406884
2023-09,tsmom_3m,3M,2.0,-0.004949440124998206,-0.004777682652280069,-0.017490785169238965,0.8661685706406884
2023-10,tsmom_3m,3M,0.0,0.03093861346725646,0.03093861346725646,-0.03977135778659546,2.643596013660565
2023-10,tsmom_3m,3M,2.0,0.03040100039425342,0.03093861346725646,-0.039771357786595574,2.643596013660565
2023-11,tsmom_3m,3M,0.0,-0.10265178387560192,-0.10265178387560192,-0.09404266305887099,0.27260813785548393
2023-11,tsmom_3m,3M,2.0,-0.10270128978401993,-0.10265178387560192,-0.09404266305887099,0.27260813785548393
2023-12,tsmom_3m,3M,0.0,-0.00781628308567106,-0.00781628308567106,-0.01806467971472614,3.2175625986323575
2023-12,tsmom_3m,3M,2.0,-0.008455404908268793,-0.00781628308567106,-0.018064679714725917,3.2175625986323575
2024-01,tsmom_3m,3M,0.0,-0.016001066316226775,-0.016001066316226775,-0.026335448639701498,2.1550928152953954
2024-01,tsmom_3m,3M,2.0,-0.016430808946444442,-0.016001066316226775,-0.026335448639701498,2.1550928152953954
2024-02,tsmom_3m,3M,0.0,-0.004664491352766698,-0.004664491352766698,-0.03868558058259519,0.2266573250302337
2024-02,tsmom_3m,3M,2.0,-0.004709094130204927,-0.004664491352766698,-0.03868558058259519,0.2266573250302337
2024-03,tsmom_3m,3M,0.0,0.02052663468098359,0.02052663468098359,-0.01585294117419589,1.7940481637989651
2024-03,tsmom_3m,3M,2.0,0.020162640227741058,0.02052663468098359,-0.01585294117419589,1.7940481637989651
2024-04,tsmom_3m,3M,0.0,0.028077907312344053,0.028077907312344053,-0.010986574134052574,2.4375007271581124
2024-04,tsmom_3m,3M,2.0,0.027581592148482104,0.028077907312344053,-0.01098657413405224,2.4375007271581124
2024-05,tsmom_3m,3M,0.0,-0.016500529704116862,-0.016500529704116862,-0.015333748995534302,0.30807360767635394
2024-05,tsmom_3m,3M,2.0,-0.0165618495897204,-0.016500529704116862,-0.015333748995534413,0.30807360767635394
2024-06,tsmom_3m,3M,0.0,-0.02369932516945028,-0.02369932516945028,-0.023948771231613875,1.5571201348728436
2024-06,tsmom_3m,3M,2.0,-0.02400445921169836,-0.02369932516945028,-0.023948771231613764,1.5571201348728436
2024-07,tsmom_3m,3M,0.0,-0.024239801816850037,-0.024239801816850037,-0.03025472146714847,1.0489731474715276
2024-07,tsmom_3m,3M,2.0,-0.024443249168263903,-0.024239801816850037,-0.030254721467148693,1.0489731474715276
2024-08,tsmom_3m,3M,0.0,0.035203663550074094,0.035203663550074094,-0.025247128177918188,3.997926370202061
2024-08,tsmom_3m,3M,2.0,0.034375608757162945,0.035203663550074094,-0.025247128177918077,3.997926370202061
2024-09,tsmom_3m,3M,0.0,0.01527974152244016,0.01527974152244016,-0.010180961483129747,0.7445683287798708
2024-09,tsmom_3m,3M,2.0,0.015127535322859709,0.01527974152244016,-0.010180961483129969,0.7445683287798708
2024-10,tsmom_3m,3M,0.0,-0.06658374798322197,-0.06658374798322197,-0.06779862369862166,0.5463860859476376
2024-10,tsmom_3m,3M,2.0,-0.06668561635548431,-0.06658374798322197,-0.06779862369862155,0.5463860859476376
2024-11,tsmom_3m,3M,0.0,-0.010417529407225068,-0.010417529407225068,-0.0193529730835994,2.376415496281224
2024-11,tsmom_3m,3M,2.0,-0.010885731016630928,-0.010417529407225068,-0.019352973083599068,2.376415496281224
2024-12,tsmom_3m,3M,0.0,0.03342286141654949,0.03342286141654949,-0.011782029410425165,2.9836003146890975
2024-12,tsmom_3m,3M,2.0,0.032808619541828676,0.03342286141654949,-0.011782029410425054,2.9836003146890975
2025-01,tsmom_3m,3M,0.0,0.001414515348710621,0.001414515348710621,-0.024788731491661498,0.5028150571567737
2025-01,tsmom_3m,3M,2.0,0.0013143784941158643,0.001414515348710621,-0.024788731491662164,0.5028150571567737
2025-02,tsmom_3m,3M,0.0,-0.04001602327605891,-0.04001602327605891,-0.04546317217100748,0.28898595829357693
2025-02,tsmom_3m,3M,2.0,-0.040071481262179076,-0.04001602327605891,-0.045463172171007926,0.28898595829357693
2025-03,tsmom_3m,3M,0.0,0.022624471694814963,0.022624471694814963,-0.01629981167970429,3.708591088476196
2025-03,tsmom_3m,3M,2.0,0.02186814031825035,0.022624471694814963,-0.0162998116797044,3.708591088476196
2025-04,tsmom_3m,3M,0.0,0.038341435537579294,0.038341435537579294,-0.046613708466899384,2.2154341069245165
2025-04,tsmom_3m,3M,2.0,0.03788449517405401,0.038341435537579294,-0.046613708466899384,2.2154341069245165
2025-05,tsmom_3m,3M,0.0,-0.017034193273562037,-0.017034193273562037,-0.026766747569914595,1.4235115807255674
2025-05,tsmom_3m,3M,2.0,-0.017316159623168237,-0.017034193273562037,-0.026766747569914595,1.4235115807255674
2025-06,tsmom_3m,3M,0.0,0.00859297407551085,0.00859297407551085,-0.007866074559918057,0.8291307783501073
2025-06,tsmom_3m,3M,2.0,0.008426497680306566,0.00859297407551085,-0.007866074559918168,0.8291307783501073
2025-07,tsmom_3m,3M,0.0,-0.01839513559138506,-0.01839513559138506,-0.029481276359410336,0.8618055043810462
2025-07,tsmom_3m,3M,2.0,-0.018564233571155886,-0.01839513559138506,-0.029481276359410336,0.8618055043810462
2025-08,tsmom_3m,3M,0.0,-0.00804424099760026,-0.00804424099760026,-0.007589669343158523,3.397352149279482
2025-08,tsmom_3m,3M,2.0,-0.008730244961869693,-0.00804424099760026,-0.007589669343158745,3.397352149279482
2025-09,tsmom_3m,3M,0.0,0.03066231520750229,0.03066231520750229,-0.010340309146585236,3.5776709884727373
2025-09,tsmom_3m,3M,2.0,0.029921489281772295,0.03066231520750229,-0.010340309146585347,3.5776709884727373
2025-10,tsmom_3m,3M,0.0,0.02347337836903196,0.02347337836903196,-0.009851286217395172,0.9420290132526513
2025-10,tsmom_3m,3M,2.0,0.023281610482337678,0.02347337836903196,-0.009851286217395283,0.9420290132526513
2025-11,tsmom_3m,3M,0.0,0.012843455131136938,0.012843455131136938,-0.024093730630637133,0.8725145124095701
2025-11,tsmom_3m,3M,2.0,0.012667026561028027,0.012843455131136938,-0.024093730630637133,0.8725145124095701
2025-12,tsmom_3m,3M,0.0,-0.012710964832415073,-0.012710964832415073,-0.015008459096204518,0.5819275943117472
2025-12,tsmom_3m,3M,2.0,-0.012826708089830885,-0.012710964832415073,-0.01500845909620463,0.5819275943117472
2026-01,tsmom_3m,3M,0.0,0.021424291900081993,0.021424291900081993,-0.013186925835093288,1.990050655279347
2026-01,tsmom_3m,3M,2.0,0.021018781115317298,0.021424291900081993,-0.0131869258350934,1.990050655279347
2026-02,tsmom_3m,3M,0.0,-0.0072873634165683265,-0.0072873634165683265,-0.019704947385873917,1.5581856270222738
2026-02,tsmom_3m,3M,2.0,-0.0075978142249740754,-0.0072873634165683265,-0.019704947385873917,1.5581856270222738
2026-03,tsmom_3m,3M,0.0,-0.04878685531584159,-0.04878685531584159,-0.05350673004696904,2.1687633866807903
2026-03,tsmom_3m,3M,2.0,-0.0492046849880865,-0.04878685531584159,-0.05350673004696915,2.1687633866807903
2026-04,tsmom_3m,3M,0.0,-0.015437416118571745,-0.015437416118571745,-0.025964116533540027,5.103444564543124
2026-04,tsmom_3m,3M,2.0,-0.01644645358509389,-0.015437416118571745,-0.025964116533540027,5.103444564543124
2026-05,tsmom_3m,3M,0.0,0.02053978957667324,0.02053978957667324,-0.00944299877861643,1.054348590955262
2026-05,tsmom_3m,3M,2.0,0.020324607446639886,0.02053978957667324,-0.009442998778616207,1.054348590955262
2026-06,tsmom_3m,3M,0.0,0.01721823276656398,0.01721823276656398,-0.015467616494578174,0.5462719618817754
2026-06,tsmom_3m,3M,2.0,0.017107676541587846,0.01721823276656398,-0.015467616494578063,0.5462719618817754
2026-07,tsmom_3m,3M,0.0,0.002128633876914199,0.002128633876914199,-0.015354398941465286,0.5682061157309202
2026-07,tsmom_3m,3M,2.0,0.0020150354601000675,0.002128633876914199,-0.015354398941464953,0.5682061157309202
2022-01,tsmom_12m,12M,0.0,0.026683322960099787,0.026683322960099787,-0.018974452829053523,0.129319019864451
2022-01,tsmom_12m,12M,2.0,0.02665725014749576,0.026683322960099787,-0.018974452829053412,0.129319019864451
2022-02,tsmom_12m,12M,0.0,0.006461952663814774,0.006461952663814774,-0.011018069455374868,0.6590113138043618
2022-02,tsmom_12m,12M,2.0,0.006329429889955662,0.006461952663814774,-0.011018069455374868,0.6590113138043618
2022-03,tsmom_12m,12M,0.0,0.05606406974505007,0.05606406974505007,-0.014511671238857105,0.2726092865338219
2022-03,tsmom_12m,12M,2.0,0.05600635732076609,0.05606406974505007,-0.014511671238857216,0.2726092865338219
2022-04,tsmom_12m,12M,0.0,0.03214918569885383,0.03214918569885383,-0.011469079985770403,0.6958029985812839
2022-04,tsmom_12m,12M,2.0,0.0320062063132025,0.03214918569885383,-0.011469079985770514,0.6958029985812839
2022-05,tsmom_12m,12M,0.0,-0.01130304092744494,-0.01130304092744494,-0.040628794412219005,1.0859182253425517
2022-05,tsmom_12m,12M,2.0,-0.011516220158544255,-0.01130304092744494,-0.04062879441221867,1.0859182253425517
2022-06,tsmom_12m,12M,0.0,0.03379106024975509,0.03379106024975509,-0.03324675074915062,0.35685891106567136
2022-06,tsmom_12m,12M,2.0,0.03371764826045176,0.03379106024975509,-0.03324675074915062,0.35685891106567136
2022-07,tsmom_12m,12M,0.0,-0.02542081295569454,-0.02542081295569454,-0.03905164044835996,0.36804781305739614
2022-07,tsmom_12m,12M,2.0,-0.02549251940722208,-0.02542081295569454,-0.03905164044835996,0.36804781305739614
2022-08,tsmom_12m,12M,0.0,0.04324764389671043,0.04324764389671043,-0.01268406638318742,0.29243858719430804
2022-08,tsmom_12m,12M,2.0,0.04318632573715431,0.04324764389671043,-0.012684066383187309,0.29243858719430804
2022-09,tsmom_12m,12M,0.0,0.06099002694113831,0.06099002694113831,-0.02021123494163768,0.17292480005193023
2022-09,tsmom_12m,12M,2.0,0.06095363600117487,0.06099002694113831,-0.02021123494163768,0.17292480005193023
2022-10,tsmom_12m,12M,0.0,-0.0034940584489402404,-0.0034940584489402404,-0.026448422741206845,0.3063279532300934
2022-10,tsmom_12m,12M,2.0,-0.003555831664974085,-0.0034940584489402404,-0.026448422741206623,0.3063279532300934
2022-11,tsmom_12m,12M,0.0,-0.04484987905943216,-0.04484987905943216,-0.055029906345054225,0.07465320264159242
2022-11,tsmom_12m,12M,2.0,-0.04486416147866101,-0.04484987905943216,-0.055029906345054,0.07465320264159242
2022-12,tsmom_12m,12M,0.0,-0.008671008664661417,-0.008671008664661417,-0.008451339412056558,0.33377544232644224
2022-12,tsmom_12m,12M,2.0,-0.008737918752671492,-0.008671008664661417,-0.008451339412056447,0.33377544232644224
2023-01,tsmom_12m,12M,0.0,-0.03351348165027024,-0.03351348165027024,-0.03431308031417346,0.3748195636345065
2023-01,tsmom_12m,12M,2.0,-0.033585934249921845,-0.03351348165027024,-0.03431308031417346,0.3748195636345065
2023-02,tsmom_12m,12M,0.0,0.022247911750833183,0.022247911750833183,-0.004116775067689704,0.5252351254525616
2023-02,tsmom_12m,12M,2.0,0.02213977705346082,0.022247911750833183,-0.004116775067689815,0.5252351254525616
2023-03,tsmom_12m,12M,0.0,-0.03937298280566337,-0.03937298280566337,-0.05090378325688505,0.5605779277038825
2023-03,tsmom_12m,12M,2.0,-0.03948057271947247,-0.03937298280566337,-0.05090378325688516,0.5605779277038825
2023-04,tsmom_12m,12M,0.0,0.0051960461374322975,0.0051960461374322975,-0.004088782820717229,0.5295457742020547
2023-04,tsmom_12m,12M,2.0,0.005088922946268504,0.0051960461374322975,-0.004088782820717229,0.5295457742020547
2023-05,tsmom_12m,12M,0.0,0.02336679895749283,0.02336679895749283,-0.012139229759622228,0.7887621262741434
2023-05,tsmom_12m,12M,2.0,0.02320619198105267,0.02336679895749283,-0.012139229759622228,0.7887621262741434
2023-06,tsmom_12m,12M,0.0,0.004710212776943168,0.004710212776943168,-0.018072497254173037,0.49251521744828053
2023-06,tsmom_12m,12M,2.0,0.004610793048994921,0.004710212776943168,-0.01807249725417326,0.49251521744828053
2023-07,tsmom_12m,12M,0.0,0.0272912199864197,0.0272912199864197,-0.007594171248097359,0.9316979395787507
2023-07,tsmom_12m,12M,2.0,0.027100421497339156,0.0272912199864197,-0.007594171248097359,0.9316979395787507
2023-08,tsmom_12m,12M,0.0,0.0013596979082628469,0.0013596979082628469,-0.018282349959710786,0.3752455634747697
2023-08,tsmom_12m,12M,2.0,0.0012848952536310687,0.0013596979082628469,-0.018282349959710786,0.3752455634747697
2023-09,tsmom_12m,12M,0.0,-0.014155128839169917,-0.014155128839169917,-0.02398505438246501,0.28256842089192064
2023-09,tsmom_12m,12M,2.0,-0.014210546811891267,-0.014155128839169917,-0.0239850543824649,0.28256842089192064
2023-10,tsmom_12m,12M,0.0,-0.004301822888777229,-0.004301822888777229,-0.0323084823455041,0.796086759509034
2023-10,tsmom_12m,12M,2.0,-0.004461486182062102,-0.004301822888777229,-0.03230848234550365,0.796086759509034
2023-11,tsmom_12m,12M,0.0,0.01306958387702517,0.01306958387702517,-0.01212330131370154,0.9701116332537516
2023-11,tsmom_12m,12M,2.0,0.012872599115984595,0.01306958387702517,-0.01212330131370154,0.9701116332537516
2023-12,tsmom_12m,12M,0.0,-0.025903065295624583,-0.025903065295624583,-0.028625631814142127,0.10469664650988769
2023-12,tsmom_12m,12M,2.0,-0.02592358301426978,-0.025903065295624583,-0.028625631814141905,0.10469664650988769
2024-01,tsmom_12m,12M,0.0,0.008383640917080548,0.008383640917080548,-0.012405936585918709,3.156018191505303
2024-01,tsmom_12m,12M,2.0,0.0077424141283002346,0.008383640917080548,-0.012405936585918709,3.156018191505303
2024-02,tsmom_12m,12M,0.0,0.04399523613560907,0.04399523613560907,-0.007599751080768158,2.086323395041728
2024-02,tsmom_12m,12M,2.0,0.04356115718788334,0.04399523613560907,-0.007599751080768158,2.086323395041728
2024-03,tsmom_12m,12M,0.0,0.01107334816640937,0.01107334816640937,-0.008246125766671275,0.9081854104640232
2024-03,tsmom_12m,12M,2.0,0.010890870338061687,0.01107334816640937,-0.008246125766671275,0.9081854104640232
2024-04,tsmom_12m,12M,0.0,0.008579403361052895,0.008579403361052895,-0.020188566074105352,2.1407155319867974
2024-04,tsmom_12m,12M,2.0,0.00815050017137442,0.008579403361052895,-0.020188566074105352,2.1407155319867974
2024-05,tsmom_12m,12M,0.0,-0.012904375512255428,-0.012904375512255428,-0.012407760661884537,0.7840205793683054
2024-05,tsmom_12m,12M,2.0,-0.013061118023993346,-0.012904375512255428,-0.012407760661884648,0.7840205793683054
2024-06,tsmom_12m,12M,0.0,0.00504194529481472,0.00504194529481472,-0.013370628173185128,1.4193197552979082
2024-06,tsmom_12m,12M,2.0,0.004755928387059738,0.00504194529481472,-0.013370628173185017,1.4193197552979082
2024-07,tsmom_12m,12M,0.0,-0.007029113688346911,-0.007029113688346911,-0.032897622283852734,2.471615762461454
2024-07,tsmom_12m,12M,2.0,-0.00751662806682718,-0.007029113688346911,-0.0328976222838524,2.471615762461454
2024-08,tsmom_12m,12M,0.0,-0.004859336171037842,-0.004859336171037842,-0.033343343934526315,1.7998861123715129
2024-08,tsmom_12m,12M,2.0,-0.005219926942748088,-0.004859336171037842,-0.033343343934526315,1.7998861123715129
2024-09,tsmom_12m,12M,0.0,0.023270611568693367,0.023270611568693367,-0.009787457580478276,1.897798682066997
2024-09,tsmom_12m,12M,2.0,0.022878007483770224,0.023270611568693367,-0.009787457580478498,1.897798682066997
2024-10,tsmom_12m,12M,0.0,-0.06315926772895997,-0.06315926772895997,-0.06379262331530344,0.3379822340650184
2024-10,tsmom_12m,12M,2.0,-0.06322255202110416,-0.06315926772895997,-0.06379262331530344,0.3379822340650184
2024-11,tsmom_12m,12M,0.0,0.00386644802715308,0.00386644802715308,-0.03189830075419675,0.7649942545655846
2024-11,tsmom_12m,12M,2.0,0.003712487027528022,0.00386644802715308,-0.03189830075419675,0.7649942545655846
2024-12,tsmom_12m,12M,0.0,-0.012574581206418634,-0.012574581206418634,-0.030638778618290896,1.145097755873968
2024-12,tsmom_12m,12M,2.0,-0.012800160835627405,-0.012574581206418634,-0.030638778618290674,1.145097755873968
2025-01,tsmom_12m,12M,0.0,0.010200277577822048,0.010200277577822048,-0.016617866535022174,1.9436035758660961
2025-01,tsmom_12m,12M,2.0,0.009809294497551857,0.010200277577822048,-0.016617866535021952,1.9436035758660961
2025-02,tsmom_12m,12M,0.0,-0.03229273741517302,-0.03229273741517302,-0.04332035174299553,1.7203489095640405
2025-02,tsmom_12m,12M,2.0,-0.03262542499286192,-0.03229273741517302,-0.04332035174299531,1.7203489095640405
2025-03,tsmom_12m,12M,0.0,-0.011770961475678354,-0.011770961475678354,-0.023766611320908182,2.9303215904912125
2025-03,tsmom_12m,12M,2.0,-0.012353744716627868,-0.011770961475678354,-0.02376661132090796,2.9303215904912125
2025-04,tsmom_12m,12M,0.0,0.02952550187570835,0.02952550187570835,-0.010061586289420887,1.2179390545159856
2025-04,tsmom_12m,12M,2.0,0.02927478129188077,0.02952550187570835,-0.010061586289420998,1.2179390545159856
2025-05,tsmom_12m,12M,0.0,-0.0202553906263514,-0.0202553906263514,-0.02675445477630456,0.7259462784369812
2025-05,tsmom_12m,12M,2.0,-0.02039904340924803,-0.0202553906263514,-0.02675445477630456,0.7259462784369812
2025-06,tsmom_12m,12M,0.0,0.02178867166012921,0.02178867166012921,-0.013035684748473608,0.7458748121667339
2025-06,tsmom_12m,12M,2.0,0.02163749712426477,0.02178867166012921,-0.013035684748473053,0.7458748121667339
2025-07,tsmom_12m,12M,0.0,-0.022351651435298603,-0.022351651435298603,-0.0321778400601751,0.7218050410433655
2025-07,tsmom_12m,12M,2.0,-0.022492717564734255,-0.022351651435298603,-0.03217784006017499,0.7218050410433655
2025-08,tsmom_12m,12M,0.0,0.012154171918298706,0.012154171918298706,-0.005642963376091714,1.2116917835853966
2025-08,tsmom_12m,12M,2.0,0.011908785607525951,0.012154171918298706,-0.005642963376092047,1.2116917835853966
2025-09,tsmom_12m,12M,0.0,0.02485701253064776,0.02485701253064776,-0.00618157242353734,0.36268108554770423
2025-09,tsmom_12m,12M,2.0,0.024782736563251362,0.02485701253064776,-0.006181572423537451,0.36268108554770423
2025-10,tsmom_12m,12M,0.0,0.012253117496543897,0.012253117496543897,-0.019039988760903293,2.561663933026166
2025-10,tsmom_12m,12M,2.0,0.01173309756230867,0.012253117496543897,-0.019039988760903626,2.561663933026166
2025-11,tsmom_12m,12M,0.0,0.013565135117029392,0.013565135117029392,-0.0170057332025062,3.1015431278924486
2025-11,tsmom_12m,12M,2.0,0.01293740656598552,0.013565135117029392,-0.017005733202506312,3.1015431278924486
2025-12,tsmom_12m,12M,0.0,0.020633670606562404,0.020633670606562404,-0.012303926836633505,0.744300521148325
2025-12,tsmom_12m,12M,2.0,0.020481211741048222,0.020633670606562404,-0.012303926836633505,0.744300521148325
2026-01,tsmom_12m,12M,0.0,0.025247534585517428,0.025247534585517428,-0.01515855525850296,0.5909180965299435
2026-01,tsmom_12m,12M,2.0,0.025126383067954006,0.025247534585517428,-0.01515855525850296,0.5909180965299435
2026-02,tsmom_12m,12M,0.0,0.013779359781767697,0.013779359781767697,-0.012631628987044508,0.18284937104277443
2026-02,tsmom_12m,12M,2.0,0.01374214016070896,0.013779359781767697,-0.012631628987044174,0.18284937104277443
2026-03,tsmom_12m,12M,0.0,-0.0640102248930976,-0.0640102248930976,-0.06713906908736522,0.31571815951822463
2026-03,tsmom_12m,12M,2.0,-0.06406998212763504,-0.0640102248930976,-0.06713906908736544,0.31571815951822463
2026-04,tsmom_12m,12M,0.0,0.05091955308595719,0.05091955308595719,-0.00514647634109866,1.1521771391398292
2026-04,tsmom_12m,12M,2.0,0.050678271867825586,0.05091955308595719,-0.005146476341098771,1.1521771391398292
2026-05,tsmom_12m,12M,0.0,0.018684254493457786,0.018684254493457786,-0.006264090615285434,2.4942945909701426
2026-05,tsmom_12m,12M,2.0,0.018175920242605947,0.018684254493457786,-0.006264090615285545,2.4942945909701426
2026-06,tsmom_12m,12M,0.0,-0.006670504260669841,-0.006670504260669841,-0.020704798522060752,0.8737752718345515
2026-06,tsmom_12m,12M,2.0,-0.006843735643763171,-0.006670504260669841,-0.020704798522060863,0.8737752718345515
2026-07,tsmom_12m,12M,0.0,0.014528010222281784,0.014528010222281784,-0.017881817949310097,0.6965130471187877
2026-07,tsmom_12m,12M,2.0,0.014387281143436459,0.014528010222281784,-0.017881817949310208,0.6965130471187877
2022-01,composite,Composite,0.0,0.010879771420342355,0.010879771420342355,-0.02143250154655907,2.8711035767136304
2022-01,composite,Composite,2.0,0.010306928972472429,0.010879771420342355,-0.021432501546558846,2.8711035767136304
2022-02,composite,Composite,0.0,0.013136749601551312,0.013136749601551312,-0.01891953137355107,2.204735720767228
2022-02,composite,Composite,2.0,0.012689185794878766,0.013136749601551312,-0.018919531373550957,2.204735720767228
2022-03,composite,Composite,0.0,0.058237149174861225,0.058237149174861225,-0.018397507100512134,1.093464786012505
2022-03,composite,Composite,2.0,0.05800591201750538,0.058237149174861225,-0.0183975071005118,1.093464786012505
2022-04,composite,Composite,0.0,0.04736376835409173,0.04736376835409173,-0.01195831463852104,1.144456675422821
2022-04,composite,Composite,2.0,0.04712578678499901,0.04736376835409173,-0.01195831463852115,1.144456675422821
2022-05,composite,Composite,0.0,-0.012618622362183807,-0.012618622362183807,-0.042657985794119835,1.1119707315349465
2022-05,composite,Composite,2.0,-0.012836504267180748,-0.012618622362183807,-0.04265798579411939,1.1119707315349465
2022-06,composite,Composite,0.0,0.013762069265673915,0.013762069265673915,-0.017938481724232958,1.7174230618749666
2022-06,composite,Composite,2.0,0.013414587556695112,0.013762069265673915,-0.01793848172423329,1.7174230618749666
2022-07,composite,Composite,0.0,-0.029877694724018022,-0.029877694724018022,-0.05389184866623031,1.3157984476743925
2022-07,composite,Composite,2.0,-0.030132747977110075,-0.029877694724018022,-0.053891848666230535,1.3157984476743925
2022-08,composite,Composite,0.0,0.013368133509512825,0.013368133509512825,-0.007396790675844089,1.4280112189793406
2022-08,composite,Composite,2.0,0.013078137581642446,0.013368133509512825,-0.007396790675843978,1.4280112189793406
2022-09,composite,Composite,0.0,0.0934496547853827,0.0934496547853827,-0.03171656469477713,1.8620997279259666
2022-09,composite,Composite,2.0,0.09304859266916088,0.0934496547853827,-0.031716564694777016,1.8620997279259666
2022-10,composite,Composite,0.0,-0.006299366033683418,-0.006299366033683418,-0.030085887292199964,0.9751961065948573
2022-10,composite,Composite,2.0,-0.006495696983646382,-0.006299366033683418,-0.03008588729219952,0.9751961065948573
2022-11,composite,Composite,0.0,-0.037690709563895974,-0.037690709563895974,-0.04412914406735957,0.4845461025895769
2022-11,composite,Composite,2.0,-0.0377840669853966,-0.037690709563895974,-0.04412914406735935,0.4845461025895769
2022-12,composite,Composite,0.0,-0.0046585543125187145,-0.0046585543125187145,-0.005390789181810018,1.1525818467801852
2022-12,composite,Composite,2.0,-0.004888253397872244,-0.0046585543125187145,-0.005390789181810018,1.1525818467801852
2023-01,composite,Composite,0.0,-0.015548067562642265,-0.015548067562642265,-0.014385196563893143,0.696278624817151
2023-01,composite,Composite,2.0,-0.01568548106607104,-0.015548067562642265,-0.014385196563893365,0.696278624817151
2023-02,composite,Composite,0.0,-0.021817804961156595,-0.021817804961156595,-0.026543196347018294,1.4178058907189237
2023-02,composite,Composite,2.0,-0.02209389831111308,-0.021817804961156595,-0.026543196347018294,1.4178058907189237
2023-03,composite,Composite,0.0,-0.049854795802577234,-0.049854795802577234,-0.06013193544281015,2.8434032499091715
2023-03,composite,Composite,2.0,-0.050393817265037444,-0.049854795802577234,-0.06013193544281015,2.8434032499091715
2023-04,composite,Composite,0.0,0.00998620807627959,0.00998620807627959,-0.005978185220896215,2.582582316804719
2023-04,composite,Composite,2.0,0.009464557303452859,0.00998620807627959,-0.005978185220896215,2.582582316804719
2023-05,composite,Composite,0.0,0.013183580951203089,0.013183580951203089,-0.01005431147459701,0.9562099843838463
2023-05,composite,Composite,2.0,0.01298967814695473,0.013183580951203089,-0.010054311474597122,0.9562099843838463
2023-06,composite,Composite,0.0,0.002455139944189222,0.002455139944189222,-0.0160602188430381,1.263394862143714
2023-06,composite,Composite,2.0,0.0022011052421997412,0.002455139944189222,-0.0160602188430381,1.263394862143714
2023-07,composite,Composite,0.0,0.02311666193984374,0.02311666193984374,-0.004120994457236238,1.9476010775840724
2023-07,composite,Composite,2.0,0.02271912081665306,0.02311666193984374,-0.004120994457236238,1.9476010775840724
2023-08,composite,Composite,0.0,-0.012375579476447851,-0.012375579476447851,-0.018268918735619866,0.5814719683898419
2023-08,composite,Composite,2.0,-0.012490406882277982,-0.012375579476447851,-0.018268918735619755,0.5814719683898419
2023-09,composite,Composite,0.0,0.018930276422882475,0.018930276422882475,-0.004621526137659204,1.0339761584378673
2023-09,composite,Composite,2.0,0.01872067934100574,0.018930276422882475,-0.00462152613765876,1.0339761584378673
2023-10,composite,Composite,0.0,0.021115588956279963,0.021115588956279963,-0.02324820222616908,1.0177429813702463
2023-10,composite,Composite,2.0,0.020909366649411787,0.021115588956279963,-0.02324820222616908,1.0177429813702463
2023-11,composite,Composite,0.0,-0.05886865628723137,-0.05886865628723137,-0.052834967132758814,0.8174612884839559
2023-11,composite,Composite,2.0,-0.05902393550458829,-0.05886865628723137,-0.052834967132758814,0.8174612884839559
2023-12,composite,Composite,0.0,0.018427226924436324,0.018427226924436324,-0.01446777308145386,2.920675531876081
2023-12,composite,Composite,2.0,0.01783495027892501,0.018427226924436324,-0.014467773081453972,2.920675531876081
2024-01,composite,Composite,0.0,-0.014016571931092958,-0.014016571931092958,-0.025234731669414145,2.023993786532688
2024-01,composite,Composite,2.0,-0.014420830176822719,-0.014016571931092958,-0.025234731669414034,2.023993786532688
2024-02,composite,Composite,0.0,0.03146132775075494,0.03146132775075494,-0.005491260547039745,2.107321039320076
2024-02,composite,Composite,2.0,0.031028705481805696,0.03146132775075494,-0.005491260547039967,2.107321039320076
2024-03,composite,Composite,0.0,0.01211957776201511,0.01211957776201511,-0.01751234832663562,0.9885792557412493
2024-03,composite,Composite,2.0,0.011920201609187053,0.01211957776201511,-0.01751234832663573,0.9885792557412493
2024-04,composite,Composite,0.0,-0.0015944465822583798,-0.0015944465822583798,-0.018886791163738592,1.1097108076946092
2024-04,composite,Composite,2.0,-0.0018154324038232028,-0.0015944465822583798,-0.018886791163738703,1.1097108076946092
2024-05,composite,Composite,0.0,-0.023139790080185407,-0.023139790080185407,-0.022404350368812054,2.1494301956637574
2024-05,composite,Composite,2.0,-0.02356559272174763,-0.023139790080185407,-0.022404350368812276,2.1494301956637574
2024-06,composite,Composite,0.0,-0.004454360982434791,-0.004454360982434791,-0.012203166747199456,3.037032852931302
2024-06,composite,Composite,2.0,-0.005057570702113101,-0.004454360982434791,-0.012203166747199345,3.037032852931302
2024-07,composite,Composite,0.0,-0.009710812926905787,-0.009710812926905787,-0.03129376977100662,1.9386779499873206
2024-07,composite,Composite,2.0,-0.010093790728645802,-0.009710812926905787,-0.03129376977100673,1.9386779499873206
2024-08,composite,Composite,0.0,0.022255485425748622,0.022255485425748622,-0.026301491716633763,2.994801916460452
2024-08,composite,Composite,2.0,0.02164463058992161,0.022255485425748622,-0.02630149171663365,2.994801916460452
2024-09,composite,Composite,0.0,0.024000886058894277,0.024000886058894277,-0.009914561192755134,1.628906194897557
2024-09,composite,Composite,2.0,0.023665108645524402,0.024000886058894277,-0.009914561192755245,1.628906194897557
2024-10,composite,Composite,0.0,-0.06833682090451187,-0.06833682090451187,-0.06897375224372315,0.6830694926769055
2024-10,composite,Composite,2.0,-0.06846401202985664,-0.06833682090451187,-0.06897375224372304,0.6830694926769055
2024-11,composite,Composite,0.0,-0.009630407532694063,-0.009630407532694063,-0.0125408135692332,3.05681920259985
2024-11,composite,Composite,2.0,-0.010234104373267328,-0.009630407532694063,-0.012540813569233422,3.05681920259985
2024-12,composite,Composite,0.0,0.004423994732738912,0.004423994732738912,-0.0147453675420125,2.6703913124372014
2024-12,composite,Composite,2.0,0.003890029355491098,0.004423994732738912,-0.0147453675420125,2.6703913124372014
2025-01,composite,Composite,0.0,0.0007817189400569635,0.0007817189400569635,-0.03113477832080558,2.5233059844277284
2025-01,composite,Composite,2.0,0.00027949831010243287,0.0007817189400569635,-0.031134778320805467,2.5233059844277284
2025-02,composite,Composite,0.0,-0.03564490558316036,-0.03564490558316036,-0.04048025331157701,2.3319272873810064
2025-02,composite,Composite,2.0,-0.03609447241112018,-0.03564490558316036,-0.04048025331157701,2.3319272873810064
2025-03,composite,Composite,0.0,0.01558962922017848,0.01558962922017848,-0.013232528762796347,4.5704121374665
2025-03,composite,Composite,2.0,0.014665028562294458,0.01558962922017848,-0.013232528762796236,4.5704121374665
2025-04,composite,Composite,0.0,0.0448315542419393,0.0448315542419393,-0.03167115711508395,1.4512575197765187
2025-04,composite,Composite,2.0,0.044529414489015595,0.0448315542419393,-0.03167115711508406,1.4512575197765187
2025-05,composite,Composite,0.0,-0.015400706973229483,-0.015400706973229483,-0.024339980756311275,1.4327168039712674
2025-05,composite,Composite,2.0,-0.015685077128631986,-0.015400706973229483,-0.024339980756311275,1.4327168039712674
2025-06,composite,Composite,0.0,0.014649517699771186,0.014649517699771186,-0.007235557321689012,1.5146766582282707
2025-06,composite,Composite,2.0,0.01434423539722851,0.014649517699771186,-0.007235557321689012,1.5146766582282707
2025-07,composite,Composite,0.0,-0.020433948532961654,-0.020433948532961654,-0.03136032726174731,1.8475861340202828
2025-07,composite,Composite,2.0,-0.02079585887265334,-0.020433948532961654,-0.03136032726174731,1.8475861340202828
2025-08,composite,Composite,0.0,-0.008414331555847143,-0.008414331555847143,-0.010096601501472846,3.536380238055011
2025-08,composite,Composite,2.0,-0.009126786556567845,-0.008414331555847143,-0.010096601501472846,3.536380238055011
2025-09,composite,Composite,0.0,0.0307928476451369,0.0307928476451369,-0.01317030235138672,3.495337313448128
2025-09,composite,Composite,2.0,0.030069158602702206,0.0307928476451369,-0.013170302351386942,3.495337313448128
2025-10,composite,Composite,0.0,0.02501638230165848,0.02501638230165848,-0.011387565849301229,2.7905948761531
2025-10,composite,Composite,2.0,0.024444874572423947,0.02501638230165848,-0.011387565849301229,2.7905948761531
2025-11,composite,Composite,0.0,0.015027059526102837,0.015027059526102837,-0.023692751653528243,2.5231611465714447
2025-11,composite,Composite,2.0,0.014516140980954662,0.015027059526102837,-0.02369275165352802,2.5231611465714447
2025-12,composite,Composite,0.0,0.006347856682911379,0.006347856682911379,-0.01261284918529526,1.219738265729628
2025-12,composite,Composite,2.0,0.006100705638990789,0.006347856682911379,-0.012612849185294928,1.219738265729628
2026-01,composite,Composite,0.0,0.026263029817982675,0.026263029817982675,-0.015756661967093022,1.9668084648472208
2026-01,composite,Composite,2.0,0.02586037997555035,0.026263029817982675,-0.015756661967093133,1.9668084648472208
2026-02,composite,Composite,0.0,-0.0016471568009169824,-0.0016471568009169824,-0.023519239982686124,1.6382829428761687
2026-02,composite,Composite,2.0,-0.0019760460003505065,-0.0016471568009169824,-0.023519239982686235,1.6382829428761687
2026-03,composite,Composite,0.0,-0.05241907806470247,-0.05241907806470247,-0.056928547832653,3.3431941370723517
2026-03,composite,Composite,2.0,-0.05306073584937365,-0.05241907806470247,-0.056928547832652776,3.3431941370723517
2026-04,composite,Composite,0.0,-0.003441632265882899,-0.003441632265882899,-0.01544389049560757,4.150456886824217
2026-04,composite,Composite,2.0,-0.004271751489937303,-0.003441632265882899,-0.01544389049560757,4.150456886824217
2026-05,composite,Composite,0.0,0.021029453065145143,0.021029453065145143,-0.007239912942899052,2.219845287520821
2026-05,composite,Composite,2.0,0.02057605384317185,0.021029453065145143,-0.00723991294289883,2.219845287520821
2026-06,composite,Composite,0.0,0.016261361853587175,0.016261361853587175,-0.01747286758311295,1.1953075372936794
2026-06,composite,Composite,2.0,0.016019579031450126,0.016261361853587175,-0.01747286758311295,1.1953075372936794
2026-07,composite,Composite,0.0,-0.00557290300337443,-0.00557290300337443,-0.0159167367136982,0.9077691161365413
2026-07,composite,Composite,2.0,-0.0057530130300808,-0.00557290300337443,-0.015916736713697976,0.9077691161365413
2022-01,long_only,Long-only RP,0.0,-0.0442755251863175,-0.0442755251863175,-0.04587839513826719,0.0889013520011322
2022-01,long_only,Long-only RP,2.0,-0.04429280775016753,-0.0442755251863175,-0.04587839513826719,0.0889013520011322
2022-02,long_only,Long-only RP,0.0,0.005564689972976877,0.005564689972976877,-0.025939149133612505,0.4290169532266059
2022-02,long_only,Long-only RP,2.0,0.0054787772778248645,0.005564689972976877,-0.025939149133612616,0.4290169532266059
2022-03,long_only,Long-only RP,0.0,-0.01949984027474594,-0.01949984027474594,-0.049403799928806724,0.20763740736912262
2022-03,long_only,Long-only RP,2.0,-0.01954018916329192,-0.01949984027474594,-0.049403799928806724,0.20763740736912262
2022-04,long_only,Long-only RP,0.0,-0.06804512946769325,-0.06804512946769325,-0.060748835314671124,0.5301365501022115
2022-04,long_only,Long-only RP,2.0,-0.06814495294680634,-0.06804512946769325,-0.06074883531467101,0.5301365501022115
2022-05,long_only,Long-only RP,0.0,0.0075463930588324235,0.0075463930588324235,-0.0349287295886157,0.19870855564495443
2022-05,long_only,Long-only RP,2.0,0.0075059822979197666,0.0075463930588324235,-0.034928729588615814,0.19870855564495443
2022-06,long_only,Long-only RP,0.0,-0.03928981594568959,-0.03928981594568959,-0.05857865060632583,0.19337829879514307
2022-06,long_only,Long-only RP,2.0,-0.0393272151023758,-0.03928981594568959,-0.058578650606326055,0.19337829879514307
2022-07,long_only,Long-only RP,0.0,0.0172542911785587,0.0172542911785587,-0.020416986390423553,0.1992275198244183
2022-07,long_only,Long-only RP,2.0,0.017213673924023842,0.0172542911785587,-0.020416986390423553,0.1992275198244183
2022-08,long_only,Long-only RP,0.0,-0.04017940803541509,-0.04017940803541509,-0.04210004893091124,0.15484006740646242
2022-08,long_only,Long-only RP,2.0,-0.04020911310704389,-0.04017940803541509,-0.04210004893091135,0.15484006740646242
2022-09,long_only,Long-only RP,0.0,-0.05971224675779696,-0.05971224675779696,-0.0738261227128687,0.09458182091029947
2022-09,long_only,Long-only RP,2.0,-0.05973022937394579,-0.05971224675779696,-0.07382612271286881,0.09458182091029947
2022-10,long_only,Long-only RP,0.0,0.0042344641432712216,0.0042344641432712216,-0.035604963629621844,0.3213415113736403
2022-10,long_only,Long-only RP,2.0,0.004170584474452843,0.0042344641432712216,-0.035604963629621955,0.3213415113736403
2022-11,long_only,Long-only RP,0.0,0.03802617336316083,0.03802617336316083,-0.013178451255106527,0.04879550891165858
2022-11,long_only,Long-only RP,2.0,0.03801605911000827,0.03802617336316083,-0.013178451255106527,0.04879550891165858
2022-12,long_only,Long-only RP,0.0,-0.004976152142435519,-0.004976152142435519,-0.018555599035086967,0.1130370813647183
2022-12,long_only,Long-only RP,2.0,-0.0049984814935933874,-0.004976152142435519,-0.018555599035086856,0.1130370813647183
2023-01,long_only,Long-only RP,0.0,0.026094470823641913,0.026094470823641913,-0.005943566112198706,0.1332394268227881
2023-01,long_only,Long-only RP,2.0,0.026067023171804315,0.026094470823641913,-0.005943566112198595,0.1332394268227881
2023-02,long_only,Long-only RP,0.0,-0.03830167994907663,-0.03830167994907663,-0.04682929614418985,0.16109091977254703
2023-02,long_only,Long-only RP,2.0,-0.03833247375559323,-0.03830167994907663,-0.046829296144189625,0.16109091977254703
2023-03,long_only,Long-only RP,0.0,0.039669529910934864,0.039669529910934864,-0.014428390250545986,0.1285762782494379
2023-03,long_only,Long-only RP,2.0,0.03964277671586269,0.039669529910934864,-0.014428390250546097,0.1285762782494379
2023-04,long_only,Long-only RP,0.0,0.0017801756423454496,0.0017801756423454496,-0.01668253640069428,0.2612653339368077
2023-04,long_only,Long-only RP,2.0,0.0017281705594387464,0.0017801756423454496,-0.01668253640069417,0.2612653339368077
2023-05,long_only,Long-only RP,0.0,-0.025324087754782787,-0.025324087754782787,-0.03661198281813549,0.23429367269761175
2023-05,long_only,Long-only RP,2.0,-0.025370005538603135,-0.025324087754782787,-0.03661198281813549,0.23429367269761175
2023-06,long_only,Long-only RP,0.0,0.033236969723898335,0.033236969723898335,-0.022002577856069738,0.2564135745475779
2023-06,long_only,Long-only RP,2.0,0.033184636146072366,0.033236969723898335,-0.022002577856069627,0.2564135745475779
2023-07,long_only,Long-only RP,0.0,0.015908591063956035,0.015908591063956035,-0.021573503365417634,0.16371507705722055
2023-07,long_only,Long-only RP,2.0,0.015875293076984986,0.015908591063956035,-0.021573503365417745,0.16371507705722055
2023-08,long_only,Long-only RP,0.0,-0.03334454786012031,-0.03334454786012031,-0.04326979238382278,0.12384150048538448
2023-08,long_only,Long-only RP,2.0,-0.0333687590999352,-0.03334454786012031,-0.04326979238382278,0.12384150048538448
2023-09,long_only,Long-only RP,0.0,-0.04548642829999172,-0.04548642829999172,-0.0450366838583276,0.16790015438720457
2023-09,long_only,Long-only RP,2.0,-0.04551860264640861,-0.04548642829999172,-0.04503668385832782,0.16790015438720457
2023-10,long_only,Long-only RP,0.0,-0.02395306134431774,-0.02395306134431774,-0.031298881605550055,0.2335168572083119
2023-10,long_only,Long-only RP,2.0,-0.023999283881106503,-0.02395306134431774,-0.031298881605550166,0.2335168572083119
2023-11,long_only,Long-only RP,0.0,0.07830918963909883,0.07830918963909883,-0.02092162446879875,0.10151953241169409
2023-11,long_only,Long-only RP,2.0,0.07828744176987668,0.07830918963909883,-0.020921624468799083,0.10151953241169409
2023-12,long_only,Long-only RP,0.0,0.054498283898752886,0.054498283898752886,-0.011339374684549153,0.34651493753698787
2023-12,long_only,Long-only RP,2.0,0.05442602461595403,0.054498283898752886,-0.011339374684549153,0.34651493753698787
2024-01,long_only,Long-only RP,0.0,-0.01409313575615423,-0.01409313575615423,-0.01943570246496462,0.1263190811754658
2024-01,long_only,Long-only RP,2.0,-0.01411830265669567,-0.01409313575615423,-0.01943570246496462,0.1263190811754658
2024-02,long_only,Long-only RP,0.0,-0.01225454657827163,-0.01225454657827163,-0.034400645222245285,0.2643758860083854
2024-02,long_only,Long-only RP,2.0,-0.01230644293630101,-0.01225454657827163,-0.034400645222245285,0.2643758860083854
2024-03,long_only,Long-only RP,0.0,0.026152572577985866,0.026152572577985866,-0.01369118968527272,0.06806047454703296
2024-03,long_only,Long-only RP,2.0,0.02613873984331061,0.026152572577985866,-0.013691189685273275,0.06806047454703296
2024-04,long_only,Long-only RP,0.0,-0.04436442444087896,-0.04436442444087896,-0.04121665521747664,0.24802377726452493
2024-04,long_only,Long-only RP,2.0,-0.044412316513938954,-0.04436442444087896,-0.04121665521747675,0.24802377726452493
2024-05,long_only,Long-only RP,0.0,0.03914168558539899,0.03914168558539899,-0.024948288709231714,0.08364007731751069
2024-05,long_only,Long-only RP,2.0,0.03912439999395412,0.03914168558539899,-0.02494828870923238,0.08364007731751069
2024-06,long_only,Long-only RP,0.0,0.008333285647829314,0.008333285647829314,-0.016425681406632253,0.09580774211740756
2024-06,long_only,Long-only RP,2.0,0.008314100480355968,0.008333285647829314,-0.016425681406632364,0.09580774211740756
2024-07,long_only,Long-only RP,0.0,0.018333946527935296,0.018333946527935296,-0.028239901570579207,0.07709109631254515
2024-07,long_only,Long-only RP,2.0,0.01831816105882811,0.018333946527935296,-0.028239901570579207,0.07709109631254515
2024-08,long_only,Long-only RP,0.0,0.03217940636122796,0.03217940636122796,-0.018523945529461905,0.21215867657509518
2024-08,long_only,Long-only RP,2.0,0.03213540763516343,0.03217940636122796,-0.018523945529461794,0.21215867657509518
2024-09,long_only,Long-only RP,0.0,0.033577886655451916,0.033577886655451916,-0.007881299856155488,0.3239504744337356
2024-09,long_only,Long-only RP,2.0,0.033510514983912554,0.033577886655451916,-0.007881299856155488,0.3239504744337356
2024-10,long_only,Long-only RP,0.0,-0.053311031049065205,-0.053311031049065205,-0.05516689014285381,0.24210088786137257
2024-10,long_only,Long-only RP,2.0,-0.053356780036020846,-0.053311031049065205,-0.05516689014285392,0.24210088786137257
2024-11,long_only,Long-only RP,0.0,0.009222197377235286,0.009222197377235286,-0.037780024965718306,0.2408503070040607
2024-11,long_only,Long-only RP,2.0,0.009173387901184382,0.009222197377235286,-0.037780024965718195,0.2408503070040607
2024-12,long_only,Long-only RP,0.0,-0.037975684987632596,-0.037975684987632596,-0.04751596204131414,0.22141154256373746
2024-12,long_only,Long-only RP,2.0,-0.03801845772931245,-0.037975684987632596,-0.04751596204131425,0.22141154256373746
2025-01,long_only,Long-only RP,0.0,0.01345997438019042,0.01345997438019042,-0.018857480190154763,0.0941899404109407
2025-01,long_only,Long-only RP,2.0,0.013440789491993899,0.01345997438019042,-0.018857480190154874,0.0941899404109407
2025-02,long_only,Long-only RP,0.0,0.011606487129934617,0.011606487129934617,-0.015855664811819548,0.1302136631478874
2025-02,long_only,Long-only RP,2.0,0.011580101787186381,0.011606487129934617,-0.015855664811819437,0.1302136631478874
2025-03,long_only,Long-only RP,0.0,0.009020231249475819,0.009020231249475819,-0.010429649042519196,0.10546232259826013
2025-03,long_only,Long-only RP,2.0,0.008998951520757803,0.009020231249475819,-0.010429649042518974,0.10546232259826013
2025-04,long_only,Long-only RP,0.0,0.030110705384202907,0.030110705384202907,-0.05185608803101882,0.26239204949378037
2025-04,long_only,Long-only RP,2.0,0.0300570391401771,0.030110705384202907,-0.05185608803101871,0.26239204949378037
2025-05,long_only,Long-only RP,0.0,-0.0012245381911124564,-0.0012245381911124564,-0.012039480145580872,0.9323179169945831
2025-05,long_only,Long-only RP,2.0,-0.001411785367048779,-0.0012245381911124564,-0.012039480145580872,0.9323179169945831
2025-06,long_only,Long-only RP,0.0,0.03212680136159096,0.03212680136159096,-0.005066634896428557,0.22273595572753022
2025-06,long_only,Long-only RP,2.0,0.032080993354061116,0.03212680136159096,-0.005066634896428779,0.22273595572753022
2025-07,long_only,Long-only RP,0.0,-0.027418754612786422,-0.027418754612786422,-0.03132125827164889,0.3588778448101812
2025-07,long_only,Long-only RP,2.0,-0.02748851693328369,-0.027418754612786422,-0.03132125827164911,0.3588778448101812
2025-08,long_only,Long-only RP,0.0,0.03652068191571689,0.03652068191571689,-0.01479012383238787,0.31890823813988767
2025-08,long_only,Long-only RP,2.0,0.03645513824047808,0.03652068191571689,-0.014790123832387425,0.31890823813988767
2025-09,long_only,Long-only RP,0.0,0.02607863343422978,0.02607863343422978,-0.021531580266232364,0.1664549964601216
2025-09,long_only,Long-only RP,2.0,0.026044207258194785,0.02607863343422978,-0.021531580266232253,0.1664549964601216
2025-10,long_only,Long-only RP,0.0,0.019602095956797294,0.019602095956797294,-0.015832450910278295,0.27503277129446524
2025-10,long_only,Long-only RP,2.0,0.019546434669484025,0.019602095956797294,-0.015832450910278295,0.27503277129446524
2025-11,long_only,Long-only RP,0.0,0.012113615362213004,0.012113615362213004,-0.029928403714363783,0.150271780816857
2025-11,long_only,Long-only RP,2.0,0.012083206618263898,0.012113615362213004,-0.029928403714363783,0.150271780816857
2025-12,long_only,Long-only RP,0.0,0.004197595638299578,0.004197595638299578,-0.014138407505420725,0.09743431596025641
2025-12,long_only,Long-only RP,2.0,0.004177874310811847,0.004197595638299578,-0.014138407505420614,0.09743431596025641
2026-01,long_only,Long-only RP,0.0,0.03382159483286129,0.03382159483286129,-0.015335112447299126,0.07043814137729382
2026-01,long_only,Long-only RP,2.0,0.03380700730104369,0.03382159483286129,-0.015335112447299237,0.07043814137729382
2026-02,long_only,Long-only RP,0.0,0.0305188349636194,0.0305188349636194,-0.007503331367202715,0.18284937104277424
2026-02,long_only,Long-only RP,2.0,0.030480800576656808,0.0305188349636194,-0.007503331367202715,0.18284937104277424
2026-03,long_only,Long-only RP,0.0,-0.05321251203602573,-0.05321251203602573,-0.06032118034358469,0.07225959856749489
2026-03,long_only,Long-only RP,2.0,-0.05322636318592977,-0.05321251203602573,-0.060321180343584246,0.07225959856749489
2026-04,long_only,Long-only RP,0.0,0.04354072052471558,0.04354072052471558,-0.014238723747482696,0.4834312142577894
2026-04,long_only,Long-only RP,2.0,0.04344006795722044,0.04354072052471558,-0.014238723747482585,0.4834312142577894
2026-05,long_only,Long-only RP,0.0,0.003342396838729167,0.003342396838729167,-0.028967774357307685,0.10919266793042742
2026-05,long_only,Long-only RP,2.0,0.003320504862143414,0.003342396838729167,-0.028967774357307685,0.10919266793042742
2026-06,long_only,Long-only RP,0.0,-0.022130437879290588,-0.022130437879290588,-0.03083829905911739,0.16459440001476824
2026-06,long_only,Long-only RP,2.0,-0.022162721281776432,-0.022130437879290588,-0.030838299059117502,0.16459440001476824
2026-07,long_only,Long-only RP,0.0,-0.011392109823364138,-0.011392109823364138,-0.020584997799078075,0.0650622405830441
2026-07,long_only,Long-only RP,2.0,-0.011405046706215671,-0.011392109823364138,-0.020584997799078075,0.0650622405830441
