candidate_id,style_set,quantile,window,start,end,trades,days,trades_per_day,total_return_1x,annualized_1x,win_rate,profit_factor,avg_trade_bps,max_drawdown_1x,trade_sharpe
base_all__q80,base_all,0.8,recent_1w,2026-06-19 04:20:00+00:00,2026-06-26 04:20:00+00:00,11,7.0,1.5714285714285714,0.14674711381172267,1260.2857192243391,0.7272727272727273,3.8266888472075227,127.7313652660212,-0.023051506776914366,13.029310895345384
base_all__q80,base_all,0.8,recent_1m,2026-05-27 04:20:00+00:00,2026-06-26 04:20:00+00:00,56,30.0,1.8666666666666667,0.2717894124625091,17.6373858531094,0.5714285714285714,1.5870560010875103,45.651504121592765,-0.10536880954648642,5.132723798533743
base_all__q80,base_all,0.8,recent_3m,2026-03-28 04:20:00+00:00,2026-06-26 04:20:00+00:00,139,90.0,1.5444444444444445,0.1363125909048133,0.6790919819244337,0.49640287769784175,1.1478581312225191,11.013961537790081,-0.14554006442210032,1.3619230621983651
base_all__q80,base_all,0.8,recent_6m,2025-12-25 04:20:00+00:00,2026-06-26 04:20:00+00:00,296,183.0,1.6174863387978142,0.2111682136823967,0.46539349674704966,0.5236486486486487,1.1098130358732712,8.162389988995585,-0.18262700829252654,1.0754411400979789
base_all__q80,base_all,0.8,full_year,2025-06-26 04:20:00+00:00,2026-06-26 04:20:00+00:00,633,365.0,1.7342465753424658,0.6180822005010074,0.6180822005010074,0.5339652448657188,1.1282997496961888,9.304480206703001,-0.26940028358122936,1.2660793138405462
base_all__q85,base_all,0.85,recent_1w,2026-06-19 04:20:00+00:00,2026-06-26 04:20:00+00:00,10,7.0,1.4285714285714286,0.07010026582219964,33.219687320977286,0.7,2.053104387652931,71.31150210814376,-0.04057123522479511,5.963927711674279
base_all__q85,base_all,0.85,recent_1m,2026-05-27 04:20:00+00:00,2026-06-26 04:20:00+00:00,48,30.0,1.6,0.27287115015431573,17.83117384649546,0.6458333333333334,1.698573907697128,53.21359555900122,-0.08468007022629565,5.33580330871026
base_all__q85,base_all,0.85,recent_3m,2026-03-28 04:20:00+00:00,2026-06-26 04:20:00+00:00,117,90.0,1.3,0.10261189177808872,0.48609818382425574,0.5213675213675214,1.1383916915908576,10.175348749230382,-0.14640223885850723,1.151884707631767
base_all__q85,base_all,0.85,recent_6m,2025-12-25 04:20:00+00:00,2026-06-26 04:20:00+00:00,264,183.0,1.4426229508196722,0.18660162112896628,0.40670760950584506,0.5189393939393939,1.1090951165223615,8.261579060794356,-0.18587845503902745,1.001129005635872
base_all__q85,base_all,0.85,full_year,2025-06-26 04:20:00+00:00,2026-06-26 04:20:00+00:00,562,365.0,1.5397260273972602,0.5460698591717599,0.5460698591717599,0.5320284697508897,1.128911258263113,9.55401628153626,-0.3527963722898678,1.1903456609193692
base_all__q90,base_all,0.9,recent_1w,2026-06-19 04:20:00+00:00,2026-06-26 04:20:00+00:00,8,7.0,1.1428571428571428,0.011725382423568353,0.8364572277708477,0.5,1.1745497150092081,18.306856395894762,-0.04138442440370926,1.2765158555188698
base_all__q90,base_all,0.9,recent_1m,2026-05-27 04:20:00+00:00,2026-06-26 04:20:00+00:00,39,30.0,1.3,0.11347916309870154,2.6979878614774724,0.5897435897435898,1.3590568291819205,30.170957700500754,-0.08266989303973615,2.852759119140071
base_all__q90,base_all,0.9,recent_3m,2026-03-28 04:20:00+00:00,2026-06-26 04:20:00+00:00,89,90.0,0.9888888888888889,-0.0004490507765322338,-0.0018199013560217248,0.4943820224719101,1.0223309742389295,1.7155130478807594,-0.14447401884259292,0.17210027937942288
base_all__q90,base_all,0.9,recent_6m,2025-12-25 04:20:00+00:00,2026-06-26 04:20:00+00:00,209,183.0,1.1420765027322404,0.0646599826844465,0.13311285748031,0.5023923444976076,1.0605819086975872,4.942682224190707,-0.25536532003322876,0.5095649681215333
base_all__q90,base_all,0.9,full_year,2025-06-26 04:20:00+00:00,2026-06-26 04:20:00+00:00,474,365.0,1.2986301369863014,0.6036613581075916,0.6036613581075916,0.5232067510548524,1.1529583645623913,12.00766799300449,-0.2610289519102019,1.2895931403898713
base_all__q95,base_all,0.95,recent_1w,2026-06-19 04:20:00+00:00,2026-06-26 04:20:00+00:00,8,7.0,1.1428571428571428,0.023510109988154948,2.3591767166661652,0.625,1.309035375041447,33.10613910469535,-0.04057123522479511,2.2260575252153436
base_all__q95,base_all,0.95,recent_1m,2026-05-27 04:20:00+00:00,2026-06-26 04:20:00+00:00,31,30.0,1.0333333333333334,0.15668363705929922,4.876393480477956,0.6451612903225806,1.6728357101505495,49.75368583774628,-0.07908712568689402,4.079661035799807
base_all__q95,base_all,0.95,recent_3m,2026-03-28 04:20:00+00:00,2026-06-26 04:20:00+00:00,69,90.0,0.7666666666666667,0.04381825616548474,0.18996522305131225,0.5072463768115942,1.1071609160518547,8.118925225920687,-0.12157331012513717,0.6887093071285144
base_all__q95,base_all,0.95,recent_6m,2025-12-25 04:20:00+00:00,2026-06-26 04:20:00+00:00,134,183.0,0.73224043715847,0.08253663878582973,0.17137782226447307,0.5,1.0984216310026562,8.02773490832091,-0.12157331012513661,0.634438759577609
base_all__q95,base_all,0.95,full_year,2025-06-26 04:20:00+00:00,2026-06-26 04:20:00+00:00,331,365.0,0.9068493150684932,0.476510839508113,0.476510839508113,0.486404833836858,1.1674051770522982,14.109596998831886,-0.2426696592393376,1.1825513868270847
no_wick__q80,no_wick,0.8,recent_1w,2026-06-19 04:20:00+00:00,2026-06-26 04:20:00+00:00,10,7.0,1.4285714285714286,0.12268653690070885,416.4673846002215,0.7,3.3955319997724085,119.07325084217116,-0.0230515067769147,11.069699697683983
no_wick__q80,no_wick,0.8,recent_1m,2026-05-27 04:20:00+00:00,2026-06-26 04:20:00+00:00,49,30.0,1.6333333333333333,0.25808520114641387,15.335746584430932,0.5714285714285714,1.6502759657457517,49.63676169869814,-0.0901527362155593,5.163935905939302
no_wick__q80,no_wick,0.8,recent_3m,2026-03-28 04:20:00+00:00,2026-06-26 04:20:00+00:00,112,90.0,1.2444444444444445,0.12297524547683225,0.6005862257525618,0.49107142857142855,1.1628793358568983,12.253056221779035,-0.13051674034329908,1.3300651689094751
no_wick__q80,no_wick,0.8,recent_6m,2025-12-25 04:20:00+00:00,2026-06-26 04:20:00+00:00,249,183.0,1.360655737704918,0.4619725893149893,1.1329327019629778,0.5381526104417671,1.2473189463145025,16.93095378072639,-0.13051674034329896,2.057318038069273
no_wick__q80,no_wick,0.8,full_year,2025-06-26 04:20:00+00:00,2026-06-26 04:20:00+00:00,562,365.0,1.5397260273972602,1.2234942640209887,1.2234942640209887,0.5587188612099644,1.239029973322771,15.83468831556034,-0.14767560834400473,2.0879324159937496
no_wick__q85,no_wick,0.85,recent_1w,2026-06-19 04:20:00+00:00,2026-06-26 04:20:00+00:00,10,7.0,1.4285714285714286,0.1722777023383657,3975.0124101977126,0.9,16.29115719378117,161.7996542929833,-0.0105812563589881,19.4752168281437
no_wick__q85,no_wick,0.85,recent_1m,2026-05-27 04:20:00+00:00,2026-06-26 04:20:00+00:00,46,30.0,1.5333333333333334,0.47931388821267595,116.23773075299773,0.7391304347826086,2.4956533315406255,88.05269095353955,-0.07382103690631392,9.061025359280183
no_wick__q85,no_wick,0.85,recent_3m,2026-03-28 04:20:00+00:00,2026-06-26 04:20:00+00:00,98,90.0,1.0888888888888888,0.2219562019438126,1.2545453952951027,0.5510204081632653,1.3164081729210224,22.380858140158253,-0.1851062980729895,2.264886669621452
no_wick__q85,no_wick,0.85,recent_6m,2025-12-25 04:20:00+00:00,2026-06-26 04:20:00+00:00,213,183.0,1.1639344262295082,0.4960157839825865,1.233142392111589,0.5633802816901409,1.3019002832563187,20.65279149908849,-0.20870896220329405,2.282527196444859
no_wick__q85,no_wick,0.85,full_year,2025-06-26 04:20:00+00:00,2026-06-26 04:20:00+00:00,480,365.0,1.3150684931506849,0.6342892297753937,0.6342892297753937,0.5604166666666667,1.1703667908194602,11.924242410793289,-0.20870896220329316,1.4184559501595264
no_wick__q90,no_wick,0.9,recent_1w,2026-06-19 04:20:00+00:00,2026-06-26 04:20:00+00:00,9,7.0,1.2857142857142858,0.020173938843812467,1.8333411672645226,0.6666666666666666,1.299026282488272,24.49391290835763,-0.04057123522479511,2.3556886079145616
no_wick__q90,no_wick,0.9,recent_1m,2026-05-27 04:20:00+00:00,2026-06-26 04:20:00+00:00,37,30.0,1.2333333333333334,0.28685058404324315,20.50761111084518,0.7297297297297297,2.207588000243473,70.39705490767942,-0.05646668831693158,7.357048570346872
no_wick__q90,no_wick,0.9,recent_3m,2026-03-28 04:20:00+00:00,2026-06-26 04:20:00+00:00,69,90.0,0.7666666666666667,0.2520250000627451,1.4881407715030428,0.6086956521739131,1.5639252965675334,34.23907573099932,-0.09940957446488241,3.162790849946955
no_wick__q90,no_wick,0.9,recent_6m,2025-12-25 04:20:00+00:00,2026-06-26 04:20:00+00:00,152,183.0,0.8306010928961749,0.5308850258180076,1.3381616604438027,0.5855263157894737,1.4498150444431024,29.84457753285479,-0.18109919311228595,2.7332281916480667
no_wick__q90,no_wick,0.9,full_year,2025-06-26 04:20:00+00:00,2026-06-26 04:20:00+00:00,366,365.0,1.0027397260273974,1.3622926510526763,1.3622926510526763,0.5901639344262295,1.3787065283581588,25.34528788234856,-0.1810991931122864,2.5251590526091
no_wick__q95,no_wick,0.95,recent_1w,2026-06-19 04:20:00+00:00,2026-06-26 04:20:00+00:00,7,7.0,1.0,0.0119369979247268,0.8565937862588306,0.5714285714285714,1.1755891303245956,21.497596875508542,-0.04057123522479511,1.2592171407489168
no_wick__q95,no_wick,0.95,recent_1m,2026-05-27 04:20:00+00:00,2026-06-26 04:20:00+00:00,22,30.0,0.7333333333333333,0.2830848876776544,19.75425951859354,0.7272727272727273,2.6054736306793207,117.78970039874714,-0.04057123522479522,6.763571635885833
no_wick__q95,no_wick,0.95,recent_3m,2026-03-28 04:20:00+00:00,2026-06-26 04:20:00+00:00,38,90.0,0.4222222222222222,0.3076931269564904,1.9682187991514306,0.6578947368421053,2.0574275321276794,73.76639404331186,-0.056455739151407114,3.7220018310578187
no_wick__q95,no_wick,0.95,recent_6m,2025-12-25 04:20:00+00:00,2026-06-26 04:20:00+00:00,78,183.0,0.4262295081967213,0.43853393927760775,1.0652720795609625,0.6025641025641025,1.6155571926026064,49.615431763252246,-0.06369419495714723,2.547615083735814
no_wick__q95,no_wick,0.95,full_year,2025-06-26 04:20:00+00:00,2026-06-26 04:20:00+00:00,235,365.0,0.6438356164383562,0.8924314308692944,0.8924314308692944,0.5659574468085107,1.3660406029327108,29.69451801811729,-0.11638644421481603,2.0182197241874
no_wick_no_breakout__q80,no_wick_no_breakout,0.8,recent_1w,2026-06-19 04:20:00+00:00,2026-06-26 04:20:00+00:00,11,7.0,1.5714285714285714,0.10108224334462212,150.56597601240372,0.7272727272727273,2.6167002249892413,90.67286754929356,-0.038757742121164895,8.771380991124444
no_wick_no_breakout__q80,no_wick_no_breakout,0.8,recent_1m,2026-05-27 04:20:00+00:00,2026-06-26 04:20:00+00:00,52,30.0,1.7333333333333334,0.47964358443990696,116.55602819494865,0.7115384615384616,2.244248462210344,78.12014526162669,-0.052448341280023625,8.688898899505027
no_wick_no_breakout__q80,no_wick_no_breakout,0.8,recent_3m,2026-03-28 04:20:00+00:00,2026-06-26 04:20:00+00:00,113,90.0,1.2555555555555555,0.2532841490123523,1.4983045838326596,0.5398230088495575,1.3091134564503355,21.908402727412337,-0.1675416021121343,2.379636715540273
no_wick_no_breakout__q80,no_wick_no_breakout,0.8,recent_6m,2025-12-25 04:20:00+00:00,2026-06-26 04:20:00+00:00,246,183.0,1.3442622950819672,0.7986650070341648,2.224834268348763,0.5772357723577236,1.3910631775946665,25.566983827988345,-0.1675416021121341,3.0812907268442706
no_wick_no_breakout__q80,no_wick_no_breakout,0.8,full_year,2025-06-26 04:20:00+00:00,2026-06-26 04:20:00+00:00,545,365.0,1.4931506849315068,2.3878165934212165,2.3878165934212165,0.5908256880733945,1.38307834386517,24.048742191127236,-0.1675416021121343,3.094521600782306
no_wick_no_breakout__q85,no_wick_no_breakout,0.85,recent_1w,2026-06-19 04:20:00+00:00,2026-06-26 04:20:00+00:00,11,7.0,1.5714285714285714,0.09888493756909056,135.57329440606753,0.7272727272727273,2.749469175873354,88.58543258597007,-0.03875774212116512,8.98940935418846
no_wick_no_breakout__q85,no_wick_no_breakout,0.85,recent_1m,2026-05-27 04:20:00+00:00,2026-06-26 04:20:00+00:00,47,30.0,1.5666666666666667,0.37647745775280184,47.79298922596652,0.6808510638297872,2.047127253382877,70.88758733274156,-0.07382103690631392,7.223043839410537
no_wick_no_breakout__q85,no_wick_no_breakout,0.85,recent_3m,2026-03-28 04:20:00+00:00,2026-06-26 04:20:00+00:00,94,90.0,1.0444444444444445,0.1469521661412665,0.7437703797845119,0.5212765957446809,1.2199011622987799,16.570733003552675,-0.18913346709211287,1.6129955500752065
no_wick_no_breakout__q85,no_wick_no_breakout,0.85,recent_6m,2025-12-25 04:20:00+00:00,2026-06-26 04:20:00+00:00,207,183.0,1.1311475409836065,0.35326942562769803,0.8283131926120064,0.5507246376811594,1.226816336449563,16.4119917086736,-0.19804246991730745,1.756215005752807
no_wick_no_breakout__q85,no_wick_no_breakout,0.85,full_year,2025-06-26 04:20:00+00:00,2026-06-26 04:20:00+00:00,463,365.0,1.2684931506849315,0.9122849807519142,0.9122849807519142,0.5680345572354212,1.2252604683272565,15.782484953332283,-0.19804246991730734,1.7985732876459244
no_wick_no_breakout__q90,no_wick_no_breakout,0.9,recent_1w,2026-06-19 04:20:00+00:00,2026-06-26 04:20:00+00:00,10,7.0,1.4285714285714286,-0.04369606889237243,-0.9026766776690185,0.5,0.6439621452020781,-42.31115683089437,-0.07601764567733926,-4.316052058974358
no_wick_no_breakout__q90,no_wick_no_breakout,0.9,recent_1m,2026-05-27 04:20:00+00:00,2026-06-26 04:20:00+00:00,38,30.0,1.2666666666666666,0.2062847573457829,8.794292155683019,0.6842105263157895,1.7519352266825472,51.60879597631516,-0.07601764567733915,5.297449952312436
no_wick_no_breakout__q90,no_wick_no_breakout,0.9,recent_3m,2026-03-28 04:20:00+00:00,2026-06-26 04:20:00+00:00,70,90.0,0.7777777777777778,0.17363949794873035,0.9142643330725087,0.5857142857142857,1.3704166127314612,24.55627772792558,-0.09940957446488241,2.2533375351790066
no_wick_no_breakout__q90,no_wick_no_breakout,0.9,recent_6m,2025-12-25 04:20:00+00:00,2026-06-26 04:20:00+00:00,146,183.0,0.7978142076502732,0.4590111359890834,1.124323816975243,0.5821917808219178,1.4111965017021013,27.672688756070663,-0.14598103033765175,2.5007822909564528
no_wick_no_breakout__q90,no_wick_no_breakout,0.9,full_year,2025-06-26 04:20:00+00:00,2026-06-26 04:20:00+00:00,355,365.0,0.9726027397260274,1.3912075780265667,1.3912075780265667,0.5887323943661972,1.390129303876295,26.47163145397509,-0.1459810303376522,2.55982254526913
no_wick_no_breakout__q95,no_wick_no_breakout,0.95,recent_1w,2026-06-19 04:20:00+00:00,2026-06-26 04:20:00+00:00,7,7.0,1.0,0.0119369979247268,0.8565937862588306,0.5714285714285714,1.1755891303245956,21.497596875508542,-0.04057123522479511,1.2592171407489168
no_wick_no_breakout__q95,no_wick_no_breakout,0.95,recent_1m,2026-05-27 04:20:00+00:00,2026-06-26 04:20:00+00:00,22,30.0,0.7333333333333333,0.2830848876776544,19.75425951859354,0.7272727272727273,2.6054736306793207,117.78970039874714,-0.04057123522479522,6.763571635885833
no_wick_no_breakout__q95,no_wick_no_breakout,0.95,recent_3m,2026-03-28 04:20:00+00:00,2026-06-26 04:20:00+00:00,37,90.0,0.4111111111111111,0.3256738674342756,2.1372477729882693,0.6756756756756757,2.1683740138319028,79.4258836315625,-0.056455739151407336,3.94048914621575
no_wick_no_breakout__q95,no_wick_no_breakout,0.95,recent_6m,2025-12-25 04:20:00+00:00,2026-06-26 04:20:00+00:00,77,183.0,0.4207650273224044,0.5020963320095031,1.2512825731337833,0.6103896103896104,1.7331846241867668,55.80114372596788,-0.06104775555274955,2.8792123662218296
no_wick_no_breakout__q95,no_wick_no_breakout,0.95,full_year,2025-06-26 04:20:00+00:00,2026-06-26 04:20:00+00:00,220,365.0,0.6027397260273972,1.0660567069666844,1.0660567069666844,0.5772727272727273,1.4579456930336328,35.49282110002006,-0.11849947251767823,2.363006869160301
core_bb_vwap_macd__q80,core_bb_vwap_macd,0.8,recent_1w,2026-06-19 04:20:00+00:00,2026-06-26 04:20:00+00:00,10,7.0,1.4285714285714286,0.09957933229080806,140.14680710241893,0.6,2.5034820167975007,98.43240994612341,-0.027598132180276624,8.575886458519532
core_bb_vwap_macd__q80,core_bb_vwap_macd,0.8,recent_1m,2026-05-27 04:20:00+00:00,2026-06-26 04:20:00+00:00,46,30.0,1.5333333333333334,0.3688629458758672,44.60855077834717,0.6086956521739131,2.0733497991311824,71.0950799123565,-0.10538872108594499,7.254011788799438
core_bb_vwap_macd__q80,core_bb_vwap_macd,0.8,recent_3m,2026-03-28 04:20:00+00:00,2026-06-26 04:20:00+00:00,91,90.0,1.011111111111111,0.3621037765966022,2.50184492794969,0.5604395604395604,1.560060920567846,36.080129221146855,-0.12529509643268744,3.3781721406683336
core_bb_vwap_macd__q80,core_bb_vwap_macd,0.8,recent_6m,2025-12-25 04:20:00+00:00,2026-06-26 04:20:00+00:00,208,183.0,1.1366120218579234,1.1573694133500947,3.6347286240549987,0.6201923076923077,1.6611236982656004,38.740996279761106,-0.125295096432687,4.252242712351157
core_bb_vwap_macd__q80,core_bb_vwap_macd,0.8,full_year,2025-06-26 04:20:00+00:00,2026-06-26 04:20:00+00:00,475,365.0,1.3013698630136987,1.341841349807222,1.341841349807222,0.5726315789473684,1.280170105991635,19.779865404393455,-0.21517630141091726,2.2354426015012643
core_bb_vwap_macd__q85,core_bb_vwap_macd,0.85,recent_1w,2026-06-19 04:20:00+00:00,2026-06-26 04:20:00+00:00,10,7.0,1.4285714285714286,0.10781579425137,207.28847714622827,0.7,3.455097373209889,105.3534236410531,-0.02256852529166964,10.252872131459034
core_bb_vwap_macd__q85,core_bb_vwap_macd,0.85,recent_1m,2026-05-27 04:20:00+00:00,2026-06-26 04:20:00+00:00,45,30.0,1.5,0.527292794111996,171.87068378348403,0.7333333333333333,2.7606337943691672,97.09540434078677,-0.07382103690631392,9.924479392075188
core_bb_vwap_macd__q85,core_bb_vwap_macd,0.85,recent_3m,2026-03-28 04:20:00+00:00,2026-06-26 04:20:00+00:00,80,90.0,0.8888888888888888,0.5430671781986149,4.807713163506259,0.6375,1.9861058934697908,56.38607290808726,-0.07382103690631403,5.005357236331006
core_bb_vwap_macd__q85,core_bb_vwap_macd,0.85,recent_6m,2025-12-25 04:20:00+00:00,2026-06-26 04:20:00+00:00,172,183.0,0.9398907103825137,0.7492194181030323,2.050433499322854,0.6162790697674418,1.5187993399746476,34.49737628180881,-0.16630542341125876,3.2341624683044494
core_bb_vwap_macd__q85,core_bb_vwap_macd,0.85,full_year,2025-06-26 04:20:00+00:00,2026-06-26 04:20:00+00:00,392,365.0,1.073972602739726,1.1863698838475467,1.1863698838475467,0.5790816326530612,1.294683613642871,22.052496840621917,-0.1729932989638986,2.135160288017724
core_bb_vwap_macd__q90,core_bb_vwap_macd,0.9,recent_1w,2026-06-19 04:20:00+00:00,2026-06-26 04:20:00+00:00,10,7.0,1.4285714285714286,-0.0125722644704791,-0.48299852753998085,0.6,0.8992414016413033,-10.304531236274167,-0.04594577715337467,-1.03607574786708
core_bb_vwap_macd__q90,core_bb_vwap_macd,0.9,recent_1m,2026-05-27 04:20:00+00:00,2026-06-26 04:20:00+00:00,36,30.0,1.2,0.3039394465255749,24.25216714352782,0.75,2.2977881207821182,76.10500701675205,-0.05592533230839869,7.6356170003612265
core_bb_vwap_macd__q90,core_bb_vwap_macd,0.9,recent_3m,2026-03-28 04:20:00+00:00,2026-06-26 04:20:00+00:00,61,90.0,0.6777777777777778,0.36942297153942283,2.5787870533122965,0.6885245901639344,1.934503057665183,53.45453019667021,-0.05592533230839858,4.412791574373021
core_bb_vwap_macd__q90,core_bb_vwap_macd,0.9,recent_6m,2025-12-25 04:20:00+00:00,2026-06-26 04:20:00+00:00,120,183.0,0.6557377049180327,0.6017849117625595,1.5591181747651222,0.65,1.6041301732317126,41.3906344627651,-0.12049054920127678,3.1448861911781147
core_bb_vwap_macd__q90,core_bb_vwap_macd,0.9,full_year,2025-06-26 04:20:00+00:00,2026-06-26 04:20:00+00:00,289,365.0,0.7917808219178082,1.7944317602086373,1.7944317602086373,0.629757785467128,1.5343034856537108,37.81733595084006,-0.15043011964203334,3.0566107745533704
core_bb_vwap_macd__q95,core_bb_vwap_macd,0.95,recent_1w,2026-06-19 04:20:00+00:00,2026-06-26 04:20:00+00:00,7,7.0,1.0,0.0119369979247268,0.8565937862588306,0.5714285714285714,1.1755891303245956,21.497596875508542,-0.04057123522479511,1.2592171407489168
core_bb_vwap_macd__q95,core_bb_vwap_macd,0.95,recent_1m,2026-05-27 04:20:00+00:00,2026-06-26 04:20:00+00:00,21,30.0,0.7,0.24542398395935838,13.444180394604912,0.7142857142857143,2.418126653101586,108.99900811035504,-0.04057123522479522,6.031019120934531
core_bb_vwap_macd__q95,core_bb_vwap_macd,0.95,recent_3m,2026-03-28 04:20:00+00:00,2026-06-26 04:20:00+00:00,35,90.0,0.3888888888888889,0.282597272122745,1.7438872708519018,0.6571428571428571,2.0352374548813192,74.39672570631224,-0.056455739151407114,3.531438480686813
core_bb_vwap_macd__q95,core_bb_vwap_macd,0.95,recent_6m,2025-12-25 04:20:00+00:00,2026-06-26 04:20:00+00:00,70,183.0,0.3825136612021858,0.3390539926328353,0.7902071683066492,0.5714285714285714,1.5271033420778015,44.8608888382753,-0.08380728122996861,2.115711128100534
core_bb_vwap_macd__q95,core_bb_vwap_macd,0.95,full_year,2025-06-26 04:20:00+00:00,2026-06-26 04:20:00+00:00,184,365.0,0.5041095890410959,0.6923290909421067,0.6923290909421067,0.5760869565217391,1.367496875171821,31.390806179897872,-0.13227992980972303,1.8023169489676416
mean_revert_bb_vwap_rsi__q80,mean_revert_bb_vwap_rsi,0.8,recent_1w,2026-06-19 04:20:00+00:00,2026-06-26 04:20:00+00:00,11,7.0,1.5714285714285714,0.06448890087454884,25.01455833549924,0.7272727272727273,2.1569115135356154,58.58091603076115,-0.038757742121165006,7.444962160860885
mean_revert_bb_vwap_rsi__q80,mean_revert_bb_vwap_rsi,0.8,recent_1m,2026-05-27 04:20:00+00:00,2026-06-26 04:20:00+00:00,47,30.0,1.5666666666666667,0.3215555743231484,28.73076443175151,0.7021276595744681,1.982218860310164,61.635565426552844,-0.07382103690631392,7.035349118249214
mean_revert_bb_vwap_rsi__q80,mean_revert_bb_vwap_rsi,0.8,recent_3m,2026-03-28 04:20:00+00:00,2026-06-26 04:20:00+00:00,99,90.0,1.1,0.014193730951447492,0.058823905653134334,0.5151515151515151,1.040769696958462,3.0029374575181094,-0.24576688196952723,0.33608443804627836
mean_revert_bb_vwap_rsi__q80,mean_revert_bb_vwap_rsi,0.8,recent_6m,2025-12-25 04:20:00+00:00,2026-06-26 04:20:00+00:00,224,183.0,1.2240437158469946,0.27058083755551876,0.6122644713526992,0.5446428571428571,1.1747007422479483,12.2908988745476,-0.24576688196952734,1.4498117985133507
mean_revert_bb_vwap_rsi__q80,mean_revert_bb_vwap_rsi,0.8,full_year,2025-06-26 04:20:00+00:00,2026-06-26 04:20:00+00:00,520,365.0,1.4246575342465753,1.235604780898858,1.235604780898858,0.573076923076923,1.2551779684796687,17.102019733155185,-0.24576688196952678,2.16301471646042
mean_revert_bb_vwap_rsi__q85,mean_revert_bb_vwap_rsi,0.85,recent_1w,2026-06-19 04:20:00+00:00,2026-06-26 04:20:00+00:00,9,7.0,1.2857142857142858,-0.0710305647302576,-0.978546266368018,0.4444444444444444,0.39708509844661954,-79.61084478186916,-0.07601764567733926,-8.328014385402705
mean_revert_bb_vwap_rsi__q85,mean_revert_bb_vwap_rsi,0.85,recent_1m,2026-05-27 04:20:00+00:00,2026-06-26 04:20:00+00:00,40,30.0,1.3333333333333333,0.01911469618289119,0.2590624837844828,0.625,1.077622673307184,6.7691594565023046,-0.13749481322814927,0.7325351749372159
mean_revert_bb_vwap_rsi__q85,mean_revert_bb_vwap_rsi,0.85,recent_3m,2026-03-28 04:20:00+00:00,2026-06-26 04:20:00+00:00,75,90.0,0.8333333333333334,-0.1766744645366788,-0.5454351254152561,0.48,0.7266735578297011,-24.314014535230967,-0.21382053759574937,-2.379000242312808
mean_revert_bb_vwap_rsi__q85,mean_revert_bb_vwap_rsi,0.85,recent_6m,2025-12-25 04:20:00+00:00,2026-06-26 04:20:00+00:00,182,183.0,0.994535519125683,0.07261666847912207,0.15006588153320544,0.5494505494505495,1.073651685628351,5.432433908905993,-0.21382053759574915,0.5812249175186669
mean_revert_bb_vwap_rsi__q85,mean_revert_bb_vwap_rsi,0.85,full_year,2025-06-26 04:20:00+00:00,2026-06-26 04:20:00+00:00,433,365.0,1.1863013698630136,0.5126275295006295,0.5126275295006295,0.5635103926096998,1.1577200913959451,11.274154924846203,-0.21382053759574915,1.2656548720990557
mean_revert_bb_vwap_rsi__q90,mean_revert_bb_vwap_rsi,0.9,recent_1w,2026-06-19 04:20:00+00:00,2026-06-26 04:20:00+00:00,9,7.0,1.2857142857142858,-0.04634878531034059,-0.9157998046453222,0.4444444444444444,0.6205553187496419,-50.103109982020484,-0.07601764567733937,-4.59926559537461
mean_revert_bb_vwap_rsi__q90,mean_revert_bb_vwap_rsi,0.9,recent_1m,2026-05-27 04:20:00+00:00,2026-06-26 04:20:00+00:00,35,30.0,1.1666666666666667,0.11447768399314784,2.7385375744569154,0.6571428571428571,1.441889909858791,32.92857473130122,-0.07601764567733926,3.4293705336201907
mean_revert_bb_vwap_rsi__q90,mean_revert_bb_vwap_rsi,0.9,recent_3m,2026-03-28 04:20:00+00:00,2026-06-26 04:20:00+00:00,62,90.0,0.6888888888888889,0.0674372346168608,0.30299865221998057,0.5645161290322581,1.1712683539834212,12.047518269662941,-0.07601764567733926,1.0885730811457879
mean_revert_bb_vwap_rsi__q90,mean_revert_bb_vwap_rsi,0.9,recent_6m,2025-12-25 04:20:00+00:00,2026-06-26 04:20:00+00:00,129,183.0,0.7049180327868853,0.2282286998678711,0.5068520657946052,0.5658914728682171,1.241575605824937,17.713563506146567,-0.10580250658964496,1.5070931220881632
mean_revert_bb_vwap_rsi__q90,mean_revert_bb_vwap_rsi,0.9,full_year,2025-06-26 04:20:00+00:00,2026-06-26 04:20:00+00:00,329,365.0,0.9013698630136986,0.7336096385512383,0.7336096385512383,0.5653495440729484,1.250536494024049,18.677445795420496,-0.1313749397191014,1.715582202586172
mean_revert_bb_vwap_rsi__q95,mean_revert_bb_vwap_rsi,0.95,recent_1w,2026-06-19 04:20:00+00:00,2026-06-26 04:20:00+00:00,5,7.0,0.7142857142857143,-0.018158983313870003,-0.6154047535289693,0.6,0.7334067453799638,-33.66526850402806,-0.04057123522479511,-2.0238571368080938
mean_revert_bb_vwap_rsi__q95,mean_revert_bb_vwap_rsi,0.95,recent_1m,2026-05-27 04:20:00+00:00,2026-06-26 04:20:00+00:00,18,30.0,0.6,0.11972312295638732,2.9583379373510925,0.7222222222222222,1.8527676461764762,65.77990987947008,-0.04057123522479511,4.02897627338068
mean_revert_bb_vwap_rsi__q95,mean_revert_bb_vwap_rsi,0.95,recent_3m,2026-03-28 04:20:00+00:00,2026-06-26 04:20:00+00:00,33,90.0,0.36666666666666664,0.15688969383146345,0.8058597913436765,0.6666666666666666,1.6688506860664247,46.40674737654052,-0.056455739151407336,2.5509746954991397
mean_revert_bb_vwap_rsi__q95,mean_revert_bb_vwap_rsi,0.95,recent_6m,2025-12-25 04:20:00+00:00,2026-06-26 04:20:00+00:00,67,183.0,0.366120218579235,0.37987583265643043,0.9007100181797962,0.6417910447761194,1.7281904301697615,50.41917225735564,-0.056455739151407225,2.725626390840879
mean_revert_bb_vwap_rsi__q95,mean_revert_bb_vwap_rsi,0.95,full_year,2025-06-26 04:20:00+00:00,2026-06-26 04:20:00+00:00,207,365.0,0.5671232876712329,1.0742851020294353,1.0742851020294353,0.5797101449275363,1.503262285085474,37.64112998910864,-0.12028163022096405,2.4952769034632736
bb_vwap_only__q80,bb_vwap_only,0.8,recent_1w,2026-06-19 04:20:00+00:00,2026-06-26 04:20:00+00:00,9,7.0,1.2857142857142858,0.10010677708529814,143.72079802465777,0.7777777777777778,4.689831674000465,108.00749891682442,-0.02256852529166964,12.97373291734429
bb_vwap_only__q80,bb_vwap_only,0.8,recent_1m,2026-05-27 04:20:00+00:00,2026-06-26 04:20:00+00:00,46,30.0,1.5333333333333334,0.4642605691048174,102.51981111211465,0.7391304347826086,2.5522245525478984,85.42859518197648,-0.07382103690631392,9.554459280971404
bb_vwap_only__q80,bb_vwap_only,0.8,recent_3m,2026-03-28 04:20:00+00:00,2026-06-26 04:20:00+00:00,86,90.0,0.9555555555555556,0.3206674511232024,2.089474723354567,0.6046511627906976,1.5725095716857393,34.130782105850095,-0.136918513985688,3.3953681791323422
bb_vwap_only__q80,bb_vwap_only,0.8,recent_6m,2025-12-25 04:20:00+00:00,2026-06-26 04:20:00+00:00,187,183.0,1.0218579234972678,0.9122732160811968,2.6438572937848215,0.6310160427807486,1.6116867913690072,36.38243045005491,-0.136918513985688,3.852284356115515
bb_vwap_only__q80,bb_vwap_only,0.8,full_year,2025-06-26 04:20:00+00:00,2026-06-26 04:20:00+00:00,443,365.0,1.2136986301369863,1.1555825635107246,1.1555825635107246,0.5869074492099323,1.267094376336196,19.19607394014956,-0.17707144642680617,2.101903565944909
bb_vwap_only__q85,bb_vwap_only,0.85,recent_1w,2026-06-19 04:20:00+00:00,2026-06-26 04:20:00+00:00,9,7.0,1.2857142857142858,0.1393548107035254,899.2469155959003,0.8888888888888888,8.988333122270287,147.05298158344857,-0.016567621980628,20.744932770394136
bb_vwap_only__q85,bb_vwap_only,0.85,recent_1m,2026-05-27 04:20:00+00:00,2026-06-26 04:20:00+00:00,40,30.0,1.3333333333333333,0.4423140835046955,85.14460908733729,0.75,2.7981131368435426,93.97922151431466,-0.07382103690631403,10.237092980040348
bb_vwap_only__q85,bb_vwap_only,0.85,recent_3m,2026-03-28 04:20:00+00:00,2026-06-26 04:20:00+00:00,66,90.0,0.7333333333333333,0.347726139297156,2.354337043335326,0.6363636363636364,1.7760155962340878,47.14199492688597,-0.10785513647465961,4.0033411448687914
bb_vwap_only__q85,bb_vwap_only,0.85,recent_6m,2025-12-25 04:20:00+00:00,2026-06-26 04:20:00+00:00,146,183.0,0.7978142076502732,0.6422537979379326,1.689696516781519,0.636986301369863,1.5502730190683,35.83959494150438,-0.10785513647465916,3.2103622912938867
bb_vwap_only__q85,bb_vwap_only,0.85,full_year,2025-06-26 04:20:00+00:00,2026-06-26 04:20:00+00:00,347,365.0,0.9506849315068493,1.9431145337034441,1.9431145337034441,0.6138328530259366,1.4886953330734725,33.06487629253409,-0.10785513647465927,3.147016563581729
bb_vwap_only__q90,bb_vwap_only,0.9,recent_1w,2026-06-19 04:20:00+00:00,2026-06-26 04:20:00+00:00,5,7.0,0.7142857142857143,-0.0076899267104114655,-0.3313699978194298,0.6,0.8597775216934749,-13.147211531118225,-0.04057123522479511,-0.8965101136881445
bb_vwap_only__q90,bb_vwap_only,0.9,recent_1m,2026-05-27 04:20:00+00:00,2026-06-26 04:20:00+00:00,26,30.0,0.8666666666666667,0.21575577373418442,9.772019868543758,0.8076923076923077,2.6341317396339456,77.04718024431249,-0.04057123522479511,7.480967185402948
bb_vwap_only__q90,bb_vwap_only,0.9,recent_3m,2026-03-28 04:20:00+00:00,2026-06-26 04:20:00+00:00,47,90.0,0.5222222222222223,0.24634250028517157,1.4426588041678121,0.6808510638297872,1.9397934390541898,48.422628462973556,-0.04057123522479522,3.8772024023393685
bb_vwap_only__q90,bb_vwap_only,0.9,recent_6m,2025-12-25 04:20:00+00:00,2026-06-26 04:20:00+00:00,94,183.0,0.5136612021857924,0.5513030476699634,1.40077374642232,0.6702127659574468,1.8277095907389298,48.57106039926763,-0.08103668308191114,3.540806903184105
bb_vwap_only__q90,bb_vwap_only,0.9,full_year,2025-06-26 04:20:00+00:00,2026-06-26 04:20:00+00:00,247,365.0,0.6767123287671233,1.3963759203606938,1.3963759203606938,0.6275303643724697,1.5254102235564626,37.64039782084423,-0.13028228121653018,2.8168255751657387
bb_vwap_only__q95,bb_vwap_only,0.95,recent_1w,2026-06-19 04:20:00+00:00,2026-06-26 04:20:00+00:00,5,7.0,0.7142857142857143,-0.018158983313870003,-0.6154047535289693,0.6,0.7334067453799638,-33.66526850402806,-0.04057123522479511,-2.0238571368080938
bb_vwap_only__q95,bb_vwap_only,0.95,recent_1m,2026-05-27 04:20:00+00:00,2026-06-26 04:20:00+00:00,17,30.0,0.5666666666666667,0.08685718779512475,1.7548536327535702,0.7058823529411765,1.6349773888901487,51.86141996326358,-0.05554727634284895,3.0884744875099246
bb_vwap_only__q95,bb_vwap_only,0.95,recent_3m,2026-03-28 04:20:00+00:00,2026-06-26 04:20:00+00:00,30,90.0,0.3333333333333333,0.1022814558581,0.4842928247617555,0.6333333333333333,1.4551726721269878,34.73928039987789,-0.056455739151407336,1.7853680174875153
bb_vwap_only__q95,bb_vwap_only,0.95,recent_6m,2025-12-25 04:20:00+00:00,2026-06-26 04:20:00+00:00,59,183.0,0.3224043715846995,0.2069632449690424,0.45526362591164937,0.5932203389830508,1.4285988100990754,34.40622464020086,-0.09051586322878558,1.6606139768535177
bb_vwap_only__q95,bb_vwap_only,0.95,full_year,2025-06-26 04:20:00+00:00,2026-06-26 04:20:00+00:00,165,365.0,0.4520547945205479,0.6833200652227835,0.6833200652227835,0.5878787878787879,1.4123258966448373,34.27125120568355,-0.15621649535308257,1.8991714233443038
