candidate_id,style_set,quantile,month,start,end,trades,days,trades_per_day,total_return_1x,annualized_1x,win_rate,profit_factor,avg_trade_bps,max_drawdown_1x,trade_sharpe
base_all__q80,base_all,0.8,2025_06_partial,2025-06-26 04:20:00+00:00,2025-07-01 00:00:00+00:00,9,4.819444444444445,1.8674351585014408,-0.009927635984973704,-0.5302831662134276,0.4444444444444444,0.8348268835698803,-10.241682469949284,-0.03902263899068037,-1.947547600860621
base_all__q80,base_all,0.8,2025_07,2025-07-01 00:00:00+00:00,2025-08-01 00:00:00+00:00,58,31.0,1.8709677419354838,-0.15788234225741338,-0.867771644927336,0.43103448275862066,0.6492983799298113,-28.32510336776653,-0.1843420852250921,-4.618839488486727
base_all__q80,base_all,0.8,2025_08,2025-08-01 00:00:00+00:00,2025-09-01 00:00:00+00:00,60,31.0,1.935483870967742,-0.012404904633077196,-0.13668118231267545,0.55,0.9875018129396747,-0.8726490779298277,-0.14833652613405346,-0.14817913229057433
base_all__q80,base_all,0.8,2025_09,2025-09-01 00:00:00+00:00,2025-10-01 00:00:00+00:00,55,30.0,1.8333333333333333,0.47531957152750204,112.44384279549654,0.6909090909090909,3.3557794577702036,72.30968389087083,-0.04207289640445566,11.164840780175458
base_all__q80,base_all,0.8,2025_10,2025-10-01 00:00:00+00:00,2025-11-01 00:00:00+00:00,59,31.0,1.903225806451613,0.01518393690398101,0.194150334121455,0.4745762711864407,1.0545088356770642,4.896358912086021,-0.11548534649172926,0.5896052310631025
base_all__q80,base_all,0.8,2025_11,2025-11-01 00:00:00+00:00,2025-12-01 00:00:00+00:00,52,30.0,1.7333333333333334,0.10855528725502839,2.503868926582093,0.5961538461538461,1.2827921428055613,22.125418274111233,-0.09949623460708601,2.5742946895808765
base_all__q80,base_all,0.8,2025_12,2025-12-01 00:00:00+00:00,2026-01-01 00:00:00+00:00,53,31.0,1.7096774193548387,-0.02305118630857239,-0.2401134998463652,0.5471698113207547,0.960905876343107,-2.86879844445469,-0.154808667829333,-0.40491906425066915
base_all__q80,base_all,0.8,2026_01,2026-01-01 00:00:00+00:00,2026-02-01 00:00:00+00:00,57,31.0,1.8387096774193548,-0.08512641834958401,-0.6492013137054331,0.5087719298245614,0.8454868693179917,-13.807234477696301,-0.18037441780004104,-1.8752641603892155
base_all__q80,base_all,0.8,2026_02,2026-02-01 00:00:00+00:00,2026-03-01 00:00:00+00:00,46,28.0,1.6428571428571428,0.07546085472523267,1.58141764145046,0.5434782608695652,1.2342843226541502,17.67736773032278,-0.10667181615365073,2.222153836434747
base_all__q80,base_all,0.8,2026_03,2026-03-01 00:00:00+00:00,2026-04-01 00:00:00+00:00,50,31.0,1.6129032258064515,0.07858283591581294,1.4368204167693515,0.6,1.288357588306134,16.218019571099955,-0.08932738191621015,2.6545964375681548
base_all__q80,base_all,0.8,2026_04,2026-04-01 00:00:00+00:00,2026-05-01 00:00:00+00:00,37,30.0,1.2333333333333334,-0.11566169516931091,-0.7758574472535456,0.3783783783783784,0.6216352516564934,-31.895674953115282,-0.12628189655861344,-4.16787403532347
base_all__q80,base_all,0.8,2026_05,2026-05-01 00:00:00+00:00,2026-06-01 00:00:00+00:00,51,31.0,1.6451612903225807,0.0197072714485389,0.25832367711620563,0.5098039215686274,1.0759026457458294,5.123359769775348,-0.1012922410362963,0.772699192518561
base_all__q80,base_all,0.8,2026_06,2026-06-01 00:00:00+00:00,2026-06-26 04:20:00+00:00,46,25.180555555555557,1.8268063982349696,0.26595650108608093,29.520537823891324,0.5652173913043478,1.694744785506754,54.22899840555875,-0.07735409133069349,5.79404697693861
base_all__q85,base_all,0.85,2025_06_partial,2025-06-26 04:20:00+00:00,2025-07-01 00:00:00+00:00,8,4.819444444444445,1.659942363112392,0.056592304721389874,63.658722767585445,0.625,2.584832055417986,70.55000267333878,-0.03519423245922548,9.320316839888427
base_all__q85,base_all,0.85,2025_07,2025-07-01 00:00:00+00:00,2025-08-01 00:00:00+00:00,52,31.0,1.6774193548387097,0.0504187338457418,0.7845376811871458,0.5576923076923077,1.1748684898142934,10.70207123593479,-0.07242034849456713,1.6629730156048166
base_all__q85,base_all,0.85,2025_08,2025-08-01 00:00:00+00:00,2025-09-01 00:00:00+00:00,49,31.0,1.5806451612903225,-0.02817361302980892,-0.2857227852363716,0.5714285714285714,0.930953826389045,-4.703578599356702,-0.09917206056140004,-0.7465334884189427
base_all__q85,base_all,0.85,2025_09,2025-09-01 00:00:00+00:00,2025-10-01 00:00:00+00:00,47,30.0,1.5666666666666667,0.5328638937280743,179.70093565436358,0.723404255319149,4.21274873263098,92.92349049314691,-0.022486051444156607,12.060163087168966
base_all__q85,base_all,0.85,2025_10,2025-10-01 00:00:00+00:00,2025-11-01 00:00:00+00:00,53,31.0,1.7096774193548387,-0.011435659489367866,-0.12665225523427515,0.4528301886792453,1.0031256333530523,0.2917430989599703,-0.09513206934522977,0.03241062060057079
base_all__q85,base_all,0.85,2025_11,2025-11-01 00:00:00+00:00,2025-12-01 00:00:00+00:00,49,30.0,1.6333333333333333,0.028388572896925757,0.4057662557568107,0.5714285714285714,1.0979340794818955,7.685869302728404,-0.10474558803729628,0.9356908658613328
base_all__q85,base_all,0.85,2025_12,2025-12-01 00:00:00+00:00,2026-01-01 00:00:00+00:00,48,31.0,1.5483870967741935,-0.24951810518838013,-0.96594102167277,0.3333333333333333,0.46016084333670176,-57.94032762219816,-0.2904608791111827,-7.412511576289526
base_all__q85,base_all,0.85,2026_01,2026-01-01 00:00:00+00:00,2026-02-01 00:00:00+00:00,54,31.0,1.7419354838709677,-0.03097860420301035,-0.30962284868581524,0.48148148148148145,0.9587095836030277,-3.825035715657648,-0.10214399061525492,-0.47753886414430374
base_all__q85,base_all,0.85,2026_02,2026-02-01 00:00:00+00:00,2026-03-01 00:00:00+00:00,46,28.0,1.6428571428571428,0.05223170922246112,0.9419484631596078,0.5217391304347826,1.1653367403755286,12.963253891285746,-0.11208140148828905,1.611705564652227
base_all__q85,base_all,0.85,2026_03,2026-03-01 00:00:00+00:00,2026-04-01 00:00:00+00:00,44,31.0,1.4193548387096775,0.06683486620981904,1.1420119072155073,0.5909090909090909,1.2723603182646959,16.05282090826314,-0.08621580163270326,2.2064651978973076
base_all__q85,base_all,0.85,2026_04,2026-04-01 00:00:00+00:00,2026-05-01 00:00:00+00:00,32,30.0,1.0666666666666667,-0.07358605066477708,-0.6054259283828614,0.40625,0.6764220485292711,-22.959830438012144,-0.12699050908145515,-3.3262262421640085
base_all__q85,base_all,0.85,2026_05,2026-05-01 00:00:00+00:00,2026-06-01 00:00:00+00:00,38,31.0,1.2258064516129032,0.0022975557267230773,0.027389209990817287,0.5263157894736842,1.0276684131420912,1.8695614247664643,-0.09448706411117869,0.2454455216443629
base_all__q85,base_all,0.85,2026_06,2026-06-01 00:00:00+00:00,2026-06-26 04:20:00+00:00,42,25.180555555555557,1.667953667953668,0.21344701752994344,15.51611694768497,0.6190476190476191,1.6028443783961446,49.2422818596102,-0.08468007022629565,4.821027331256847
base_all__q90,base_all,0.9,2025_06_partial,2025-06-26 04:20:00+00:00,2025-07-01 00:00:00+00:00,7,4.819444444444445,1.4524495677233429,0.03665700723944454,14.27992892254997,0.5714285714285714,2.0805983807809874,53.08054658384931,-0.033995703564953184,6.45146033327285
base_all__q90,base_all,0.9,2025_07,2025-07-01 00:00:00+00:00,2025-08-01 00:00:00+00:00,35,31.0,1.1290322580645162,0.06471207652259348,1.0923626506846897,0.5428571428571428,1.3207793087193744,19.36468064364744,-0.04537326803356034,2.2754520306448502
base_all__q90,base_all,0.9,2025_08,2025-08-01 00:00:00+00:00,2025-09-01 00:00:00+00:00,46,31.0,1.4838709677419355,-0.0019836663580921066,-0.02310808998766145,0.5869565217391305,1.0170200913570036,1.219833113564631,-0.08151065037200111,0.15454563254836634
base_all__q90,base_all,0.9,2025_09,2025-09-01 00:00:00+00:00,2025-10-01 00:00:00+00:00,43,30.0,1.4333333333333333,0.41457758912345954,67.01829518149016,0.6976744186046512,3.6107558778541153,82.53619065577722,-0.02894391422482534,10.495325147268465
base_all__q90,base_all,0.9,2025_10,2025-10-01 00:00:00+00:00,2025-11-01 00:00:00+00:00,52,31.0,1.6774193548387097,-0.05331545786712877,-0.4753901628545991,0.4230769230769231,0.9244648034521789,-7.893812286139401,-0.13905556381897877,-0.8390936366023866
base_all__q90,base_all,0.9,2025_11,2025-11-01 00:00:00+00:00,2025-12-01 00:00:00+00:00,44,30.0,1.4666666666666666,0.17373453254248172,6.021559277193749,0.5909090909090909,1.5219289524758075,38.74432380894048,-0.10209587799924325,4.1457152325209075
base_all__q90,base_all,0.9,2025_12,2025-12-01 00:00:00+00:00,2026-01-01 00:00:00+00:00,43,31.0,1.3870967741935485,-0.1550128196159266,-0.8623680837270532,0.37209302325581395,0.667838558287635,-36.69076697660783,-0.232111108639239,-3.709303884433435
base_all__q90,base_all,0.9,2026_01,2026-01-01 00:00:00+00:00,2026-02-01 00:00:00+00:00,47,31.0,1.5161290322580645,0.1055631222897464,2.259575759346985,0.5319148936170213,1.2682672404892978,23.80752797319794,-0.0797418198111377,2.5074466433287252
base_all__q90,base_all,0.9,2026_02,2026-02-01 00:00:00+00:00,2026-03-01 00:00:00+00:00,38,28.0,1.3571428571428572,-0.04813078547004768,-0.47429808815226826,0.47368421052631576,0.8728853762654547,-11.149038927307071,-0.1713018628307834,-1.2793314440132704
base_all__q90,base_all,0.9,2026_03,2026-03-01 00:00:00+00:00,2026-04-01 00:00:00+00:00,34,31.0,1.096774193548387,0.0337666188960668,0.4784728638104079,0.5588235294117647,1.1574714025753576,11.596510054287418,-0.11226998331331717,1.195695586041394
base_all__q90,base_all,0.9,2026_04,2026-04-01 00:00:00+00:00,2026-05-01 00:00:00+00:00,22,30.0,0.7333333333333333,-0.05792534878734945,-0.5161567296746464,0.36363636363636365,0.5761692976421731,-26.362910961476572,-0.08969007625966774,-3.5015727049740204
base_all__q90,base_all,0.9,2026_05,2026-05-01 00:00:00+00:00,2026-06-01 00:00:00+00:00,28,31.0,0.9032258064516129,0.024152469629672435,0.3244482742798307,0.5357142857142857,1.1413003431827509,10.061358497850804,-0.07734556501251999,1.025517738779085
base_all__q90,base_all,0.9,2026_06,2026-06-01 00:00:00+00:00,2026-06-26 04:20:00+00:00,35,25.180555555555557,1.3899613899613898,0.044293133246242844,0.874290384387401,0.5428571428571428,1.1615033899799854,15.121821594039712,-0.08266989303973615,1.4316524438161826
base_all__q95,base_all,0.95,2025_06_partial,2025-06-26 04:20:00+00:00,2025-07-01 00:00:00+00:00,4,4.819444444444445,0.829971181556196,0.006688938636409958,0.6568184329836324,0.5,1.2958836542354328,17.620672239520594,-0.013563472072196325,1.9355241845876734
base_all__q95,base_all,0.95,2025_07,2025-07-01 00:00:00+00:00,2025-08-01 00:00:00+00:00,26,31.0,0.8387096774193549,0.00032789653042120115,0.003867544114521726,0.5,1.0240124728499689,1.8043104113411712,-0.06360250517534705,0.16853613301977857
base_all__q95,base_all,0.95,2025_08,2025-08-01 00:00:00+00:00,2025-09-01 00:00:00+00:00,32,31.0,1.032258064516129,0.15580630075785473,4.500736480611727,0.5,1.690633861423822,47.595790643767906,-0.10175334152122129,4.265386364735921
base_all__q95,base_all,0.95,2025_09,2025-09-01 00:00:00+00:00,2025-10-01 00:00:00+00:00,32,30.0,1.0666666666666667,0.11660084754229771,2.826118619282403,0.53125,1.556690699412544,36.69337455895213,-0.08323121264785693,3.3975589998532403
base_all__q95,base_all,0.95,2025_10,2025-10-01 00:00:00+00:00,2025-11-01 00:00:00+00:00,43,31.0,1.3870967741935485,0.08203369049294484,1.5302160700312237,0.4186046511627907,1.222811396576522,21.215552403910802,-0.1403570952609665,1.9614344300746052
base_all__q95,base_all,0.95,2025_11,2025-11-01 00:00:00+00:00,2025-12-01 00:00:00+00:00,32,30.0,1.0666666666666667,0.15201808603881628,4.59441634467047,0.5625,1.5773572221170942,47.057306762595424,-0.07338417692287713,3.894583243112311
base_all__q95,base_all,0.95,2025_12,2025-12-01 00:00:00+00:00,2026-01-01 00:00:00+00:00,30,31.0,0.967741935483871,-0.15015614476884143,-0.8527601583643211,0.36666666666666664,0.5917997390977497,-51.462181704757484,-0.18192263144899856,-4.144539407889803
base_all__q95,base_all,0.95,2026_01,2026-01-01 00:00:00+00:00,2026-02-01 00:00:00+00:00,18,31.0,0.5806451612903226,-0.028421653710399064,-0.28786634277000356,0.3888888888888889,0.8773058830010769,-13.445601593563856,-0.07822514215165532,-0.8362862071396855
base_all__q95,base_all,0.95,2026_02,2026-02-01 00:00:00+00:00,2026-03-01 00:00:00+00:00,27,28.0,0.9642857142857143,-0.024100316417604017,-0.2724063218746161,0.48148148148148145,0.9321279698754268,-6.4628800812983584,-0.06862859893619078,-0.522463641101526
base_all__q95,base_all,0.95,2026_03,2026-03-01 00:00:00+00:00,2026-04-01 00:00:00+00:00,23,31.0,0.7419354838709677,0.09251291805203365,1.8342750925043312,0.5652173913043478,1.669125637402507,40.23367354566881,-0.06098770707795187,3.516107598020082
base_all__q95,base_all,0.95,2026_04,2026-04-01 00:00:00+00:00,2026-05-01 00:00:00+00:00,18,30.0,0.6,-0.0415836920263396,-0.40354726065947977,0.3888888888888889,0.6611891280891742,-22.679313665509596,-0.0790468018653846,-2.445065252060921
base_all__q95,base_all,0.95,2026_05,2026-05-01 00:00:00+00:00,2026-06-01 00:00:00+00:00,16,31.0,0.5161290322580645,-0.051692309076893705,-0.4647011921776243,0.4375,0.6580031354996865,-31.704969879116256,-0.0784017914859404,-2.509948363152752
base_all__q95,base_all,0.95,2026_06,2026-06-01 00:00:00+00:00,2026-06-26 04:20:00+00:00,30,25.180555555555557,1.1913954771097628,0.13910479465184222,5.605537571409569,0.6333333333333333,1.6055150024662115,46.268090173957376,-0.07908712568689402,4.01873490013714
no_wick__q80,no_wick,0.8,2025_06_partial,2025-06-26 04:20:00+00:00,2025-07-01 00:00:00+00:00,8,4.819444444444445,1.659942363112392,-0.025112247241397156,-0.8542934209069197,0.375,0.5690106411832168,-31.015792653623738,-0.04304311502599234,-5.920352647792736
no_wick__q80,no_wick,0.8,2025_07,2025-07-01 00:00:00+00:00,2025-08-01 00:00:00+00:00,46,31.0,1.4838709677419355,-0.01173775667405319,-0.12978947740927127,0.5,0.9831240877092957,-1.2023802131940293,-0.09842346047453476,-0.16743523383455208
no_wick__q80,no_wick,0.8,2025_08,2025-08-01 00:00:00+00:00,2025-09-01 00:00:00+00:00,60,31.0,1.935483870967742,0.030584731647605334,0.425771939719501,0.5666666666666667,1.0975123945432772,6.07541242279072,-0.12923010221564302,1.1037906735382
no_wick__q80,no_wick,0.8,2025_09,2025-09-01 00:00:00+00:00,2025-10-01 00:00:00+00:00,50,30.0,1.6666666666666667,0.2719625812385731,17.66828462237491,0.68,2.66313258617459,49.09955812012309,-0.043753341099357024,9.030288776270256
no_wick__q80,no_wick,0.8,2025_10,2025-10-01 00:00:00+00:00,2025-11-01 00:00:00+00:00,57,31.0,1.8387096774193548,-0.0035763268494559686,-0.04130648295904904,0.5087719298245614,1.017772306679284,1.5285807755400558,-0.14767560834400462,0.18879091015617663
no_wick__q80,no_wick,0.8,2025_11,2025-11-01 00:00:00+00:00,2025-12-01 00:00:00+00:00,52,30.0,1.7333333333333334,0.12512858891494183,3.1971995103912176,0.6346153846153846,1.394048841455517,24.58351649720279,-0.09759990950582864,3.1426068250590076
no_wick__q80,no_wick,0.8,2025_12,2025-12-01 00:00:00+00:00,2026-01-01 00:00:00+00:00,47,31.0,1.5161290322580645,0.0966550295153652,1.9634141108371774,0.6170212765957447,1.3106552075841744,21.59085921199551,-0.11022387644672149,2.5422176254181506
no_wick__q80,no_wick,0.8,2026_01,2026-01-01 00:00:00+00:00,2026-02-01 00:00:00+00:00,47,31.0,1.5161290322580645,0.08473703745618066,1.6056563363961405,0.5531914893617021,1.3149284531631815,18.705936134205405,-0.07043628222543052,2.617618196388473
no_wick__q80,no_wick,0.8,2026_02,2026-02-01 00:00:00+00:00,2026-03-01 00:00:00+00:00,44,28.0,1.5714285714285714,0.08914144183662565,2.04382809355859,0.5681818181818182,1.2836946268714027,21.39615113130727,-0.10180863197816392,2.548983181874889
no_wick__q80,no_wick,0.8,2026_03,2026-03-01 00:00:00+00:00,2026-04-01 00:00:00+00:00,44,31.0,1.4193548387096775,0.09821123369127527,2.0133074640339026,0.6136363636363636,1.4196131332272575,22.40510628245054,-0.09057583257398105,3.4146716192599147
no_wick__q80,no_wick,0.8,2026_04,2026-04-01 00:00:00+00:00,2026-05-01 00:00:00+00:00,26,30.0,0.8666666666666667,-0.08510813908789683,-0.6611567834896797,0.3076923076923077,0.5974265025935226,-32.89781794537993,-0.09469207194647167,-3.5923696867350587
no_wick__q80,no_wick,0.8,2026_05,2026-05-01 00:00:00+00:00,2026-06-01 00:00:00+00:00,39,31.0,1.2580645161290323,-0.008712594705921561,-0.09790304391332816,0.5128205128205128,0.9854783575371472,-1.0262776755283343,-0.1098971009125621,-0.13925626315667322
no_wick__q80,no_wick,0.8,2026_06,2026-06-01 00:00:00+00:00,2026-06-26 04:20:00+00:00,42,25.180555555555557,1.667953667953668,0.2169449642003467,16.219828369142768,0.5476190476190477,1.6135989682662946,49.80284379513325,-0.09015273621555908,4.976245415706514
no_wick__q85,no_wick,0.85,2025_06_partial,2025-06-26 04:20:00+00:00,2025-07-01 00:00:00+00:00,7,4.819444444444445,1.4524495677233429,0.00798093159682911,0.8258316829360981,0.5714285714285714,1.2173072178677864,12.29096569826162,-0.029901839776104167,1.9210303228854069
no_wick__q85,no_wick,0.85,2025_07,2025-07-01 00:00:00+00:00,2025-08-01 00:00:00+00:00,36,31.0,1.1612903225806452,-0.06845827214477229,-0.5661075633513831,0.4722222222222222,0.7826775246825672,-18.09961806151083,-0.0977277625254751,-2.0627232407123057
no_wick__q85,no_wick,0.85,2025_08,2025-08-01 00:00:00+00:00,2025-09-01 00:00:00+00:00,49,31.0,1.5806451612903225,-0.07697671472337275,-0.6105900064848957,0.5102040816326531,0.774403301813168,-15.443210008244318,-0.11243073705275408,-2.7522171931293657
no_wick__q85,no_wick,0.85,2025_09,2025-09-01 00:00:00+00:00,2025-10-01 00:00:00+00:00,44,30.0,1.4666666666666666,0.29213139609454775,21.606392405708377,0.75,3.5421486184452315,59.251986030884574,-0.026269946456614512,10.42549088226097
no_wick__q85,no_wick,0.85,2025_10,2025-10-01 00:00:00+00:00,2025-11-01 00:00:00+00:00,51,31.0,1.6451612903225807,0.03404922678874911,0.4832387755818146,0.49019607843137253,1.1037645011481,8.963622691561529,-0.13294507413672174,0.9906397838856605
no_wick__q85,no_wick,0.85,2025_11,2025-11-01 00:00:00+00:00,2025-12-01 00:00:00+00:00,44,30.0,1.4666666666666666,-0.018499081966303343,-0.20322266180101867,0.5909090909090909,0.972577449047717,-2.2247238234237114,-0.14904386524680535,-0.2528500333697411
no_wick__q85,no_wick,0.85,2025_12,2025-12-01 00:00:00+00:00,2026-01-01 00:00:00+00:00,39,31.0,1.2580645161290323,0.005793842411026873,0.07038774389776092,0.5641025641025641,1.0423508941329955,3.557000689568862,-0.18076229420897605,0.3688285061555809
no_wick__q85,no_wick,0.85,2026_01,2026-01-01 00:00:00+00:00,2026-02-01 00:00:00+00:00,41,31.0,1.3225806451612903,0.12215013371263628,2.8842730862227945,0.6097560975609756,1.516252141448772,29.479139939281175,-0.041602857897627854,3.9252443698802395
no_wick__q85,no_wick,0.85,2026_02,2026-02-01 00:00:00+00:00,2026-03-01 00:00:00+00:00,40,28.0,1.4285714285714286,-0.037328379417806534,-0.3909876039931197,0.475,0.9096441658687303,-7.727216649751637,-0.13704465323971582,-0.9225993537170749
no_wick__q85,no_wick,0.85,2026_03,2026-03-01 00:00:00+00:00,2026-04-01 00:00:00+00:00,36,31.0,1.1612903225806452,0.08336346996556432,1.5670717882280938,0.6111111111111112,1.398566844504653,23.7417348350312,-0.0627861403049067,2.805722835580258
no_wick__q85,no_wick,0.85,2026_04,2026-04-01 00:00:00+00:00,2026-05-01 00:00:00+00:00,22,30.0,0.7333333333333333,-0.11544039045727605,-0.7751740471428679,0.2727272727272727,0.3462462320334688,-54.99327777650084,-0.11687398953833728,-7.960461107785525
no_wick__q85,no_wick,0.85,2026_05,2026-05-01 00:00:00+00:00,2026-06-01 00:00:00+00:00,31,31.0,1.0,-0.020765020541473,-0.21891047107544892,0.5161290322580645,0.9279846370119039,-5.416697839120875,-0.12038239370249382,-0.6204138417886879
no_wick__q85,no_wick,0.85,2026_06,2026-06-01 00:00:00+00:00,2026-06-26 04:20:00+00:00,40,25.180555555555557,1.588527302813017,0.41025195317269225,144.91580531600096,0.725,2.4358212472965426,89.10867587835972,-0.07382103690631392,8.918439313171941
no_wick__q90,no_wick,0.9,2025_06_partial,2025-06-26 04:20:00+00:00,2025-07-01 00:00:00+00:00,3,4.819444444444445,0.6224783861671469,0.061125244699740566,88.4197907733446,1.0,inf,200.7319244918083,0.005353844592895118,17.28571544364646
no_wick__q90,no_wick,0.9,2025_07,2025-07-01 00:00:00+00:00,2025-08-01 00:00:00+00:00,27,31.0,0.8709677419354839,0.07879518681179687,1.4424751999314895,0.6296296296296297,1.6089381645040615,29.308369839935324,-0.041448595097736574,3.3264482928722723
no_wick__q90,no_wick,0.9,2025_08,2025-08-01 00:00:00+00:00,2025-09-01 00:00:00+00:00,41,31.0,1.3225806451612903,0.004627337245836083,0.05586200100991623,0.5609756097560976,1.0344821647128353,1.974224913852757,-0.08498939818432638,0.3289190136738311
no_wick__q90,no_wick,0.9,2025_09,2025-09-01 00:00:00+00:00,2025-10-01 00:00:00+00:00,37,30.0,1.2333333333333334,0.20100141481200517,8.284948117624756,0.7837837837837838,2.724771949903962,50.48129547611642,-0.04057123522479511,8.086112662856108
no_wick__q90,no_wick,0.9,2025_10,2025-10-01 00:00:00+00:00,2025-11-01 00:00:00+00:00,42,31.0,1.3548387096774193,0.03890111148641795,0.567284963963602,0.47619047619047616,1.1251049675543778,12.040978566445881,-0.1428842798960115,1.084382116059331
no_wick__q90,no_wick,0.9,2025_11,2025-11-01 00:00:00+00:00,2025-12-01 00:00:00+00:00,41,30.0,1.3666666666666667,0.01239204043023423,0.16165219624767269,0.5609756097560976,1.0593596330461388,5.423721108227355,-0.1121414401772366,0.5430509667077269
no_wick__q90,no_wick,0.9,2025_12,2025-12-01 00:00:00+00:00,2026-01-01 00:00:00+00:00,24,31.0,0.7741935483870968,0.08483685167805977,1.6084807712062785,0.5416666666666666,1.4665938891927437,36.77349868126277,-0.07222379170784421,2.554783722150394
no_wick__q90,no_wick,0.9,2026_01,2026-01-01 00:00:00+00:00,2026-02-01 00:00:00+00:00,35,31.0,1.1290322580645162,0.11936620612785909,2.7723159449457278,0.5714285714285714,1.4966238514471104,34.237068922769105,-0.05243971961357985,3.4436017139093
no_wick__q90,no_wick,0.9,2026_02,2026-02-01 00:00:00+00:00,2026-03-01 00:00:00+00:00,28,28.0,1.0,0.02107277846668887,0.31238279936093694,0.4642857142857143,1.121631586752617,9.212402673465268,-0.10660590783521318,0.9175022824321203
no_wick__q90,no_wick,0.9,2026_03,2026-03-01 00:00:00+00:00,2026-04-01 00:00:00+00:00,23,31.0,0.7419354838709677,0.06846617045677794,1.180895946778937,0.6956521739130435,1.4743045434355968,30.798903186147395,-0.08338233477296464,2.501319144835403
no_wick__q90,no_wick,0.9,2026_04,2026-04-01 00:00:00+00:00,2026-05-01 00:00:00+00:00,13,30.0,0.43333333333333335,-0.05410556639659869,-0.49174013686960283,0.3076923076923077,0.287891633180215,-42.40211923137223,-0.05410556639659869,-6.670803277941918
no_wick__q90,no_wick,0.9,2026_05,2026-05-01 00:00:00+00:00,2026-06-01 00:00:00+00:00,18,31.0,0.5806451612903226,0.06304764354060888,1.0541727885573011,0.6111111111111112,1.5665347542454318,35.46664088504262,-0.035207112144499564,2.9577523656106086
no_wick__q90,no_wick,0.9,2026_06,2026-06-01 00:00:00+00:00,2026-06-26 04:20:00+00:00,34,25.180555555555557,1.3502482073910644,0.2206948551775738,17.005165180860843,0.7058823529411765,1.9604608462470292,60.930981522500126,-0.05646668831693158,6.488590031521803
no_wick__q95,no_wick,0.95,2025_06_partial,2025-06-26 04:20:00+00:00,2025-07-01 00:00:00+00:00,2,4.819444444444445,0.414985590778098,0.001664341633610178,0.13421855949782846,0.5,1.1381448346036898,9.368618030326541,-0.013563472072196214,0.5622707266312323
no_wick__q95,no_wick,0.95,2025_07,2025-07-01 00:00:00+00:00,2025-08-01 00:00:00+00:00,18,31.0,0.5806451612903226,-0.02104951881964101,-0.2215782208931908,0.5,0.8849474762696874,-9.931843354717243,-0.056331867132215385,-0.7223302191027561
no_wick__q95,no_wick,0.95,2025_08,2025-08-01 00:00:00+00:00,2025-09-01 00:00:00+00:00,25,31.0,0.8064516129032258,0.04179217235304833,0.6194143931314029,0.52,1.2508485984495215,17.852187604509567,-0.09627391835223165,1.7528599753316856
no_wick__q95,no_wick,0.95,2025_09,2025-09-01 00:00:00+00:00,2025-10-01 00:00:00+00:00,27,30.0,0.9,0.10725656107840309,2.454250738031679,0.7777777777777778,2.0365343955806177,38.78380963982204,-0.055743808385915306,4.939505194931603
no_wick__q95,no_wick,0.95,2025_10,2025-10-01 00:00:00+00:00,2025-11-01 00:00:00+00:00,36,31.0,1.1612903225806452,0.07888075433549235,1.444757206424991,0.4722222222222222,1.2421469655253035,24.337795008372222,-0.11638644421481581,1.9370147683838297
no_wick__q95,no_wick,0.95,2025_11,2025-11-01 00:00:00+00:00,2025-12-01 00:00:00+00:00,30,30.0,1.0,0.1236373124796426,3.1300139636350144,0.5666666666666667,1.4952331227521054,41.93095072044823,-0.052448341280023736,3.2016176776323304
no_wick__q95,no_wick,0.95,2025_12,2025-12-01 00:00:00+00:00,2026-01-01 00:00:00+00:00,19,31.0,0.6129032258064516,-0.04062554276956665,-0.3863439658373172,0.42105263157894735,0.8320782112556044,-18.91119427655968,-0.09227094647985623,-1.1419874724685726
no_wick__q95,no_wick,0.95,2026_01,2026-01-01 00:00:00+00:00,2026-02-01 00:00:00+00:00,12,31.0,0.3870967741935484,0.01049981166995484,0.13086439692875218,0.5,1.1096144526194631,11.82255737272734,-0.04764300247906017,0.5366777455731484
no_wick__q95,no_wick,0.95,2026_02,2026-02-01 00:00:00+00:00,2026-03-01 00:00:00+00:00,20,28.0,0.7142857142857143,0.00016646747224702274,0.0021721976173847413,0.45,1.0305913536091025,3.2063005844816908,-0.06369419495714723,0.2007803777371189
no_wick__q95,no_wick,0.95,2026_03,2026-03-01 00:00:00+00:00,2026-04-01 00:00:00+00:00,12,31.0,0.3870967741935484,0.11759380482263038,2.7025846190206515,0.8333333333333334,3.998427648574416,94.2339908218409,-0.024562037810535453,7.054410233016939
no_wick__q95,no_wick,0.95,2026_04,2026-04-01 00:00:00+00:00,2026-05-01 00:00:00+00:00,4,30.0,0.13333333333333333,-0.004091521303550727,-0.0486586023787251,0.5,0.7624135483314006,-9.885656194947657,-0.013563472072196214,-0.7060231905069553
no_wick__q95,no_wick,0.95,2026_05,2026-05-01 00:00:00+00:00,2026-06-01 00:00:00+00:00,9,31.0,0.2903225806451613,0.012054016077136964,0.1515141628101735,0.5555555555555556,1.1836489640400907,15.076651029776652,-0.04934038398147156,0.7821215324372451
no_wick__q95,no_wick,0.95,2026_06,2026-06-01 00:00:00+00:00,2026-06-26 04:20:00+00:00,21,25.180555555555557,0.833976833976834,0.2635850466552485,28.702196675458186,0.7142857142857143,2.5098644114268662,116.05008823909635,-0.04057123522479522,6.937836169287996
no_wick_no_breakout__q80,no_wick_no_breakout,0.8,2025_06_partial,2025-06-26 04:20:00+00:00,2025-07-01 00:00:00+00:00,8,4.819444444444445,1.659942363112392,0.03103239496448329,9.119912380957285,0.625,2.136306990805195,38.98221344023707,-0.017900780926447313,7.517799294426656
no_wick_no_breakout__q80,no_wick_no_breakout,0.8,2025_07,2025-07-01 00:00:00+00:00,2025-08-01 00:00:00+00:00,42,31.0,1.3548387096774193,0.022658175089635968,0.3018733138533105,0.5238095238095238,1.0983107789629005,6.881582052761272,-0.0716471009985784,0.8587638355620562
no_wick_no_breakout__q80,no_wick_no_breakout,0.8,2025_08,2025-08-01 00:00:00+00:00,2025-09-01 00:00:00+00:00,58,31.0,1.8709677419354838,0.07192571938732906,1.2655044222336094,0.5862068965517241,1.2255447287850716,13.018236268891966,-0.10658438147531135,2.34445869562046
no_wick_no_breakout__q80,no_wick_no_breakout,0.8,2025_09,2025-09-01 00:00:00+00:00,2025-10-01 00:00:00+00:00,47,30.0,1.5666666666666667,0.3499049886298551,37.49068392484229,0.7446808510638298,4.355215663523762,64.79364464308497,-0.022486051444156607,12.406434058362516
no_wick_no_breakout__q80,no_wick_no_breakout,0.8,2025_10,2025-10-01 00:00:00+00:00,2025-11-01 00:00:00+00:00,55,31.0,1.7741935483870968,0.0966750765987896,1.9640520032647077,0.5272727272727272,1.237308160024046,19.28333645596176,-0.13049653661004745,2.1703175840483833
no_wick_no_breakout__q80,no_wick_no_breakout,0.8,2025_11,2025-11-01 00:00:00+00:00,2025-12-01 00:00:00+00:00,50,30.0,1.6666666666666667,0.11841343572316942,2.902374133826312,0.64,1.3783595609765364,24.381255897143546,-0.09966060990656578,2.9859310499149316
no_wick_no_breakout__q80,no_wick_no_breakout,0.8,2025_12,2025-12-01 00:00:00+00:00,2026-01-01 00:00:00+00:00,44,31.0,1.4193548387096775,0.023585799973145027,0.31584552211711636,0.6136363636363636,1.095049063533124,7.150084721115168,-0.15269613330140652,0.8357287758377293
no_wick_no_breakout__q80,no_wick_no_breakout,0.8,2026_01,2026-01-01 00:00:00+00:00,2026-02-01 00:00:00+00:00,42,31.0,1.3548387096774193,0.1835547771831889,6.2733409788539936,0.6190476190476191,1.8337796006065357,41.4934784280616,-0.0547805945353238,5.6772720059419335
no_wick_no_breakout__q80,no_wick_no_breakout,0.8,2026_02,2026-02-01 00:00:00+00:00,2026-03-01 00:00:00+00:00,42,28.0,1.5,-0.02899640233322265,-0.31858057672005413,0.5,0.9358781497714845,-5.254602775030911,-0.1372261140411608,-0.6490575374508954
no_wick_no_breakout__q80,no_wick_no_breakout,0.8,2026_03,2026-03-01 00:00:00+00:00,2026-04-01 00:00:00+00:00,49,31.0,1.5806451612903225,0.24944094522332017,12.764161880280222,0.6938775510204082,1.9792675471248433,46.72204038134407,-0.035921879053232075,7.257367104415571
no_wick_no_breakout__q80,no_wick_no_breakout,0.8,2026_04,2026-04-01 00:00:00+00:00,2026-05-01 00:00:00+00:00,25,30.0,0.8333333333333334,-0.09986555412786569,-0.7219818558139074,0.28,0.5136260653009419,-40.79536061024092,-0.10132439522858128,-4.459788287439344
no_wick_no_breakout__q80,no_wick_no_breakout,0.8,2026_05,2026-05-01 00:00:00+00:00,2026-06-01 00:00:00+00:00,38,31.0,1.2258064516129032,0.019346970601942237,0.25309867095612293,0.5263157894736842,1.0946636855508973,6.2564344364587345,-0.10829986588525253,0.8397295919499913
no_wick_no_breakout__q80,no_wick_no_breakout,0.8,2026_06,2026-06-01 00:00:00+00:00,2026-06-26 04:20:00+00:00,45,25.180555555555557,1.7870932156646442,0.3424256333498832,70.41818863728595,0.6666666666666666,1.943941118374356,68.4844013666455,-0.052448341280023736,7.239195085002881
no_wick_no_breakout__q85,no_wick_no_breakout,0.85,2025_06_partial,2025-06-26 04:20:00+00:00,2025-07-01 00:00:00+00:00,7,4.819444444444445,1.4524495677233429,0.06603143904726694,125.81140940029374,0.8571428571428571,7.8248373749274345,92.28868694838825,-0.009465731901715624,19.167245174432882
no_wick_no_breakout__q85,no_wick_no_breakout,0.85,2025_07,2025-07-01 00:00:00+00:00,2025-08-01 00:00:00+00:00,35,31.0,1.1290322580645162,0.002529216867545925,0.030188600653961783,0.5142857142857142,1.0329499111247886,2.5021792068857773,-0.07685293922476966,0.26455082488905696
no_wick_no_breakout__q85,no_wick_no_breakout,0.85,2025_08,2025-08-01 00:00:00+00:00,2025-09-01 00:00:00+00:00,47,31.0,1.5161290322580645,-0.012612092597372726,-0.13881126867653548,0.5531914893617021,0.9692138614908234,-1.8328122906467175,-0.061806132229829225,-0.32408319323134277
no_wick_no_breakout__q85,no_wick_no_breakout,0.85,2025_09,2025-09-01 00:00:00+00:00,2025-10-01 00:00:00+00:00,40,30.0,1.3333333333333333,0.36235861306508865,42.04068833518468,0.775,4.473509541098396,78.72263946886494,-0.022486051444156607,11.359426800075495
no_wick_no_breakout__q85,no_wick_no_breakout,0.85,2025_10,2025-10-01 00:00:00+00:00,2025-11-01 00:00:00+00:00,49,31.0,1.5806451612903225,0.03862332247663014,0.5623578284713635,0.4897959183673469,1.1180973924595403,10.192200602112038,-0.1261610546493399,1.0901591792144423
no_wick_no_breakout__q85,no_wick_no_breakout,0.85,2025_11,2025-11-01 00:00:00+00:00,2025-12-01 00:00:00+00:00,42,30.0,1.4,-0.015360794126316524,-0.17166690699288234,0.5952380952380952,0.9810594421172864,-1.5781979997034852,-0.1463229861920935,-0.17142299136111722
no_wick_no_breakout__q85,no_wick_no_breakout,0.85,2025_12,2025-12-01 00:00:00+00:00,2026-01-01 00:00:00+00:00,39,31.0,1.2580645161290323,0.005793842411026873,0.07038774389776092,0.5641025641025641,1.0423508941329955,3.557000689568862,-0.18076229420897605,0.3688285061555809
no_wick_no_breakout__q85,no_wick_no_breakout,0.85,2026_01,2026-01-01 00:00:00+00:00,2026-02-01 00:00:00+00:00,39,31.0,1.2580645161290323,0.07640366604613225,1.3794786884715378,0.5897435897435898,1.285470609233489,20.552869539277744,-0.04745770943961536,2.389945958219457
no_wick_no_breakout__q85,no_wick_no_breakout,0.85,2026_02,2026-02-01 00:00:00+00:00,2026-03-01 00:00:00+00:00,39,28.0,1.3928571428571428,-0.04502356121256801,-0.4514831285739802,0.46153846153846156,0.8825492813328806,-10.036815792801693,-0.12254238300484899,-1.1862451744730147
no_wick_no_breakout__q85,no_wick_no_breakout,0.85,2026_03,2026-03-01 00:00:00+00:00,2026-04-01 00:00:00+00:00,36,31.0,1.1612903225806452,0.11231144967118722,2.5016978635760188,0.6666666666666666,1.5906430968910703,30.93658395864542,-0.08338233477296464,3.8572857799701645
no_wick_no_breakout__q85,no_wick_no_breakout,0.85,2026_04,2026-04-01 00:00:00+00:00,2026-05-01 00:00:00+00:00,21,30.0,0.7,-0.1297085393427636,-0.8155321070849705,0.23809523809523808,0.24601913448952592,-65.44727903615065,-0.13111901414264593,-10.309963517765905
no_wick_no_breakout__q85,no_wick_no_breakout,0.85,2026_05,2026-05-01 00:00:00+00:00,2026-06-01 00:00:00+00:00,27,31.0,0.8709677419354839,0.013237830141074491,0.16747364178934943,0.5185185185185185,1.0871313557829099,6.284024042645706,-0.12038239370249393,0.6552580357961368
no_wick_no_breakout__q85,no_wick_no_breakout,0.85,2026_06,2026-06-01 00:00:00+00:00,2026-06-26 04:20:00+00:00,42,25.180555555555557,1.667953667953668,0.2826016628121433,35.88283591405221,0.6428571428571429,1.8234271377105986,62.379871499850594,-0.07382103690631381,6.236507448934819
no_wick_no_breakout__q90,no_wick_no_breakout,0.9,2025_06_partial,2025-06-26 04:20:00+00:00,2025-07-01 00:00:00+00:00,3,4.819444444444445,0.6224783861671469,0.061125244699740566,88.4197907733446,1.0,inf,200.7319244918083,0.005353844592895118,17.28571544364646
no_wick_no_breakout__q90,no_wick_no_breakout,0.9,2025_07,2025-07-01 00:00:00+00:00,2025-08-01 00:00:00+00:00,21,31.0,0.6774193548387096,0.0192581620935508,0.2518138424677958,0.47619047619047616,1.151353827261437,10.675668092420873,-0.05460838857090888,0.9150113735655961
no_wick_no_breakout__q90,no_wick_no_breakout,0.9,2025_08,2025-08-01 00:00:00+00:00,2025-09-01 00:00:00+00:00,44,31.0,1.4193548387096775,-0.012781595583128524,-0.14055034028182112,0.5909090909090909,0.9695528837897929,-1.8801164424935108,-0.10309875616527309,-0.29373557793554284
no_wick_no_breakout__q90,no_wick_no_breakout,0.9,2025_09,2025-09-01 00:00:00+00:00,2025-10-01 00:00:00+00:00,37,30.0,1.2333333333333334,0.20100141481200517,8.284948117624756,0.7837837837837838,2.724771949903962,50.48129547611642,-0.04057123522479511,8.086112662856108
no_wick_no_breakout__q90,no_wick_no_breakout,0.9,2025_10,2025-10-01 00:00:00+00:00,2025-11-01 00:00:00+00:00,41,31.0,1.3225806451612903,0.11624321528492265,2.6502426389538765,0.5121951219512195,1.3367671761595654,29.71829131501109,-0.1163015592650345,2.683179690200461
no_wick_no_breakout__q90,no_wick_no_breakout,0.9,2025_11,2025-11-01 00:00:00+00:00,2025-12-01 00:00:00+00:00,40,30.0,1.3333333333333333,0.07789932342154482,1.4909676750486982,0.575,1.247042427831713,21.441651245422033,-0.12400205623346439,2.0134770651492375
no_wick_no_breakout__q90,no_wick_no_breakout,0.9,2025_12,2025-12-01 00:00:00+00:00,2026-01-01 00:00:00+00:00,24,31.0,0.7741935483870968,0.08483685167805977,1.6084807712062785,0.5416666666666666,1.4665938891927437,36.77349868126277,-0.07222379170784421,2.554783722150394
no_wick_no_breakout__q90,no_wick_no_breakout,0.9,2026_01,2026-01-01 00:00:00+00:00,2026-02-01 00:00:00+00:00,35,31.0,1.1290322580645162,0.11936620612785909,2.7723159449457278,0.5714285714285714,1.4966238514471104,34.237068922769105,-0.05243971961357985,3.4436017139093
no_wick_no_breakout__q90,no_wick_no_breakout,0.9,2026_02,2026-02-01 00:00:00+00:00,2026-03-01 00:00:00+00:00,28,28.0,1.0,0.02107277846668887,0.31238279936093694,0.4642857142857143,1.121631586752617,9.212402673465268,-0.10660590783521318,0.9175022824321203
no_wick_no_breakout__q90,no_wick_no_breakout,0.9,2026_03,2026-03-01 00:00:00+00:00,2026-04-01 00:00:00+00:00,16,31.0,0.5161290322580645,0.0863132873518051,1.6505878847043824,0.8125,2.093150320112633,53.48552069737137,-0.04407363205976533,3.9801419847450785
no_wick_no_breakout__q90,no_wick_no_breakout,0.9,2026_04,2026-04-01 00:00:00+00:00,2026-05-01 00:00:00+00:00,13,30.0,0.43333333333333335,-0.05410556639659869,-0.49174013686960283,0.3076923076923077,0.287891633180215,-42.40211923137223,-0.05410556639659869,-6.670803277941918
no_wick_no_breakout__q90,no_wick_no_breakout,0.9,2026_05,2026-05-01 00:00:00+00:00,2026-06-01 00:00:00+00:00,18,31.0,0.5806451612903226,0.06304764354060888,1.0541727885573011,0.6111111111111112,1.5665347542454318,35.46664088504262,-0.035207112144499564,2.9577523656106086
no_wick_no_breakout__q90,no_wick_no_breakout,0.9,2026_06,2026-06-01 00:00:00+00:00,2026-06-26 04:20:00+00:00,35,25.180555555555557,1.3899613899613898,0.14427083876712388,6.0533207640626046,0.6571428571428571,1.5475587062280545,40.80275963659549,-0.07601764567733915,4.290946183284225
no_wick_no_breakout__q95,no_wick_no_breakout,0.95,2025_06_partial,2025-06-26 04:20:00+00:00,2025-07-01 00:00:00+00:00,2,4.819444444444445,0.414985590778098,0.001664341633610178,0.13421855949782846,0.5,1.1381448346036898,9.368618030326541,-0.013563472072196214,0.5622707266312323
no_wick_no_breakout__q95,no_wick_no_breakout,0.95,2025_07,2025-07-01 00:00:00+00:00,2025-08-01 00:00:00+00:00,18,31.0,0.5806451612903226,-0.02104951881964101,-0.2215782208931908,0.5,0.8849474762696874,-9.931843354717243,-0.056331867132215385,-0.7223302191027561
no_wick_no_breakout__q95,no_wick_no_breakout,0.95,2025_08,2025-08-01 00:00:00+00:00,2025-09-01 00:00:00+00:00,25,31.0,0.8064516129032258,0.04179217235304833,0.6194143931314029,0.52,1.2508485984495215,17.852187604509567,-0.09627391835223165,1.7528599753316856
no_wick_no_breakout__q95,no_wick_no_breakout,0.95,2025_09,2025-09-01 00:00:00+00:00,2025-10-01 00:00:00+00:00,27,30.0,0.9,0.10725656107840309,2.454250738031679,0.7777777777777778,2.0365343955806177,38.78380963982204,-0.055743808385915306,4.939505194931603
no_wick_no_breakout__q95,no_wick_no_breakout,0.95,2025_10,2025-10-01 00:00:00+00:00,2025-11-01 00:00:00+00:00,31,31.0,1.0,0.11016589344631056,2.4229904950090475,0.4838709677419355,1.4142159367606555,36.62720776814523,-0.04909115406941478,2.869366652545217
no_wick_no_breakout__q95,no_wick_no_breakout,0.95,2025_11,2025-11-01 00:00:00+00:00,2025-12-01 00:00:00+00:00,27,30.0,0.9,0.12714659205022683,3.289712907634603,0.5555555555555556,1.5681639827985707,47.417839273383564,-0.055374282943093656,3.439194889197962
no_wick_no_breakout__q95,no_wick_no_breakout,0.95,2025_12,2025-12-01 00:00:00+00:00,2026-01-01 00:00:00+00:00,13,31.0,0.41935483870967744,-0.028229125063353733,-0.28620303015809023,0.46153846153846156,0.8617380539332256,-18.263394780972884,-0.07278434843729231,-0.7925220476045008
no_wick_no_breakout__q95,no_wick_no_breakout,0.95,2026_01,2026-01-01 00:00:00+00:00,2026-02-01 00:00:00+00:00,12,31.0,0.3870967741935484,0.01049981166995484,0.13086439692875218,0.5,1.1096144526194631,11.82255737272734,-0.04764300247906017,0.5366777455731484
no_wick_no_breakout__q95,no_wick_no_breakout,0.95,2026_02,2026-02-01 00:00:00+00:00,2026-03-01 00:00:00+00:00,20,28.0,0.7142857142857143,0.030194219634180897,0.47370246675127836,0.45,1.1967553598881766,17.758784016676152,-0.04471369421876925,1.158550797332106
no_wick_no_breakout__q95,no_wick_no_breakout,0.95,2026_03,2026-03-01 00:00:00+00:00,2026-04-01 00:00:00+00:00,12,31.0,0.3870967741935484,0.11759380482263038,2.7025846190206515,0.8333333333333334,3.998427648574416,94.2339908218409,-0.024562037810535453,7.054410233016939
no_wick_no_breakout__q95,no_wick_no_breakout,0.95,2026_04,2026-04-01 00:00:00+00:00,2026-05-01 00:00:00+00:00,3,30.0,0.1,0.00960218980185501,0.12329834876925272,0.6666666666666666,4.11987748747135,32.03069864739043,-0.003079995811631986,3.151692784941215
no_wick_no_breakout__q95,no_wick_no_breakout,0.95,2026_05,2026-05-01 00:00:00+00:00,2026-06-01 00:00:00+00:00,9,31.0,0.2903225806451613,0.012054016077136964,0.1515141628101735,0.5555555555555556,1.1836489640400907,15.076651029776652,-0.04934038398147156,0.7821215324372451
no_wick_no_breakout__q95,no_wick_no_breakout,0.95,2026_06,2026-06-01 00:00:00+00:00,2026-06-26 04:20:00+00:00,21,25.180555555555557,0.833976833976834,0.2635850466552485,28.702196675458186,0.7142857142857143,2.5098644114268662,116.05008823909635,-0.04057123522479522,6.937836169287996
core_bb_vwap_macd__q80,core_bb_vwap_macd,0.8,2025_06_partial,2025-06-26 04:20:00+00:00,2025-07-01 00:00:00+00:00,6,4.819444444444445,1.2449567723342938,0.027263574181761507,6.668780832785476,0.5,2.446276122857905,45.54285631438957,-0.009465731901715624,8.000346104078377
core_bb_vwap_macd__q80,core_bb_vwap_macd,0.8,2025_07,2025-07-01 00:00:00+00:00,2025-08-01 00:00:00+00:00,44,31.0,1.4193548387096775,0.04038916016675276,0.5939213824184824,0.5227272727272727,1.136758523663959,10.815847592974867,-0.07541389488475814,1.2771108191100113
core_bb_vwap_macd__q80,core_bb_vwap_macd,0.8,2025_08,2025-08-01 00:00:00+00:00,2025-09-01 00:00:00+00:00,46,31.0,1.4838709677419355,-0.050159447594860795,-0.45442419403185097,0.5434782608695652,0.8766199527721923,-9.815475631792095,-0.1267460593269475,-1.3716360284948155
core_bb_vwap_macd__q80,core_bb_vwap_macd,0.8,2025_09,2025-09-01 00:00:00+00:00,2025-10-01 00:00:00+00:00,41,30.0,1.3666666666666667,0.13225271081758394,3.5322200857302857,0.5853658536585366,1.5221503200111104,32.33671248222189,-0.069892250367245,3.5574465715414565
core_bb_vwap_macd__q80,core_bb_vwap_macd,0.8,2025_10,2025-10-01 00:00:00+00:00,2025-11-01 00:00:00+00:00,51,31.0,1.6451612903225807,-0.08436236880517012,-0.6457363046759217,0.45098039215686275,0.8399186306963218,-15.182631424434508,-0.19553141447943545,-1.8018688665696463
core_bb_vwap_macd__q80,core_bb_vwap_macd,0.8,2025_11,2025-11-01 00:00:00+00:00,2025-12-01 00:00:00+00:00,44,30.0,1.4666666666666666,-0.0029170613126286993,-0.034918551012285914,0.5454545454545454,1.0203506610730444,1.8429296041690528,-0.16812732296452748,0.18758467802876036
core_bb_vwap_macd__q80,core_bb_vwap_macd,0.8,2025_12,2025-12-01 00:00:00+00:00,2026-01-01 00:00:00+00:00,42,31.0,1.3548387096774193,0.09362033762693844,1.8682870517289132,0.6428571428571429,1.3476592125104463,23.080169062083808,-0.11507089022356232,2.7082475906743615
core_bb_vwap_macd__q80,core_bb_vwap_macd,0.8,2026_01,2026-01-01 00:00:00+00:00,2026-02-01 00:00:00+00:00,37,31.0,1.1935483870967742,0.16591949911736692,5.094928216464089,0.6756756756756757,1.854657163296467,42.945544727220856,-0.059263545806222506,5.356973631785011
core_bb_vwap_macd__q80,core_bb_vwap_macd,0.8,2026_02,2026-02-01 00:00:00+00:00,2026-03-01 00:00:00+00:00,34,28.0,1.2142857142857142,0.029931849147604828,0.46881734923350016,0.5588235294117647,1.134438065429426,10.639128437214952,-0.08486610564877095,1.113326062110009
core_bb_vwap_macd__q80,core_bb_vwap_macd,0.8,2026_03,2026-03-01 00:00:00+00:00,2026-04-01 00:00:00+00:00,45,31.0,1.4516129032258065,0.2875662057980881,18.608670829407632,0.7333333333333333,2.4493399418686574,57.35765199374276,-0.032894037481558835,9.086757538456759
core_bb_vwap_macd__q80,core_bb_vwap_macd,0.8,2026_04,2026-04-01 00:00:00+00:00,2026-05-01 00:00:00+00:00,18,30.0,0.6,0.0470457575502119,0.7495064485786587,0.5555555555555556,1.5925750126196836,27.137022190897074,-0.0510688630593098,2.1877559808403393
core_bb_vwap_macd__q80,core_bb_vwap_macd,0.8,2026_05,2026-05-01 00:00:00+00:00,2026-06-01 00:00:00+00:00,26,31.0,0.8387096774193549,-0.011744494425128482,-0.12985932996637117,0.5,0.9552461484346253,-3.19390128438952,-0.0913233337344308,-0.3343481804541383
core_bb_vwap_macd__q80,core_bb_vwap_macd,0.8,2026_06,2026-06-01 00:00:00+00:00,2026-06-26 04:20:00+00:00,41,25.180555555555557,1.6282404853833423,0.2755064608240174,33.03322710494385,0.5609756097560976,1.8397466463450467,62.40516278837253,-0.10538872108594488,6.2329680979248225
core_bb_vwap_macd__q85,core_bb_vwap_macd,0.85,2025_06_partial,2025-06-26 04:20:00+00:00,2025-07-01 00:00:00+00:00,5,4.819444444444445,1.037463976945245,0.03493783491644331,12.47503346006295,0.6,4.026566307703092,69.48180767502714,-0.009465731901715624,11.383048727882173
core_bb_vwap_macd__q85,core_bb_vwap_macd,0.85,2025_07,2025-07-01 00:00:00+00:00,2025-08-01 00:00:00+00:00,34,31.0,1.096774193548387,-0.04879704081524916,-0.44513878867891354,0.4411764705882353,0.8677228940792114,-12.616939761390872,-0.11098522856050763,-1.214456787760158
core_bb_vwap_macd__q85,core_bb_vwap_macd,0.85,2025_08,2025-08-01 00:00:00+00:00,2025-09-01 00:00:00+00:00,41,31.0,1.3225806451612903,-0.05516512378884486,-0.48733250466879596,0.5365853658536586,0.8341402854359194,-12.613894703804604,-0.10409455363017561,-1.7610370115926914
core_bb_vwap_macd__q85,core_bb_vwap_macd,0.85,2025_09,2025-09-01 00:00:00+00:00,2025-10-01 00:00:00+00:00,34,30.0,1.1333333333333333,0.2783379627745659,18.83912515617033,0.7352941176470589,2.764130334901422,74.32602036353393,-0.04057123522479511,7.725230601987368
core_bb_vwap_macd__q85,core_bb_vwap_macd,0.85,2025_10,2025-10-01 00:00:00+00:00,2025-11-01 00:00:00+00:00,40,31.0,1.2903225806451613,0.018973519159496632,0.24770391773350697,0.475,1.0770292902584397,7.330780491221565,-0.17299329896389848,0.682615034373796
core_bb_vwap_macd__q85,core_bb_vwap_macd,0.85,2025_11,2025-11-01 00:00:00+00:00,2025-12-01 00:00:00+00:00,40,30.0,1.3333333333333333,-0.007429153846374548,-0.08673159847453826,0.575,1.005908653777471,0.5429305734899955,-0.15929684802586996,0.05380856977222934
core_bb_vwap_macd__q85,core_bb_vwap_macd,0.85,2025_12,2025-12-01 00:00:00+00:00,2026-01-01 00:00:00+00:00,29,31.0,0.9354838709677419,0.08764707266458394,1.6891604720874382,0.5862068965517241,1.3692833755606892,31.929043970960027,-0.10207531442365114,2.3934521512919695
core_bb_vwap_macd__q85,core_bb_vwap_macd,0.85,2026_01,2026-01-01 00:00:00+00:00,2026-02-01 00:00:00+00:00,29,31.0,0.9354838709677419,0.006456760234636372,0.07872389569440097,0.5862068965517241,1.0479134415653206,4.233322679248589,-0.06550198866210122,0.3842266676536009
core_bb_vwap_macd__q85,core_bb_vwap_macd,0.85,2026_02,2026-02-01 00:00:00+00:00,2026-03-01 00:00:00+00:00,32,28.0,1.1428571428571428,-0.021306734854987575,-0.2447830187337171,0.5,0.9453914578940097,-4.752238702088872,-0.10075073549066083,-0.4800293847678944
core_bb_vwap_macd__q85,core_bb_vwap_macd,0.85,2026_03,2026-03-01 00:00:00+00:00,2026-04-01 00:00:00+00:00,34,31.0,1.096774193548387,0.12662669057489073,3.0706912437477554,0.6764705882352942,1.6968657400029599,36.540515102991,-0.08338233477296464,4.2856953293973765
core_bb_vwap_macd__q85,core_bb_vwap_macd,0.85,2026_04,2026-04-01 00:00:00+00:00,2026-05-01 00:00:00+00:00,9,30.0,0.3,-0.013210255788316139,-0.14938514273088965,0.5555555555555556,0.654112188385956,-14.299793522029255,-0.03019829401416385,-1.4664621591738223
core_bb_vwap_macd__q85,core_bb_vwap_macd,0.85,2026_05,2026-05-01 00:00:00+00:00,2026-06-01 00:00:00+00:00,24,31.0,0.7741935483870968,0.06045471037123429,0.9959479871597199,0.5416666666666666,1.4259103640006776,25.794530347975055,-0.061008399844661776,2.628060654129266
core_bb_vwap_macd__q85,core_bb_vwap_macd,0.85,2026_06,2026-06-01 00:00:00+00:00,2026-06-26 04:20:00+00:00,41,25.180555555555557,1.6282404853833423,0.43940716484981723,195.300519743145,0.7073170731707317,2.5199093437431834,91.9974909365678,-0.07382103690631392,9.379286246340639
core_bb_vwap_macd__q90,core_bb_vwap_macd,0.9,2025_06_partial,2025-06-26 04:20:00+00:00,2025-07-01 00:00:00+00:00,3,4.819444444444445,0.6224783861671469,0.061125244699740566,88.4197907733446,1.0,inf,200.7319244918083,0.005353844592895118,17.28571544364646
core_bb_vwap_macd__q90,core_bb_vwap_macd,0.9,2025_07,2025-07-01 00:00:00+00:00,2025-08-01 00:00:00+00:00,18,31.0,0.5806451612903226,0.11805430350646251,2.7205876160305538,0.5555555555555556,1.9617508000163815,64.52894582486731,-0.04052130972857759,4.202957704608096
core_bb_vwap_macd__q90,core_bb_vwap_macd,0.9,2025_08,2025-08-01 00:00:00+00:00,2025-09-01 00:00:00+00:00,35,31.0,1.1290322580645162,-0.009234481115383941,-0.10347912940361204,0.5714285714285714,0.9756085936983883,-1.583733045563659,-0.059400258244009185,-0.21769624654400926
core_bb_vwap_macd__q90,core_bb_vwap_macd,0.9,2025_09,2025-09-01 00:00:00+00:00,2025-10-01 00:00:00+00:00,24,30.0,0.8,0.1750764963607052,6.119858559203833,0.875,3.2310436677336676,68.52430721130835,-0.04057123522479511,7.8398314710301715
core_bb_vwap_macd__q90,core_bb_vwap_macd,0.9,2025_10,2025-10-01 00:00:00+00:00,2025-11-01 00:00:00+00:00,32,31.0,1.032258064516129,0.11832260188940835,2.731113519154398,0.5625,1.4347998118927558,38.102999054228285,-0.10141833336471351,2.912123186237636
core_bb_vwap_macd__q90,core_bb_vwap_macd,0.9,2025_11,2025-11-01 00:00:00+00:00,2025-12-01 00:00:00+00:00,37,30.0,1.2333333333333334,0.054001911348408926,0.8962853111629634,0.5675675675675675,1.186092486386229,17.04947985591944,-0.15043011964203334,1.495330993897881
core_bb_vwap_macd__q90,core_bb_vwap_macd,0.9,2025_12,2025-12-01 00:00:00+00:00,2026-01-01 00:00:00+00:00,21,31.0,0.6774193548387096,0.09437115646222094,1.8915588109907304,0.5714285714285714,1.533633029138279,46.29850866321873,-0.08247789463955635,2.7738306738421654
core_bb_vwap_macd__q90,core_bb_vwap_macd,0.9,2026_01,2026-01-01 00:00:00+00:00,2026-02-01 00:00:00+00:00,21,31.0,0.6774193548387096,0.05659151705220533,0.9119963251576895,0.5714285714285714,1.3041281815698227,29.241027136278582,-0.06222412756817974,1.8328648721442033
core_bb_vwap_macd__q90,core_bb_vwap_macd,0.9,2026_02,2026-02-01 00:00:00+00:00,2026-03-01 00:00:00+00:00,25,28.0,0.8928571428571429,0.01780474190827319,0.2586698804040757,0.52,1.1101243104969596,9.082391735819948,-0.07994017081689053,0.7966785635301438
core_bb_vwap_macd__q90,core_bb_vwap_macd,0.9,2026_03,2026-03-01 00:00:00+00:00,2026-04-01 00:00:00+00:00,16,31.0,0.5161290322580645,0.0863132873518051,1.6505878847043824,0.8125,2.093150320112633,53.48552069737137,-0.04407363205976533,3.9801419847450785
core_bb_vwap_macd__q90,core_bb_vwap_macd,0.9,2026_04,2026-04-01 00:00:00+00:00,2026-05-01 00:00:00+00:00,7,30.0,0.23333333333333334,0.007499148578452575,0.09515864277189467,0.5714285714285714,1.52158598385803,10.913027346680517,-0.014577031607175273,1.3584947132054142
core_bb_vwap_macd__q90,core_bb_vwap_macd,0.9,2026_05,2026-05-01 00:00:00+00:00,2026-06-01 00:00:00+00:00,17,31.0,0.5483870967741935,0.0773232168760809,1.403523046644771,0.6470588235294118,1.7034536110360152,45.52480529618581,-0.03466486546557257,3.4774083018147177
core_bb_vwap_macd__q90,core_bb_vwap_macd,0.9,2026_06,2026-06-01 00:00:00+00:00,2026-06-26 04:20:00+00:00,33,25.180555555555557,1.310535024820739,0.23690519596747173,20.79942784121382,0.7272727272727273,2.045297088997536,66.87098766011938,-0.05592533230839869,6.80738436505153
core_bb_vwap_macd__q95,core_bb_vwap_macd,0.95,2025_06_partial,2025-06-26 04:20:00+00:00,2025-07-01 00:00:00+00:00,2,4.819444444444445,0.414985590778098,0.001664341633610178,0.13421855949782846,0.5,1.1381448346036898,9.368618030326541,-0.013563472072196214,0.5622707266312323
core_bb_vwap_macd__q95,core_bb_vwap_macd,0.95,2025_07,2025-07-01 00:00:00+00:00,2025-08-01 00:00:00+00:00,8,31.0,0.25806451612903225,0.032212644581079086,0.45251601620894366,0.5,1.4949276545370875,42.62692839744324,-0.03784648858514017,1.5954396038226195
core_bb_vwap_macd__q95,core_bb_vwap_macd,0.95,2025_08,2025-08-01 00:00:00+00:00,2025-09-01 00:00:00+00:00,20,31.0,0.6451612903225806,-0.004427830309452041,-0.05090833458367383,0.55,0.9944326582684677,-0.4777972593661018,-0.07302014448668914,-0.03841047350477898
core_bb_vwap_macd__q95,core_bb_vwap_macd,0.95,2025_09,2025-09-01 00:00:00+00:00,2025-10-01 00:00:00+00:00,18,30.0,0.6,0.08015071197949042,1.5550123337423765,0.8333333333333334,2.10613695531944,44.11999752513826,-0.049456897117524545,4.1109219971682744
core_bb_vwap_macd__q95,core_bb_vwap_macd,0.95,2025_10,2025-10-01 00:00:00+00:00,2025-11-01 00:00:00+00:00,25,31.0,0.8064516129032258,0.06353401215313181,1.065265855766015,0.52,1.2973487177285254,27.57766945315714,-0.051821737434688875,1.9161347344356154
core_bb_vwap_macd__q95,core_bb_vwap_macd,0.95,2025_11,2025-11-01 00:00:00+00:00,2025-12-01 00:00:00+00:00,28,30.0,0.9333333333333333,0.09982345380534485,2.1824594919372924,0.5714285714285714,1.4217088583072766,37.11685145501041,-0.05865577032401481,2.699217729041467
core_bb_vwap_macd__q95,core_bb_vwap_macd,0.95,2025_12,2025-12-01 00:00:00+00:00,2026-01-01 00:00:00+00:00,13,31.0,0.41935483870967744,-0.028229125063353733,-0.28620303015809023,0.46153846153846156,0.8617380539332256,-18.263394780972884,-0.07278434843729231,-0.7925220476045008
core_bb_vwap_macd__q95,core_bb_vwap_macd,0.95,2026_01,2026-01-01 00:00:00+00:00,2026-02-01 00:00:00+00:00,10,31.0,0.3225806451612903,-0.041016029024659506,-0.3892783822033321,0.4,0.7239281558904337,-38.41664018644894,-0.06913629546431044,-1.5124568300166708
core_bb_vwap_macd__q95,core_bb_vwap_macd,0.95,2026_02,2026-02-01 00:00:00+00:00,2026-03-01 00:00:00+00:00,19,28.0,0.6785714285714286,0.027541353475855068,0.4249919874230055,0.42105263157894735,1.183353344875357,17.42014979642568,-0.04471369421876914,1.0629799019869526
core_bb_vwap_macd__q95,core_bb_vwap_macd,0.95,2026_03,2026-03-01 00:00:00+00:00,2026-04-01 00:00:00+00:00,9,31.0,0.2903225806451613,0.08434415316059196,1.5945660873792211,0.7777777777777778,3.192873158874051,91.88957829282991,-0.024562037810535453,5.128745977446939
core_bb_vwap_macd__q95,core_bb_vwap_macd,0.95,2026_04,2026-04-01 00:00:00+00:00,2026-05-01 00:00:00+00:00,3,30.0,0.1,0.00960218980185501,0.12329834876925272,0.6666666666666666,4.11987748747135,32.03069864739043,-0.003079995811631986,3.151692784941215
core_bb_vwap_macd__q95,core_bb_vwap_macd,0.95,2026_05,2026-05-01 00:00:00+00:00,2026-06-01 00:00:00+00:00,9,31.0,0.2903225806451613,0.012054016077136964,0.1515141628101735,0.5555555555555556,1.1836489640400907,15.076651029776652,-0.04934038398147156,0.7821215324372451
core_bb_vwap_macd__q95,core_bb_vwap_macd,0.95,2026_06,2026-06-01 00:00:00+00:00,2026-06-26 04:20:00+00:00,20,25.180555555555557,0.7942636514065085,0.22649649917177372,18.286163208087185,0.7,2.322517433849132,106.7328807283021,-0.04057123522479522,6.135391761024129
mean_revert_bb_vwap_rsi__q80,mean_revert_bb_vwap_rsi,0.8,2025_06_partial,2025-06-26 04:20:00+00:00,2025-07-01 00:00:00+00:00,7,4.819444444444445,1.4524495677233429,0.040885134588983574,19.79693194656767,0.7142857142857143,3.2610403201138713,58.07357521986469,-0.017900780926447202,10.704316580486203
mean_revert_bb_vwap_rsi__q80,mean_revert_bb_vwap_rsi,0.8,2025_07,2025-07-01 00:00:00+00:00,2025-08-01 00:00:00+00:00,37,31.0,1.1935483870967742,-0.0017387345070560833,-0.020281521212792808,0.5135135135135135,1.0145499806589366,1.037804035131497,-0.06577026613954029,0.12286395232201101
mean_revert_bb_vwap_rsi__q80,mean_revert_bb_vwap_rsi,0.8,2025_08,2025-08-01 00:00:00+00:00,2025-09-01 00:00:00+00:00,61,31.0,1.967741935483871,0.05160808723221377,0.8084739290260534,0.5737704918032787,1.1622505681114164,9.236717317930283,-0.09119917337162908,1.7516596763553134
mean_revert_bb_vwap_rsi__q80,mean_revert_bb_vwap_rsi,0.8,2025_09,2025-09-01 00:00:00+00:00,2025-10-01 00:00:00+00:00,45,30.0,1.5,0.4446626995829355,86.86689088887442,0.7555555555555555,4.884221687611801,83.1383894227285,-0.022486051444156607,13.139457927663235
mean_revert_bb_vwap_rsi__q80,mean_revert_bb_vwap_rsi,0.8,2025_10,2025-10-01 00:00:00+00:00,2025-11-01 00:00:00+00:00,57,31.0,1.8387096774193548,0.008616979381837142,0.10630247076624033,0.5087719298245614,1.0430689166907037,3.9765478860433277,-0.17681811884921983,0.4588059689604302
mean_revert_bb_vwap_rsi__q80,mean_revert_bb_vwap_rsi,0.8,2025_11,2025-11-01 00:00:00+00:00,2025-12-01 00:00:00+00:00,48,30.0,1.6,0.16301235065635744,5.279754159384331,0.6458333333333334,1.5034430279453033,33.482708943565214,-0.09203665720249798,4.029139027937299
mean_revert_bb_vwap_rsi__q80,mean_revert_bb_vwap_rsi,0.8,2025_12,2025-12-01 00:00:00+00:00,2026-01-01 00:00:00+00:00,44,31.0,1.4193548387096775,-0.05949384158685511,-0.5143148371224073,0.5681818181818182,0.8553466682554262,-12.233875694898282,-0.1622768326080244,-1.4974168671719772
mean_revert_bb_vwap_rsi__q80,mean_revert_bb_vwap_rsi,0.8,2026_01,2026-01-01 00:00:00+00:00,2026-02-01 00:00:00+00:00,42,31.0,1.3548387096774193,-0.003908385765087785,-0.04506141902988414,0.47619047619047616,1.0100889335541348,0.8113060973104151,-0.08622241003459064,0.09537562538623519
mean_revert_bb_vwap_rsi__q80,mean_revert_bb_vwap_rsi,0.8,2026_02,2026-02-01 00:00:00+00:00,2026-03-01 00:00:00+00:00,40,28.0,1.4285714285714286,0.061141914985470835,1.1675822400043483,0.525,1.2308367881116375,16.618643560565673,-0.0911694588257087,1.9883697460379504
mean_revert_bb_vwap_rsi__q80,mean_revert_bb_vwap_rsi,0.8,2026_03,2026-03-01 00:00:00+00:00,2026-04-01 00:00:00+00:00,45,31.0,1.4516129032258065,0.21840479293531212,9.235920130963061,0.7111111111111111,2.0109699297891153,45.06235607400786,-0.033348078555882066,7.018107486088466
mean_revert_bb_vwap_rsi__q80,mean_revert_bb_vwap_rsi,0.8,2026_04,2026-04-01 00:00:00+00:00,2026-05-01 00:00:00+00:00,22,30.0,0.7333333333333333,-0.12236253005244446,-0.7956689308361581,0.2727272727272727,0.2923065097619677,-58.635700881709354,-0.12378491047412365,-9.22023351313648
mean_revert_bb_vwap_rsi__q80,mean_revert_bb_vwap_rsi,0.8,2026_05,2026-05-01 00:00:00+00:00,2026-06-01 00:00:00+00:00,30,31.0,0.967741935483871,-0.07770947668414696,-0.6142143722900265,0.43333333333333335,0.6754320659564959,-25.79414330266983,-0.15764631688326503,-3.1693899063249362
mean_revert_bb_vwap_rsi__q80,mean_revert_bb_vwap_rsi,0.8,2026_06,2026-06-01 00:00:00+00:00,2026-06-26 04:20:00+00:00,42,25.180555555555557,1.667953667953668,0.23142545312204632,19.44061516502871,0.6666666666666666,1.7408874640240244,52.02641841435369,-0.07382103690631381,5.849177661003765
mean_revert_bb_vwap_rsi__q85,mean_revert_bb_vwap_rsi,0.85,2025_06_partial,2025-06-26 04:20:00+00:00,2025-07-01 00:00:00+00:00,6,4.819444444444445,1.2449567723342938,0.07621863612445079,259.60386217462155,1.0,inf,123.44635460931235,0.004433814053737217,32.40628516122195
mean_revert_bb_vwap_rsi__q85,mean_revert_bb_vwap_rsi,0.85,2025_07,2025-07-01 00:00:00+00:00,2025-08-01 00:00:00+00:00,35,31.0,1.1290322580645162,-0.006142969439742241,-0.06998222589118375,0.5142857142857142,0.9970012462784457,-0.21682776418363187,-0.06577026613954029,-0.02465778881216452
mean_revert_bb_vwap_rsi__q85,mean_revert_bb_vwap_rsi,0.85,2025_08,2025-08-01 00:00:00+00:00,2025-09-01 00:00:00+00:00,48,31.0,1.5483870967741935,0.05319863399739866,0.8409435758631008,0.6041666666666666,1.2262822875987958,11.629246315866013,-0.057864151085592286,2.1298224271413595
mean_revert_bb_vwap_rsi__q85,mean_revert_bb_vwap_rsi,0.85,2025_09,2025-09-01 00:00:00+00:00,2025-10-01 00:00:00+00:00,36,30.0,1.2,0.23772804697174132,12.394926191787754,0.75,2.8378220405112367,60.662662199093106,-0.04276283287732818,7.916656033019415
mean_revert_bb_vwap_rsi__q85,mean_revert_bb_vwap_rsi,0.85,2025_10,2025-10-01 00:00:00+00:00,2025-11-01 00:00:00+00:00,52,31.0,1.6774193548387097,-0.00217676725448257,-0.02533125500372424,0.46153846153846156,1.0232141908428936,2.1469952034803597,-0.15939869849048616,0.23154002592685927
mean_revert_bb_vwap_rsi__q85,mean_revert_bb_vwap_rsi,0.85,2025_11,2025-11-01 00:00:00+00:00,2025-12-01 00:00:00+00:00,40,30.0,1.3333333333333333,0.05082887991401641,0.8279851633404334,0.575,1.175092887621343,14.782122242792274,-0.08677571458994782,1.475044329278935
mean_revert_bb_vwap_rsi__q85,mean_revert_bb_vwap_rsi,0.85,2025_12,2025-12-01 00:00:00+00:00,2026-01-01 00:00:00+00:00,36,31.0,1.1612903225806452,-0.011643485671279374,-0.12881159955432753,0.5277777777777778,0.9873894731248588,-1.1053761577372851,-0.1291784306760122,-0.10810180516975389
mean_revert_bb_vwap_rsi__q85,mean_revert_bb_vwap_rsi,0.85,2026_01,2026-01-01 00:00:00+00:00,2026-02-01 00:00:00+00:00,39,31.0,1.2580645161290323,0.1172276437693811,2.6883266409806637,0.6153846153846154,1.4539834420584947,30.058082749491707,-0.04160285789762763,3.5630685937867286
mean_revert_bb_vwap_rsi__q85,mean_revert_bb_vwap_rsi,0.85,2026_02,2026-02-01 00:00:00+00:00,2026-03-01 00:00:00+00:00,37,28.0,1.3214285714285714,0.03894953497930387,0.6455858656748703,0.5135135135135135,1.1629060279654817,12.137137780884085,-0.0798444804669588,1.3822388688964444
mean_revert_bb_vwap_rsi__q85,mean_revert_bb_vwap_rsi,0.85,2026_03,2026-03-01 00:00:00+00:00,2026-04-01 00:00:00+00:00,33,31.0,1.064516129032258,0.11081694323916991,2.44670072013958,0.6666666666666666,1.7042281087805975,32.97137698706976,-0.05070656814823382,4.379267641811046
mean_revert_bb_vwap_rsi__q85,mean_revert_bb_vwap_rsi,0.85,2026_04,2026-04-01 00:00:00+00:00,2026-05-01 00:00:00+00:00,17,30.0,0.5666666666666667,-0.09467394150800768,-0.7018319604430658,0.23529411764705882,0.18428149948125686,-58.026118902108585,-0.09467394150800768,-10.301516647169228
mean_revert_bb_vwap_rsi__q85,mean_revert_bb_vwap_rsi,0.85,2026_05,2026-05-01 00:00:00+00:00,2026-06-01 00:00:00+00:00,19,31.0,0.6129032258064516,-0.0556273179411384,-0.4902775455096482,0.47368421052631576,0.7077416602217708,-28.343681861547218,-0.13850242727605155,-2.2230360349362424
mean_revert_bb_vwap_rsi__q85,mean_revert_bb_vwap_rsi,0.85,2026_06,2026-06-01 00:00:00+00:00,2026-06-26 04:20:00+00:00,35,25.180555555555557,1.3899613899613898,-0.05038895002724442,-0.5273727180259048,0.5714285714285714,0.873576404042925,-12.599874953858158,-0.13749481322814983,-1.3475769242029774
mean_revert_bb_vwap_rsi__q90,mean_revert_bb_vwap_rsi,0.9,2025_06_partial,2025-06-26 04:20:00+00:00,2025-07-01 00:00:00+00:00,3,4.819444444444445,0.6224783861671469,0.061125244699740566,88.4197907733446,1.0,inf,200.7319244918083,0.005353844592895118,17.28571544364646
mean_revert_bb_vwap_rsi__q90,mean_revert_bb_vwap_rsi,0.9,2025_07,2025-07-01 00:00:00+00:00,2025-08-01 00:00:00+00:00,21,31.0,0.6774193548387096,-0.0056583433302445085,-0.06462861922669616,0.47619047619047616,0.9868035062620334,-1.043099660875781,-0.06760764902376593,-0.08750876941740653
mean_revert_bb_vwap_rsi__q90,mean_revert_bb_vwap_rsi,0.9,2025_08,2025-08-01 00:00:00+00:00,2025-09-01 00:00:00+00:00,37,31.0,1.1935483870967742,-0.03314274218386848,-0.32755988613090137,0.5135135135135135,0.8736780445931026,-8.192431372244286,-0.07925508820581928,-1.2475706053584052
mean_revert_bb_vwap_rsi__q90,mean_revert_bb_vwap_rsi,0.9,2025_09,2025-09-01 00:00:00+00:00,2025-10-01 00:00:00+00:00,35,30.0,1.1666666666666667,0.20181574119996992,8.361834754191317,0.7428571428571429,2.588227528715933,53.921899883310985,-0.04276283287732818,6.8874262367879355
mean_revert_bb_vwap_rsi__q90,mean_revert_bb_vwap_rsi,0.9,2025_10,2025-10-01 00:00:00+00:00,2025-11-01 00:00:00+00:00,41,31.0,1.3225806451612903,0.15119955441658162,4.248064343907603,0.5121951219512195,1.4309567662096148,37.226910271661666,-0.10544816710632476,3.386346936785205
mean_revert_bb_vwap_rsi__q90,mean_revert_bb_vwap_rsi,0.9,2025_11,2025-11-01 00:00:00+00:00,2025-12-01 00:00:00+00:00,40,30.0,1.3333333333333333,-0.012009165763233076,-0.13670252057972188,0.55,0.9971218548392656,-0.2977968582300386,-0.12288838100146005,-0.027829625742364222
mean_revert_bb_vwap_rsi__q90,mean_revert_bb_vwap_rsi,0.9,2025_12,2025-12-01 00:00:00+00:00,2026-01-01 00:00:00+00:00,23,31.0,0.7419354838709677,0.012199253772246843,0.15346136875242,0.5217391304347826,1.0845894531169467,7.869622254418669,-0.09227094647985623,0.5551780439664105
mean_revert_bb_vwap_rsi__q90,mean_revert_bb_vwap_rsi,0.9,2026_01,2026-01-01 00:00:00+00:00,2026-02-01 00:00:00+00:00,29,31.0,0.9354838709677419,0.03561213721498069,0.5098505777967788,0.5172413793103449,1.1583939404909709,14.349924557089611,-0.05754828262388334,1.2232039373869885
mean_revert_bb_vwap_rsi__q90,mean_revert_bb_vwap_rsi,0.9,2026_02,2026-02-01 00:00:00+00:00,2026-03-01 00:00:00+00:00,26,28.0,0.9285714285714286,0.0432662494670526,0.736976815109539,0.5,1.258298525133003,18.071472461972476,-0.06457492606139603,1.72878901195885
mean_revert_bb_vwap_rsi__q90,mean_revert_bb_vwap_rsi,0.9,2026_03,2026-03-01 00:00:00+00:00,2026-04-01 00:00:00+00:00,16,31.0,0.5161290322580645,0.0863132873518051,1.6505878847043824,0.8125,2.093150320112633,53.48552069737137,-0.04407363205976533,3.9801419847450785
mean_revert_bb_vwap_rsi__q90,mean_revert_bb_vwap_rsi,0.9,2026_04,2026-04-01 00:00:00+00:00,2026-05-01 00:00:00+00:00,13,30.0,0.43333333333333335,-0.05410556639659869,-0.49174013686960283,0.3076923076923077,0.287891633180215,-42.40211923137223,-0.05410556639659869,-6.670803277941918
mean_revert_bb_vwap_rsi__q90,mean_revert_bb_vwap_rsi,0.9,2026_05,2026-05-01 00:00:00+00:00,2026-06-01 00:00:00+00:00,13,31.0,0.41935483870967744,0.046499013978852366,0.7076887920402639,0.6153846153846154,1.5604835864892344,36.541566092270195,-0.045134101291807394,2.493582433393854
mean_revert_bb_vwap_rsi__q90,mean_revert_bb_vwap_rsi,0.9,2026_06,2026-06-01 00:00:00+00:00,2026-06-26 04:20:00+00:00,32,25.180555555555557,1.2708218422504136,0.057183477188316845,1.2390670255522114,0.625,1.2375133894042982,19.358201743012764,-0.07601764567733948,2.0729102432156816
mean_revert_bb_vwap_rsi__q95,mean_revert_bb_vwap_rsi,0.95,2025_06_partial,2025-06-26 04:20:00+00:00,2025-07-01 00:00:00+00:00,2,4.819444444444445,0.414985590778098,0.001664341633610178,0.13421855949782846,0.5,1.1381448346036898,9.368618030326541,-0.013563472072196214,0.5622707266312323
mean_revert_bb_vwap_rsi__q95,mean_revert_bb_vwap_rsi,0.95,2025_07,2025-07-01 00:00:00+00:00,2025-08-01 00:00:00+00:00,18,31.0,0.5806451612903226,-0.02104951881964101,-0.2215782208931908,0.5,0.8849474762696874,-9.931843354717243,-0.056331867132215385,-0.7223302191027561
mean_revert_bb_vwap_rsi__q95,mean_revert_bb_vwap_rsi,0.95,2025_08,2025-08-01 00:00:00+00:00,2025-09-01 00:00:00+00:00,24,31.0,0.7741935483870968,0.07524313276947514,1.3494473621491685,0.5416666666666666,1.5174665605419972,31.621060940891752,-0.07023992355473463,3.1647559628580737
mean_revert_bb_vwap_rsi__q95,mean_revert_bb_vwap_rsi,0.95,2025_09,2025-09-01 00:00:00+00:00,2025-10-01 00:00:00+00:00,25,30.0,0.8333333333333334,0.1724832922234183,5.931029230816735,0.72,2.67740928730351,65.45835516817225,-0.04323083721953347,6.201182440482615
mean_revert_bb_vwap_rsi__q95,mean_revert_bb_vwap_rsi,0.95,2025_10,2025-10-01 00:00:00+00:00,2025-11-01 00:00:00+00:00,31,31.0,1.0,0.11016589344631056,2.4229904950090475,0.4838709677419355,1.4142159367606555,36.62720776814523,-0.04909115406941478,2.869366652545217
mean_revert_bb_vwap_rsi__q95,mean_revert_bb_vwap_rsi,0.95,2025_11,2025-11-01 00:00:00+00:00,2025-12-01 00:00:00+00:00,27,30.0,0.9,0.12714659205022683,3.289712907634603,0.5555555555555556,1.5681639827985707,47.417839273383564,-0.055374282943093656,3.439194889197962
mean_revert_bb_vwap_rsi__q95,mean_revert_bb_vwap_rsi,0.95,2025_12,2025-12-01 00:00:00+00:00,2026-01-01 00:00:00+00:00,13,31.0,0.41935483870967744,-0.028229125063353733,-0.28620303015809023,0.46153846153846156,0.8617380539332256,-18.263394780972884,-0.07278434843729231,-0.7925220476045008
mean_revert_bb_vwap_rsi__q95,mean_revert_bb_vwap_rsi,0.95,2026_01,2026-01-01 00:00:00+00:00,2026-02-01 00:00:00+00:00,10,31.0,0.3225806451612903,-0.01953138267005028,-0.2072455377938237,0.5,0.8346347091359582,-17.670681375721106,-0.042405872850924564,-0.9031886238849695
mean_revert_bb_vwap_rsi__q95,mean_revert_bb_vwap_rsi,0.95,2026_02,2026-02-01 00:00:00+00:00,2026-03-01 00:00:00+00:00,16,28.0,0.5714285714285714,0.11356459704755295,3.06414135982929,0.5625,2.0869329757352086,70.32282533628958,-0.0314225652743092,4.079875829258238
mean_revert_bb_vwap_rsi__q95,mean_revert_bb_vwap_rsi,0.95,2026_03,2026-03-01 00:00:00+00:00,2026-04-01 00:00:00+00:00,12,31.0,0.3870967741935484,0.12170120039402099,2.8660158084270955,0.8333333333333334,4.097383244008493,97.34394769418302,-0.024562037810535453,7.212638827565243
mean_revert_bb_vwap_rsi__q95,mean_revert_bb_vwap_rsi,0.95,2026_04,2026-04-01 00:00:00+00:00,2026-05-01 00:00:00+00:00,3,30.0,0.1,0.00960218980185501,0.12329834876925272,0.6666666666666666,4.11987748747135,32.03069864739043,-0.003079995811631986,3.151692784941215
mean_revert_bb_vwap_rsi__q95,mean_revert_bb_vwap_rsi,0.95,2026_05,2026-05-01 00:00:00+00:00,2026-06-01 00:00:00+00:00,9,31.0,0.2903225806451613,0.012054016077136964,0.1515141628101735,0.5555555555555556,1.1836489640400907,15.076651029776652,-0.04934038398147156,0.7821215324372451
mean_revert_bb_vwap_rsi__q95,mean_revert_bb_vwap_rsi,0.95,2026_06,2026-06-01 00:00:00+00:00,2026-06-26 04:20:00+00:00,17,25.180555555555557,0.6751241036955322,0.10270599252608448,3.1254097113627903,0.7058823529411765,1.7416222371116457,60.571577769355756,-0.04057123522479511,3.8339456617279617
bb_vwap_only__q80,bb_vwap_only,0.8,2025_06_partial,2025-06-26 04:20:00+00:00,2025-07-01 00:00:00+00:00,4,4.819444444444445,0.829971181556196,0.021401574295283998,3.9716147673581013,0.5,3.274182008457482,53.603100753030894,-0.007415190048879916,7.879753299200431
bb_vwap_only__q80,bb_vwap_only,0.8,2025_07,2025-07-01 00:00:00+00:00,2025-08-01 00:00:00+00:00,37,31.0,1.1935483870967742,0.019618079072256656,0.25702837484415175,0.5135135135135135,1.0884344807800201,7.004764378101884,-0.061741909117668414,0.7695575638319373
bb_vwap_only__q80,bb_vwap_only,0.8,2025_08,2025-08-01 00:00:00+00:00,2025-09-01 00:00:00+00:00,54,31.0,1.7419354838709677,-0.01733036704583124,-0.1860366460088504,0.5555555555555556,0.9735159266371822,-1.9544265571716652,-0.12163953604091715,-0.3053904773067778
bb_vwap_only__q80,bb_vwap_only,0.8,2025_09,2025-09-01 00:00:00+00:00,2025-10-01 00:00:00+00:00,34,30.0,1.1333333333333333,0.16430025150187166,5.364887430881072,0.6176470588235294,1.880455188249114,46.623727884870846,-0.08181863603521045,4.929835087151162
bb_vwap_only__q80,bb_vwap_only,0.8,2025_10,2025-10-01 00:00:00+00:00,2025-11-01 00:00:00+00:00,47,31.0,1.5161290322580645,0.01918615963912318,0.2507730389371219,0.5106382978723404,1.0713226736496546,6.484028134700271,-0.14086069387943967,0.6821413902793947
bb_vwap_only__q80,bb_vwap_only,0.8,2025_11,2025-11-01 00:00:00+00:00,2025-12-01 00:00:00+00:00,46,30.0,1.5333333333333334,-0.028248656182568332,-0.29435274427315494,0.5652173913043478,0.9644521058293486,-3.55006198637715,-0.14977065851517268,-0.3593733323790402
bb_vwap_only__q80,bb_vwap_only,0.8,2025_12,2025-12-01 00:00:00+00:00,2026-01-01 00:00:00+00:00,38,31.0,1.2258064516129032,-0.023031211123121342,-0.2399305438084003,0.6052631578947368,0.9477042863498386,-4.362252834827188,-0.11079012249016307,-0.4855683910851271
bb_vwap_only__q80,bb_vwap_only,0.8,2026_01,2026-01-01 00:00:00+00:00,2026-02-01 00:00:00+00:00,30,31.0,0.967741935483871,0.039357996553832875,0.5754196546325512,0.6,1.1887943412120394,14.743041782158691,-0.07047467152901488,1.4146351543591473
bb_vwap_only__q80,bb_vwap_only,0.8,2026_02,2026-02-01 00:00:00+00:00,2026-03-01 00:00:00+00:00,30,28.0,1.0714285714285714,0.06475183199375256,1.2656994791400265,0.5666666666666667,1.3117026626604926,22.94794251150443,-0.06530043174003519,2.2220449507812856
bb_vwap_only__q80,bb_vwap_only,0.8,2026_03,2026-03-01 00:00:00+00:00,2026-04-01 00:00:00+00:00,43,31.0,1.3870967741935485,0.32024437619441604,25.339491675805682,0.7674418604651163,2.9520605806057882,65.77213539762694,-0.02256852529166975,10.583393913197792
bb_vwap_only__q80,bb_vwap_only,0.8,2026_04,2026-04-01 00:00:00+00:00,2026-05-01 00:00:00+00:00,14,30.0,0.4666666666666667,-0.02547252438425973,-0.26943072347717445,0.42857142857142855,0.6005789891355792,-17.959403996586353,-0.03870728674942703,-2.3727249043490763
bb_vwap_only__q80,bb_vwap_only,0.8,2026_05,2026-05-01 00:00:00+00:00,2026-06-01 00:00:00+00:00,25,31.0,0.8064516129032258,-0.03757766440220922,-0.36299263330091147,0.48,0.8084699955354882,-14.02118313718181,-0.11170747972105577,-1.4737474135755142
bb_vwap_only__q80,bb_vwap_only,0.8,2026_06,2026-06-01 00:00:00+00:00,2026-06-26 04:20:00+00:00,41,25.180555555555557,1.6282404853833423,0.3643979639086623,89.36760153293118,0.7073170731707317,2.2710809204657685,78.48666772501933,-0.07382103690631403,8.58362210319109
bb_vwap_only__q85,bb_vwap_only,0.85,2025_06_partial,2025-06-26 04:20:00+00:00,2025-07-01 00:00:00+00:00,3,4.819444444444445,0.6224783861671469,0.02903204245648605,7.735766062616838,0.6666666666666666,15.335600719648085,96.18810116697395,-0.002012920903310622,14.393119325132238
bb_vwap_only__q85,bb_vwap_only,0.85,2025_07,2025-07-01 00:00:00+00:00,2025-08-01 00:00:00+00:00,35,31.0,1.1290322580645162,0.015119619884189195,0.19325985625110897,0.5142857142857142,1.075536341911406,6.09110174124221,-0.061741909117668414,0.6412162055477804
bb_vwap_only__q85,bb_vwap_only,0.85,2025_08,2025-08-01 00:00:00+00:00,2025-09-01 00:00:00+00:00,43,31.0,1.3870967741935485,0.0392669742816536,0.5737959573624836,0.6046511627906976,1.1606621839220308,10.104079409399914,-0.06746707609274638,1.4902295547385593
bb_vwap_only__q85,bb_vwap_only,0.85,2025_09,2025-09-01 00:00:00+00:00,2025-10-01 00:00:00+00:00,30,30.0,1.0,0.2895658210818901,21.066295012635397,0.7333333333333333,4.172868085126726,86.3316925773963,-0.02604017879915599,10.387754516143128
bb_vwap_only__q85,bb_vwap_only,0.85,2025_10,2025-10-01 00:00:00+00:00,2025-11-01 00:00:00+00:00,34,31.0,1.096774193548387,0.1208985564618037,2.833569364781546,0.5294117647058824,1.428825955650089,36.50125266471327,-0.09328065789556073,2.989560867542525
bb_vwap_only__q85,bb_vwap_only,0.85,2025_11,2025-11-01 00:00:00+00:00,2025-12-01 00:00:00+00:00,38,30.0,1.2666666666666666,0.08963961669157561,1.8418976395607611,0.6052631578947368,1.3011220172920546,25.107640496369537,-0.09359047320545533,2.386042296724623
bb_vwap_only__q85,bb_vwap_only,0.85,2025_12,2025-12-01 00:00:00+00:00,2026-01-01 00:00:00+00:00,18,31.0,0.5806451612903226,0.048095685758453355,0.7386194645741582,0.6111111111111112,1.3367020906967548,28.867734789828464,-0.06990071323651059,1.7457116881660149
bb_vwap_only__q85,bb_vwap_only,0.85,2026_01,2026-01-01 00:00:00+00:00,2026-02-01 00:00:00+00:00,28,31.0,0.9032258064516129,0.05229558757842323,0.8224438040597484,0.6428571428571429,1.2501813216093765,20.226280119105258,-0.06550198866210111,1.8076561952713897
bb_vwap_only__q85,bb_vwap_only,0.85,2026_02,2026-02-01 00:00:00+00:00,2026-03-01 00:00:00+00:00,27,28.0,0.9642857142857143,0.061161547951404494,1.16810508290567,0.5555555555555556,1.3113400144670235,24.211315422320684,-0.06714070562647678,2.1226714757226666
bb_vwap_only__q85,bb_vwap_only,0.85,2026_03,2026-03-01 00:00:00+00:00,2026-04-01 00:00:00+00:00,31,31.0,1.0,0.11790214696620427,2.7146302804763525,0.7096774193548387,1.8192415847247803,37.08986948845557,-0.05070656814823382,4.772069023001109
bb_vwap_only__q85,bb_vwap_only,0.85,2026_04,2026-04-01 00:00:00+00:00,2026-05-01 00:00:00+00:00,7,30.0,0.23333333333333334,0.007499148578452575,0.09515864277189467,0.5714285714285714,1.52158598385803,10.913027346680517,-0.014577031607175273,1.3584947132054142
bb_vwap_only__q85,bb_vwap_only,0.85,2026_05,2026-05-01 00:00:00+00:00,2026-06-01 00:00:00+00:00,17,31.0,0.5483870967741935,-0.03467762931880203,-0.34002189645857395,0.47058823529411764,0.7838078431710999,-19.141347640664737,-0.09465793660118937,-1.473427210680049
bb_vwap_only__q85,bb_vwap_only,0.85,2026_06,2026-06-01 00:00:00+00:00,2026-06-26 04:20:00+00:00,36,25.180555555555557,1.4296745725317153,0.3526958952664201,78.76041088386748,0.7222222222222222,2.488442315622847,86.43792405679022,-0.07382103690631403,9.340746060623234
bb_vwap_only__q90,bb_vwap_only,0.9,2025_06_partial,2025-06-26 04:20:00+00:00,2025-07-01 00:00:00+00:00,3,4.819444444444445,0.6224783861671469,0.061125244699740566,88.4197907733446,1.0,inf,200.7319244918083,0.005353844592895118,17.28571544364646
bb_vwap_only__q90,bb_vwap_only,0.9,2025_07,2025-07-01 00:00:00+00:00,2025-08-01 00:00:00+00:00,18,31.0,0.5806451612903226,0.13475661427732155,3.4303219261299915,0.6111111111111112,2.14190009419393,72.74804900532615,-0.03784648858514017,4.81491158617217
bb_vwap_only__q90,bb_vwap_only,0.9,2025_08,2025-08-01 00:00:00+00:00,2025-09-01 00:00:00+00:00,30,31.0,0.967741935483871,-0.06097925705813467,-0.523270144862473,0.5,0.7445449897678936,-19.79552652061153,-0.09463472755604108,-2.4136761616240068
bb_vwap_only__q90,bb_vwap_only,0.9,2025_09,2025-09-01 00:00:00+00:00,2025-10-01 00:00:00+00:00,18,30.0,0.6,0.16618987536907892,5.49171448707971,0.8333333333333334,3.3439318837662997,87.7360040327845,-0.04057123522479511,6.360007411694554
bb_vwap_only__q90,bb_vwap_only,0.9,2025_10,2025-10-01 00:00:00+00:00,2025-11-01 00:00:00+00:00,32,31.0,1.032258064516129,0.16634322132943136,5.121059627743085,0.5625,1.6262465181481005,51.20458695553547,-0.08067042049835027,3.979176663755783
bb_vwap_only__q90,bb_vwap_only,0.9,2025_11,2025-11-01 00:00:00+00:00,2025-12-01 00:00:00+00:00,35,30.0,1.1666666666666667,-0.020337758707984266,-0.2211942258443229,0.5714285714285714,0.9710873294717558,-3.056600053041581,-0.13028228121653018,-0.262454417997308
bb_vwap_only__q90,bb_vwap_only,0.9,2025_12,2025-12-01 00:00:00+00:00,2026-01-01 00:00:00+00:00,17,31.0,0.5483870967741935,0.025278239414517456,0.3416917361019727,0.5882352941176471,1.176385368337521,17.81705123256563,-0.07278434843729231,0.9784987682196781
bb_vwap_only__q90,bb_vwap_only,0.9,2026_01,2026-01-01 00:00:00+00:00,2026-02-01 00:00:00+00:00,16,31.0,0.5161290322580645,0.08035057242011656,1.4842617309805002,0.625,1.6847932413887,50.59700125216416,-0.062224127568179854,3.232677825714116
bb_vwap_only__q90,bb_vwap_only,0.9,2026_02,2026-02-01 00:00:00+00:00,2026-03-01 00:00:00+00:00,19,28.0,0.6785714285714286,0.08180735728054134,1.787203891516544,0.5789473684210527,1.6568269876207782,43.58771875420278,-0.0386672575020518,3.2350589371165217
bb_vwap_only__q90,bb_vwap_only,0.9,2026_03,2026-03-01 00:00:00+00:00,2026-04-01 00:00:00+00:00,16,31.0,0.5161290322580645,0.0863132873518051,1.6505878847043824,0.8125,2.093150320112633,53.48552069737137,-0.04407363205976533,3.9801419847450785
bb_vwap_only__q90,bb_vwap_only,0.9,2026_04,2026-04-01 00:00:00+00:00,2026-05-01 00:00:00+00:00,6,30.0,0.2,-0.00021913742025303495,-0.002662912260339545,0.3333333333333333,0.9975029526951498,-0.07898786474228586,-0.018847420922209812,-0.008116827061343576
bb_vwap_only__q90,bb_vwap_only,0.9,2026_05,2026-05-01 00:00:00+00:00,2026-06-01 00:00:00+00:00,14,31.0,0.45161290322580644,0.048375231891168546,0.7440872613847362,0.6428571428571429,1.5631413301314414,35.17578642584051,-0.03466486546557246,2.628853195510026
bb_vwap_only__q90,bb_vwap_only,0.9,2026_06,2026-06-01 00:00:00+00:00,2026-06-26 04:20:00+00:00,23,25.180555555555557,0.9134031991174848,0.16574978877445123,8.235602632413425,0.782608695652174,2.289052368781391,68.70459074936623,-0.04057123522479511,6.48240062731146
bb_vwap_only__q95,bb_vwap_only,0.95,2025_06_partial,2025-06-26 04:20:00+00:00,2025-07-01 00:00:00+00:00,2,4.819444444444445,0.414985590778098,0.001664341633610178,0.13421855949782846,0.5,1.1381448346036898,9.368618030326541,-0.013563472072196214,0.5622707266312323
bb_vwap_only__q95,bb_vwap_only,0.95,2025_07,2025-07-01 00:00:00+00:00,2025-08-01 00:00:00+00:00,8,31.0,0.25806451612903225,0.032212644581079086,0.45251601620894366,0.5,1.4949276545370875,42.62692839744324,-0.03784648858514017,1.5954396038226195
bb_vwap_only__q95,bb_vwap_only,0.95,2025_08,2025-08-01 00:00:00+00:00,2025-09-01 00:00:00+00:00,19,31.0,0.6129032258064516,0.027539049576768004,0.37694275116227227,0.5789473684210527,1.215870349309224,15.949727751649524,-0.04581174887396389,1.2858221733771695
bb_vwap_only__q95,bb_vwap_only,0.95,2025_09,2025-09-01 00:00:00+00:00,2025-10-01 00:00:00+00:00,16,30.0,0.5333333333333333,0.13547920067638297,3.691878217080429,0.8125,2.945125997738285,81.90928307655221,-0.04057123522479511,5.2796969923482395
bb_vwap_only__q95,bb_vwap_only,0.95,2025_10,2025-10-01 00:00:00+00:00,2025-11-01 00:00:00+00:00,25,31.0,0.8064516129032258,0.06353401215313181,1.065265855766015,0.52,1.2973487177285254,27.57766945315714,-0.051821737434688875,1.9161347344356154
bb_vwap_only__q95,bb_vwap_only,0.95,2025_11,2025-11-01 00:00:00+00:00,2025-12-01 00:00:00+00:00,23,30.0,0.7666666666666667,0.11863521309249592,2.9117994570893684,0.6086956521739131,1.5879761647742254,52.14893788014257,-0.06929981003987828,3.3198887808338826
bb_vwap_only__q95,bb_vwap_only,0.95,2025_12,2025-12-01 00:00:00+00:00,2026-01-01 00:00:00+00:00,13,31.0,0.41935483870967744,-0.028229125063353733,-0.28620303015809023,0.46153846153846156,0.8617380539332256,-18.263394780972884,-0.07278434843729231,-0.7925220476045008
bb_vwap_only__q95,bb_vwap_only,0.95,2026_01,2026-01-01 00:00:00+00:00,2026-02-01 00:00:00+00:00,8,31.0,0.25806451612903225,-0.06951621642570038,-0.571874144248449,0.375,0.39723119409398494,-87.84298801180356,-0.08366190687668995,-4.191904440157937
bb_vwap_only__q95,bb_vwap_only,0.95,2026_02,2026-02-01 00:00:00+00:00,2026-03-01 00:00:00+00:00,15,28.0,0.5357142857142857,0.11069704277641179,2.929808766811695,0.5333333333333333,2.0635621950318197,73.3981580786132,-0.0314225652743092,3.9180382424824374
bb_vwap_only__q95,bb_vwap_only,0.95,2026_03,2026-03-01 00:00:00+00:00,2026-04-01 00:00:00+00:00,9,31.0,0.2903225806451613,0.08434415316059196,1.5945660873792211,0.7777777777777778,3.192873158874051,91.88957829282991,-0.024562037810535453,5.128745977446939
bb_vwap_only__q95,bb_vwap_only,0.95,2026_04,2026-04-01 00:00:00+00:00,2026-05-01 00:00:00+00:00,3,30.0,0.1,0.00960218980185501,0.12329834876925272,0.6666666666666666,4.11987748747135,32.03069864739043,-0.003079995811631986,3.151692784941215
bb_vwap_only__q95,bb_vwap_only,0.95,2026_05,2026-05-01 00:00:00+00:00,2026-06-01 00:00:00+00:00,8,31.0,0.25806451612903225,-0.0033317467742205453,-0.03853212593801747,0.5,0.9747147806537194,-2.33526218932828,-0.04934038398147156,-0.11074565564442844
bb_vwap_only__q95,bb_vwap_only,0.95,2026_06,2026-06-01 00:00:00+00:00,2026-06-26 04:20:00+00:00,16,25.180555555555557,0.6354109211252068,0.07033954147288957,1.678701708931536,0.6875,1.5238319798253182,45.45766147650419,-0.05554727634284884,2.7923327482399194
