candidate_id,variant,quantile,window,start,end,trades,days,trades_per_day,total_return_1x,annualized_1x,win_rate,profit_factor,avg_trade_bps,max_drawdown_1x,trade_sharpe,active_months,negative_active_months,recent_1m_total_return_1x,recent_3m_total_return_1x,recent_6m_total_return_1x,paper_gate
current_70_20_10__q80,current_70_20_10,0.8,full_year,2025-06-26 04:20:00+00:00,2026-06-26 04:20:00+00:00,633,365.0,1.7342465753424658,0.6180822005010074,0.6180822005010074,0.5339652448657188,1.1282997496961888,9.304480206703001,-0.26940028358122936,1.2660793138405462,13,6,0.2717894124625091,0.1363125909048133,0.2111682136823967,True
equal_weight__q90,equal_weight,0.9,full_year,2025-06-26 04:20:00+00:00,2026-06-26 04:20:00+00:00,466,365.0,1.2767123287671234,0.5908096029226915,0.5908096029226915,0.5278969957081545,1.1520641564099365,11.958798863842192,-0.25589204496769713,1.2892926424311983,13,4,0.14103898590949226,0.11013157152602737,0.23923235139251986,True
cfg_style_78_22__q95,cfg_style_78_22,0.95,full_year,2025-06-26 04:20:00+00:00,2026-06-26 04:20:00+00:00,333,365.0,0.9123287671232877,0.530516470659548,0.530516470659548,0.4894894894894895,1.181350075337195,15.098464616441758,-0.24266965923933792,1.2748730984039716,13,5,0.1699077219257652,0.055751978371317845,0.09491301891580006,True
current_70_20_10__q95,current_70_20_10,0.95,full_year,2025-06-26 04:20:00+00:00,2026-06-26 04:20:00+00:00,331,365.0,0.9068493150684932,0.476510839508113,0.476510839508113,0.486404833836858,1.1674051770522982,14.109596998831886,-0.2426696592393376,1.1825513868270847,13,5,0.15668363705929922,0.04381825616548474,0.08253663878582973,True
equal_weight__q95,equal_weight,0.95,full_year,2025-06-26 04:20:00+00:00,2026-06-26 04:20:00+00:00,336,365.0,0.9205479452054794,0.4605533000098183,0.4605533000098183,0.4791666666666667,1.1608492718424201,13.68207061832891,-0.2552155752824178,1.1376667963755347,13,6,0.2063152557436918,0.13856386961381073,0.19372699606785093,True
cfg_style_78_22__q80,cfg_style_78_22,0.8,full_year,2025-06-26 04:20:00+00:00,2026-06-26 04:20:00+00:00,633,365.0,1.7342465753424658,0.4504277063903863,0.4504277063903863,0.5308056872037915,1.1040796027619522,7.551118772819383,-0.28751187201031103,1.0349605432559483,13,6,0.2717894124625091,0.13829932427158376,0.14378744658927678,True
cfg_only__q95,cfg_only,0.95,full_year,2025-06-26 04:20:00+00:00,2026-06-26 04:20:00+00:00,333,365.0,0.9123287671232877,0.4311318202009875,0.4311318202009875,0.4954954954954955,1.155816582608333,13.054690403787898,-0.2426696592393376,1.1086439450588395,13,5,0.1699077219257652,0.055751978371317845,0.09491301891580006,True
cfg_side_88_12__q95,cfg_side_88_12,0.95,full_year,2025-06-26 04:20:00+00:00,2026-06-26 04:20:00+00:00,331,365.0,0.9068493150684932,0.4052085727805965,0.4052085727805965,0.49244712990936557,1.149232721105219,12.578625854992472,-0.24266965923933792,1.0622576191718953,13,5,0.15668363705929922,0.04381825616548474,0.08253663878582973,True
cfg_only__q60,cfg_only,0.6,full_year,2025-06-26 04:20:00+00:00,2026-06-26 04:20:00+00:00,818,365.0,2.241095890410959,1.7993068106617685,1.7993068106617685,0.539119804400978,1.2056521833770826,14.323322668760857,-0.30503665433859106,2.1935270043423127,13,4,-0.018948825484295884,-0.0639417053706649,0.6370798963407256,False
cfg_style_78_22__q60,cfg_style_78_22,0.6,full_year,2025-06-26 04:20:00+00:00,2026-06-26 04:20:00+00:00,824,365.0,2.2575342465753425,1.69731503737676,1.69731503737676,0.537621359223301,1.1962983648575567,13.786915885074183,-0.3442777376202262,2.115319767388912,13,3,-0.06850927320934619,-0.20909525960703834,0.3408307065897036,False
cfg_side_88_12__q60,cfg_side_88_12,0.6,full_year,2025-06-26 04:20:00+00:00,2026-06-26 04:20:00+00:00,821,365.0,2.249315068493151,1.5670850331779604,1.5670850331779604,0.5371498172959805,1.1876847491705944,13.22637929806224,-0.3050366543385912,2.0264144697582025,13,5,-0.018948825484295884,-0.06248453660812181,0.499697603453227,False
cfg_only__q50,cfg_only,0.5,full_year,2025-06-26 04:20:00+00:00,2026-06-26 04:20:00+00:00,833,365.0,2.282191780821918,1.45443430437162,1.45443430437162,0.5450180072028812,1.1782599906825264,12.454739473723386,-0.28005404258843225,1.960862815233654,13,4,0.03603468104501206,-0.08106539320750916,0.43834964009069677,False
current_70_20_10__q60,current_70_20_10,0.6,full_year,2025-06-26 04:20:00+00:00,2026-06-26 04:20:00+00:00,818,365.0,2.241095890410959,1.436753756010475,1.436753756010475,0.5378973105134475,1.1794407008988137,12.605086863814838,-0.34427773762022607,1.9422453352413391,13,4,-0.06850927320934619,-0.20868678044216238,0.3796413600309896,False
cfg_style_78_22__q50,cfg_style_78_22,0.5,full_year,2025-06-26 04:20:00+00:00,2026-06-26 04:20:00+00:00,834,365.0,2.2849315068493152,1.2212637908990485,1.2212637908990485,0.5551558752997602,1.1598947611062873,11.209507786581455,-0.2901656939372912,1.7852172332591225,13,4,0.07935549297484279,-0.042641010312801875,0.3963198574877118,False
equal_weight__q50,equal_weight,0.5,full_year,2025-06-26 04:20:00+00:00,2026-06-26 04:20:00+00:00,828,365.0,2.2684931506849315,1.1121334802612477,1.1121334802612477,0.5519323671497585,1.154580489985537,10.607088495146666,-0.32028923566182266,1.7166119889761642,13,4,-0.019349806922930757,-0.1262119667696664,0.48068439434848753,False
current_70_20_10__q70,current_70_20_10,0.7,full_year,2025-06-26 04:20:00+00:00,2026-06-26 04:20:00+00:00,750,365.0,2.0547945205479454,1.1061311292131446,1.1061311292131446,0.536,1.1632436040205762,11.6596661707245,-0.38962909594418316,1.7152043571627276,13,5,0.08298986963501198,-0.2559036948982377,0.14125266341525844,False
current_70_20_10__q50,current_70_20_10,0.5,full_year,2025-06-26 04:20:00+00:00,2026-06-26 04:20:00+00:00,831,365.0,2.276712328767123,1.0332324842082956,1.0332324842082956,0.5511432009626955,1.1456815682889832,10.150238822654197,-0.2586987610220015,1.6277793426622946,13,4,0.07935549297484279,-0.008267210697022298,0.7385211569475842,False
cfg_only__q70,cfg_only,0.7,full_year,2025-06-26 04:20:00+00:00,2026-06-26 04:20:00+00:00,763,365.0,2.0904109589041098,1.0298913705865655,1.0298913705865655,0.5347313237221494,1.1528898391374542,11.008350503862978,-0.40782104996963964,1.6329594811028818,13,5,-0.027398414625142142,-0.2869767279996509,0.02606084448472923,False
cfg_side_88_12__q50,cfg_side_88_12,0.5,full_year,2025-06-26 04:20:00+00:00,2026-06-26 04:20:00+00:00,833,365.0,2.282191780821918,0.7735949357769016,0.7735949357769016,0.539015606242497,1.1193466488055874,8.528190616848342,-0.3415159693217539,1.3523766967679092,13,5,0.03603468104501206,-0.08106539320750916,0.4713431167435369,False
cfg_style_78_22__q70,cfg_style_78_22,0.7,full_year,2025-06-26 04:20:00+00:00,2026-06-26 04:20:00+00:00,756,365.0,2.0712328767123287,0.7417002980805927,0.7417002980805927,0.5304232804232805,1.1244685215012435,9.101844486397859,-0.41595061300961256,1.3306256379531076,13,5,0.1138263417082368,-0.2978281195434591,0.024585475462379325,False
cfg_style_78_22__q90,cfg_style_78_22,0.9,full_year,2025-06-26 04:20:00+00:00,2026-06-26 04:20:00+00:00,476,365.0,1.3041095890410959,0.7193465145028175,0.7193465145028175,0.5252100840336135,1.1728934737914987,13.428396476222195,-0.24909476750580373,1.4459421639664873,13,5,0.11347916309870154,-0.0004490507765322338,0.1414625794308899,False
style_only__q70,style_only,0.7,full_year,2025-06-26 04:20:00+00:00,2026-06-26 04:20:00+00:00,723,365.0,1.9808219178082191,0.7181460676618616,0.7181460676618616,0.5836791147994468,1.1485133757796149,8.626313825758265,-0.24490372645506653,1.5377398069514532,13,5,-0.07263262203464804,-0.07775677274950232,0.04732276488984222,False
style_only__q60,style_only,0.6,full_year,2025-06-26 04:20:00+00:00,2026-06-26 04:20:00+00:00,741,365.0,2.03013698630137,0.7096085346212957,0.7096085346212957,0.5897435897435898,1.1436896653249995,8.390496714352057,-0.24934805170626095,1.505341426330803,13,5,-0.09011245471894513,-0.2069239287449327,0.042118578308924626,False
style_only__q80,style_only,0.8,full_year,2025-06-26 04:20:00+00:00,2026-06-26 04:20:00+00:00,682,365.0,1.8684931506849316,0.694458617482623,0.694458617482623,0.592375366568915,1.155199391837133,8.873364677531738,-0.24492111756331436,1.535801174008602,13,4,-0.0037887429804209782,-0.18162888602522553,0.013321476298550072,False
cfg_side_88_12__q70,cfg_side_88_12,0.7,full_year,2025-06-26 04:20:00+00:00,2026-06-26 04:20:00+00:00,762,365.0,2.0876712328767124,0.6111416134052616,0.6111416134052616,0.5288713910761155,1.1087953508586512,7.980968950826235,-0.4811517264067172,1.1850862250284242,13,6,-0.027398414625142142,-0.37527179294325097,-0.17025221919056077,False
current_70_20_10__q90,current_70_20_10,0.9,full_year,2025-06-26 04:20:00+00:00,2026-06-26 04:20:00+00:00,474,365.0,1.2986301369863014,0.6036613581075916,0.6036613581075916,0.5232067510548524,1.1529583645623913,12.00766799300449,-0.2610289519102019,1.2895931403898713,13,5,0.11347916309870154,-0.0004490507765322338,0.0646599826844465,False
cfg_only__q90,cfg_only,0.9,full_year,2025-06-26 04:20:00+00:00,2026-06-26 04:20:00+00:00,477,365.0,1.3068493150684932,0.5966590043928541,0.5966590043928541,0.519916142557652,1.1502396152697534,11.874888097668041,-0.24909476750580395,1.2725902220586838,13,5,0.11347916309870154,-0.0004490507765322338,0.1005735727716437,False
cfg_only__q80,cfg_only,0.8,full_year,2025-06-26 04:20:00+00:00,2026-06-26 04:20:00+00:00,635,365.0,1.7397260273972603,0.5948057235013746,0.5948057235013746,0.5291338582677165,1.1245927641246918,9.061282453523834,-0.33168718949752163,1.2313050480262238,13,5,0.2717894124625091,0.18919338713486322,0.17013939888678853,False
cfg_side_88_12__q80,cfg_side_88_12,0.8,full_year,2025-06-26 04:20:00+00:00,2026-06-26 04:20:00+00:00,634,365.0,1.736986301369863,0.5872222108774798,0.5872222108774798,0.5283911671924291,1.1237765202999321,8.997009828799191,-0.3316871894975223,1.221796840907467,13,5,0.2717894124625091,0.2034451713135268,0.18256823401707933,False
equal_weight__q80,equal_weight,0.8,full_year,2025-06-26 04:20:00+00:00,2026-06-26 04:20:00+00:00,627,365.0,1.7178082191780821,0.5701417892267522,0.5701417892267522,0.5215311004784688,1.1211132540756745,8.97364159346596,-0.3045320860601368,1.1885377465183182,13,7,0.34694199284029437,0.17449254227413702,0.3458738325086479,False
cfg_style_78_22__q85,cfg_style_78_22,0.85,full_year,2025-06-26 04:20:00+00:00,2026-06-26 04:20:00+00:00,562,365.0,1.5397260273972602,0.5569830775652937,0.5569830775652937,0.5320284697508897,1.1306670264574803,9.673816877443512,-0.3460927967289049,1.2070892188189404,13,7,0.27287115015431573,0.07501782233851007,0.1833189750468054,False
current_70_20_10__q85,current_70_20_10,0.85,full_year,2025-06-26 04:20:00+00:00,2026-06-26 04:20:00+00:00,562,365.0,1.5397260273972602,0.5460698591717599,0.5460698591717599,0.5320284697508897,1.128911258263113,9.55401628153626,-0.3527963722898678,1.1903456609193692,13,5,0.27287115015431573,0.10261189177808872,0.18660162112896628,False
cfg_only__q85,cfg_only,0.85,full_year,2025-06-26 04:20:00+00:00,2026-06-26 04:20:00+00:00,565,365.0,1.547945205479452,0.5280877315331551,0.5280877315331551,0.5256637168141592,1.1257492488836385,9.284891141725867,-0.3486052838049103,1.1663544208172896,13,4,0.18241718516556538,0.0860686792962273,0.1555455867068598,False
cfg_side_88_12__q85,cfg_side_88_12,0.85,full_year,2025-06-26 04:20:00+00:00,2026-06-26 04:20:00+00:00,565,365.0,1.547945205479452,0.522430694273784,0.522430694273784,0.5292035398230088,1.1257220823209095,9.186404751698774,-0.34860528380491007,1.1649811636852583,13,4,0.18241718516556538,0.0860686792962273,0.1555455867068598,False
equal_weight__q60,equal_weight,0.6,full_year,2025-06-26 04:20:00+00:00,2026-06-26 04:20:00+00:00,821,365.0,2.249315068493151,0.4475984991314339,0.4475984991314339,0.5371498172959805,1.0862984199717771,6.0568105115490445,-0.41864198519544393,0.9832025002091888,13,6,-0.08305674970739318,-0.2940809008587255,0.13137524159769076,False
cfg_side_88_12__q90,cfg_side_88_12,0.9,full_year,2025-06-26 04:20:00+00:00,2026-06-26 04:20:00+00:00,471,365.0,1.2904109589041095,0.3165049004848144,0.3165049004848144,0.5159235668789809,1.0972015561597428,7.919466516329835,-0.26548989895269937,0.8395359761492142,13,6,0.11347916309870154,-0.0004490507765322338,0.1005735727716437,False
equal_weight__q85,equal_weight,0.85,full_year,2025-06-26 04:20:00+00:00,2026-06-26 04:20:00+00:00,570,365.0,1.5616438356164384,0.23405641492977614,0.23405641492977614,0.5210526315789473,1.0717716642625827,5.512894091911407,-0.3570068273422985,0.6873827490555146,13,7,0.28573469770249726,0.16412546332613887,0.1540876103101665,False
style_only__q85,style_only,0.85,full_year,2025-06-26 04:20:00+00:00,2026-06-26 04:20:00+00:00,655,365.0,1.7945205479452055,0.17607898153093293,0.17607898153093293,0.583206106870229,1.0608106478641344,3.6118142104916067,-0.31796723433595087,0.6134231547951289,13,6,-0.0037887429804209782,-0.2281830854211485,-0.1458786182931362,False
side_only__q50,side_only,0.5,full_year,2025-06-26 04:20:00+00:00,2026-06-26 04:20:00+00:00,714,365.0,1.9561643835616438,0.16599258810546136,0.16599258810546136,0.5658263305322129,1.054124839468397,3.3850820762601237,-0.4058131166333123,0.5745992148638798,13,5,-0.12566077122646324,-0.33267833584875206,-0.23965375256101984,False
side_only__q60,side_only,0.6,full_year,2025-06-26 04:20:00+00:00,2026-06-26 04:20:00+00:00,714,365.0,1.9561643835616438,0.16599258810546136,0.16599258810546136,0.5658263305322129,1.054124839468397,3.3850820762601237,-0.4058131166333123,0.5745992148638798,13,5,-0.12566077122646324,-0.33267833584875206,-0.23965375256101984,False
style_only__q95,style_only,0.95,full_year,2025-06-26 04:20:00+00:00,2026-06-26 04:20:00+00:00,547,365.0,1.4986301369863013,0.113166089531332,0.113166089531332,0.583180987202925,1.0518257956211439,3.1631769357542825,-0.2978066630048536,0.47617409233266045,13,8,-0.06332491300916276,-0.21458239814531122,-0.08707788039863462,False
style_only__q90,style_only,0.9,full_year,2025-06-26 04:20:00+00:00,2026-06-26 04:20:00+00:00,617,365.0,1.6904109589041096,0.09383572574677057,0.09383572574677057,0.5753646677471637,1.0433963497276304,2.54931523159987,-0.29035878417105154,0.4275713038505199,13,7,-0.003753174426138872,-0.1969402040005922,-0.11130408054542351,False
style_only__q50,style_only,0.5,full_year,2025-06-26 04:20:00+00:00,2026-06-26 04:20:00+00:00,725,365.0,1.9863013698630136,-0.04746309992802178,-0.04746309992802178,0.5572413793103448,1.0073516280395827,0.460374167440196,-0.5244579045288744,0.08244174706672946,13,7,-0.18774687080334218,-0.46743437666633003,-0.41936625842261044,False
equal_weight__q70,equal_weight,0.7,full_year,2025-06-26 04:20:00+00:00,2026-06-26 04:20:00+00:00,751,365.0,2.0575342465753423,-0.05162926291503689,-0.05162926291503689,0.4966711051930759,1.0126804543426817,0.9548175143913844,-0.4352778150715707,0.14315882618100262,13,8,0.014670417490420196,-0.24962393687339057,-0.07634169042517513,False
side_only__q70,side_only,0.7,full_year,2025-06-26 04:20:00+00:00,2026-06-26 04:20:00+00:00,695,365.0,1.904109589041096,-0.32062799255209795,-0.32062799255209795,0.5309352517985612,0.9400835559871015,-4.200786643732822,-0.420179376237689,-0.6701018169698865,13,7,-0.16658588828177612,-0.36391360051512733,-0.27524321046817224,False
side_only__q80,side_only,0.8,full_year,2025-06-26 04:20:00+00:00,2026-06-26 04:20:00+00:00,691,365.0,1.893150684931507,-0.32243715091709,-0.32243715091709,0.5238784370477568,0.9389948728605502,-4.274815553877201,-0.4201793762376892,-0.680778162731759,13,7,-0.16658588828177612,-0.36391360051512733,-0.27524321046817224,False
side_only__q85,side_only,0.85,full_year,2025-06-26 04:20:00+00:00,2026-06-26 04:20:00+00:00,691,365.0,1.893150684931507,-0.32243715091709,-0.32243715091709,0.5238784370477568,0.9389948728605502,-4.274815553877201,-0.4201793762376892,-0.680778162731759,13,7,-0.16658588828177612,-0.36391360051512733,-0.27524321046817224,False
side_only__q90,side_only,0.9,full_year,2025-06-26 04:20:00+00:00,2026-06-26 04:20:00+00:00,691,365.0,1.893150684931507,-0.32243715091709,-0.32243715091709,0.5238784370477568,0.9389948728605502,-4.274815553877201,-0.4201793762376892,-0.680778162731759,13,7,-0.16658588828177612,-0.36391360051512733,-0.27524321046817224,False
side_only__q95,side_only,0.95,full_year,2025-06-26 04:20:00+00:00,2026-06-26 04:20:00+00:00,691,365.0,1.893150684931507,-0.32243715091709,-0.32243715091709,0.5238784370477568,0.9389948728605502,-4.274815553877201,-0.4201793762376892,-0.680778162731759,13,7,-0.16658588828177612,-0.36391360051512733,-0.27524321046817224,False
