strategy,entry_ts,exit_ts,side,exit_reason,entry_price,exit_price,allocation,raw_pnl_pct,pnl_pct,hold_bars,entry_atr_pct,mfe_pct,mfe_atr,mae_pct,mae_atr,capture_ratio,giveback_pct,giveback_atr,post_32_follow_pct,post_96_follow_pct,post_32_reverse_pct,post_96_follow_atr,diagnosis
V12_volume_ema21_none_cw24_ta5_mfe4_adx0,2025-06-09 17:30:00+00:00,2025-06-10 05:45:00+00:00,long,warning_confirm_volume,38.143062,38.76061,1.9997658353822731,0.016190310049046364,0.03237682890032921,50,0.008000936768149886,0.039979433219073934,4.996844041840699,0.02024121713144056,2.5298559053755754,0.404965972387074,0.02378912317002757,2.9732922355701232,0.08034935466701887,0.09417782640675676,0.003524454336502947,11.770849981174663,early_exit
V12_volume_ema21_none_cw24_ta5_mfe4_adx0,2025-06-10 06:15:00+00:00,2025-06-10 13:45:00+00:00,long,warning_confirm_volume,38.769375,40.478750500000004,2.0270622801169775,0.04409087069368556,0.08937494088068507,31,0.007893196058621679,0.08010510873595478,10.148627772707682,0.0004997501249374148,0.06331403923402378,0.5504127188569135,0.03601423804226922,4.562693967664865,0.03911310207067764,0.06574435888281682,0.023438235822027198,8.329244376364471,early_exit
V12_volume_ema21_none_cw24_ta5_mfe4_adx0,2025-06-10 14:00:00+00:00,2025-06-11 01:00:00+00:00,long,warning_confirm_volume,40.475227499999995,41.43827050000001,2.069336986926984,0.02379339313163875,0.04923654845179453,45,0.00773194511144383,0.04782610548637445,6.185520563976637,0.023353235012699924,3.020357061011138,0.49749802727335674,0.024032712354735697,3.1082362857394794,0.041066614978537475,0.06394401764426894,0.014606557964334188,8.270107550249836,early_exit
V12_volume_ema21_none_cw24_ta5_mfe4_adx0,2025-06-16 11:15:00+00:00,2025-06-16 16:00:00+00:00,long,warning_confirm_volume,43.951964999999994,44.587695000000004,1.6859373619196163,0.014464199723493776,0.02438573472410554,20,0.009490269544642112,0.04309329514618976,4.54078727094941,0.021295179862834246,2.2438962099719064,0.3356484964639024,0.028629095422695983,3.016678850692814,0.015324968020885565,0.015324968020885565,0.07299536340687729,1.6148085097896434,late_exit_giveback
V12_volume_ema21_none_cw24_ta5_mfe4_adx0,2025-06-29 11:30:00+00:00,2025-06-30 06:45:00+00:00,long,warning_confirm_volume,38.751366,40.071954,1.7449774466961916,0.034078489000878065,0.05946619472401646,78,0.00916917294850612,0.064968909741143,7.08558013967094,0.02029260078212458,2.213133168726056,0.5245353375431066,0.030890420740264934,3.3689429694199116,0.006813892828884782,0.029597907803547763,0.016119852802785606,3.2279800991615035,early_exit
V12_volume_ema21_none_cw24_ta5_mfe4_adx0,2025-06-30 07:00:00+00:00,2025-07-01 19:45:00+00:00,long,stop_loss,39.992986499999994,37.00669442010806,1.940504711294919,-0.07467039451759705,-0.14489825235564735,148,0.008245277585192274,0.03163088358004984,3.8362424130942383,0.07526285890152262,9.127995767745587,-2.3606800084678317,0.10630127809764689,12.892383185322199,0.018761621127519,0.07380571603844333,0.005342125883057602,8.95127123081839,bad_entry
V12_volume_ema21_none_cw24_ta5_mfe4_adx0,2025-07-10 03:30:00+00:00,2025-07-11 11:15:00+00:00,long,warning_confirm_volume,41.43370649999999,45.510233500000005,3.0,0.09838673255070751,0.29516019765212254,128,0.005296926258490256,0.11879925586671836,22.42796106068104,0.0172735330835051,3.261048434612048,0.828176336904738,0.020412523316010844,3.853654425204114,0.02917511948164342,0.04178766738254591,0.010266559058634717,7.889040802779903,early_exit
V12_volume_ema21_none_cw24_ta5_mfe4_adx0,2025-07-11 14:45:00+00:00,2025-07-12 11:45:00+00:00,long,warning_confirm_volume,46.2421095,46.860558000000005,3.0,0.013374141160234165,0.040122423480702496,85,0.004945100511701552,0.025299245917836055,5.116022588008201,0.02593111588042929,5.24379955858707,0.5286379366274055,0.01192510475760189,2.4114989633443464,0.000564269849283372,0.028242130620808936,0.037826224775215134,5.711133788682314,early_exit
V12_volume_ema21_none_cw24_ta5_mfe4_adx0,2025-07-13 19:45:00+00:00,2025-07-14 18:45:00+00:00,long,stop_loss,49.143559499999995,46.735279072620976,2.967281357455893,-0.04900500598413138,-0.14541164067872753,93,0.005392141179937916,0.015860481168443075,2.9414068807125875,0.05222575503510274,9.685531830919913,-3.0897553147148242,0.06486548715257445,12.029634423133057,0.027339537769606403,0.035534631660131266,0.0049487042168208095,6.590078129323091,bad_entry
V12_volume_ema21_none_cw24_ta5_mfe4_adx0,2025-08-01 08:30:00+00:00,2025-08-01 23:45:00+00:00,short,warning_confirm_volume,39.581199500000004,37.5417615,1.8153650100624212,0.05152542181042297,0.09353744788334899,62,0.007711947692281791,0.08231684590559218,10.673937271122295,0.020606732815360962,2.672052980336527,0.625940185676169,0.030791424095169218,3.992690993740225,0.00039320211439730635,0.054572865474093346,0.025098409407347644,7.07640503432233,early_exit
V12_volume_ema21_none_cw24_ta5_mfe4_adx0,2025-08-09 13:45:00+00:00,2025-08-10 21:00:00+00:00,long,warning_confirm_volume,43.691835,44.9545115,2.46878054166601,0.028899598746539468,0.07134676704741205,126,0.006480932480617618,0.04014857695951668,6.194876598327192,0.020114398948911094,3.1036272957736846,0.7198162658586883,0.011248978212977212,1.735703657863939,0.036670145998583425,0.041030108846806135,0.009910273410489667,6.330895896464587,early_exit
V12_volume_ema21_none_cw24_ta5_mfe4_adx0,2025-08-18 04:00:00+00:00,2025-08-19 09:00:00+00:00,short,warning_confirm_volume,44.127925,42.3161475,1.6605162497301702,0.04105739166298883,0.06817646602792897,117,0.00843111291580252,0.05746757863643026,6.816132011317059,0.014055343298254974,1.6670804244491735,0.7144444334907375,0.016410186973441432,1.9463844378935613,0.014206101819642214,0.032544255121523036,0.04399862960114698,3.8600188903323795,early_exit
V12_volume_ema21_none_cw24_ta5_mfe4_adx0,2025-08-23 02:30:00+00:00,2025-08-25 04:15:00+00:00,long,warning_confirm_volume,43.9569675,46.19189250000001,2.2770569180934754,0.05084347549680279,0.1157734876199109,200,0.007026613991448405,0.07846384080066482,11.166664469708683,0.015036694694646524,2.1399631049815206,0.6479860656575456,0.027620365303862027,3.9308214934642516,0.004721770167783967,0.013706030771525324,0.04957347222783759,1.9505882617439871,good_capture
V12_volume_ema21_none_cw24_ta5_mfe4_adx0,2025-08-26 21:00:00+00:00,2025-08-27 07:30:00+00:00,long,warning_confirm_volume,48.968472,49.985994500000004,2.271843483291098,0.02077913519539676,0.04720694288208682,43,0.007042738691145069,0.04667345960886826,6.627174690941102,0.016714264639501097,2.3732620749533373,0.4452023777437871,0.025894324413471503,3.676740760810676,0.01576452580132215,0.01576452580132215,0.03524976381134137,2.238408450556756,early_exit
V12_volume_ema21_none_cw24_ta5_mfe4_adx0,2025-08-27 07:45:00+00:00,2025-08-28 17:00:00+00:00,long,stop_loss,49.756865999999995,46.52600872479753,2.233765898694516,-0.0649328933860599,-0.14504488294934728,134,0.007162791772114934,0.020442083309668346,2.8539267872130925,0.0741177308072416,10.347603722864767,-3.1764322844408452,0.08537497669572824,11.919231971547298,0.017710336600682997,0.017710336600682997,0.025835199660203867,2.4725466220629397,bad_entry
V12_volume_ema21_none_cw24_ta5_mfe4_adx0,2025-09-08 06:30:00+00:00,2025-09-08 17:00:00+00:00,long,warning_confirm_volume,49.72985249999999,50.972501,3.0,0.024987978800057986,0.07496393640017396,43,0.004772227363564425,0.04510665902337041,9.45190905357028,0.003536155672289376,0.7409864205732616,0.5539753850337564,0.020118680223312424,4.215784096314636,0.00734707916333166,0.08605618547145655,0.0215116185882267,18.032708610760807,early_exit
V12_volume_ema21_none_cw24_ta5_mfe4_adx0,2025-09-08 17:15:00+00:00,2025-09-09 11:45:00+00:00,long,warning_confirm_volume,50.6863305,54.213879500000004,3.0,0.06959566741569523,0.20878700224708568,75,0.004832608378922037,0.0921879618016539,19.076232662208263,0.01598716048304183,3.3081845722843215,0.7549322715847987,0.022592294385958667,4.674969005247247,0.002123450693101603,0.029404287512757588,0.039434172940898016,6.0845583186520305,early_exit
V12_volume_ema21_none_cw24_ta5_mfe4_adx0,2025-09-09 12:00:00+00:00,2025-09-10 10:00:00+00:00,long,warning_confirm_volume,53.940957,54.786593,3.0,0.015677067056856453,0.04703120117056936,89,0.00481004049584222,0.03461271552894396,7.195930171245554,0.03457404361587424,7.187890340166554,0.4529279721998964,0.018935648472087507,3.936692110691252,0.01309457224324917,0.027130852980764786,0.013645546456958924,5.640462487626993,early_exit
V12_volume_ema21_none_cw24_ta5_mfe4_adx0,2025-09-21 12:00:00+00:00,2025-09-21 18:45:00+00:00,short,warning_confirm_volume,52.4747495,52.104039,2.442160523310144,0.00706455016045382,0.01725276551680466,28,0.0057326289023066235,0.03505971000395158,6.115817123596592,0.00871336141756085,1.5199590913786303,0.20150053037111754,0.027995159843497763,4.883476729539116,0.05999609742346457,0.11734289927120622,0.0023791053895072523,20.46929973506418,early_exit
V12_volume_ema21_none_cw24_ta5_mfe4_adx0,2025-09-21 19:00:00+00:00,2025-09-22 05:00:00+00:00,short,warning_confirm_volume,51.950012,50.177076,2.4126207100708497,0.0341277303266071,0.08233726897368529,41,0.005802818462744968,0.057209072444487585,9.858842355965308,0.005322585586275519,0.9172414440409222,0.596544024721301,0.023081342117880488,3.9776088578449307,0.08344599434211741,0.09709764674210986,0.0,16.73284238779697,early_exit
V12_volume_ema21_none_cw24_ta5_mfe4_adx0,2025-09-22 05:45:00+00:00,2025-09-22 09:00:00+00:00,short,warning_confirm_volume,49.11243150000001,49.316646,2.214834933593975,-0.004158102007227882,-0.00920950958305554,14,0.006321012815741729,0.06357721262487293,10.058073678721463,0.00895085357978831,1.4160473709999883,-0.06540239553693697,0.06773531463210081,10.715895791796859,0.036025280389100245,0.08134466403088314,0.018722968305671106,12.868928825504664,late_exit_giveback
V12_volume_ema21_none_cw24_ta5_mfe4_adx0,2025-09-22 14:00:00+00:00,2025-09-23 04:45:00+00:00,short,warning_confirm_volume,49.907034,46.5542655,2.2013986391497506,0.0671802796375357,0.1478905761717708,60,0.006359593283571411,0.09221213186101185,14.499690113709205,0.006627507961783463,1.042127643430304,0.7285405757541124,0.025031852223476148,3.9360775300112896,0.004623969419085827,0.06354445652246421,0.051375195684270736,9.991905722433087,early_exit
V12_volume_ema21_none_cw24_ta5_mfe4_adx0,2025-10-11 03:15:00+00:00,2025-10-13 07:15:00+00:00,short,stop_loss,38.536722,42.3445205252809,1.2823059537149293,-0.0988096113956165,-0.12670415297685755,209,0.010917831239448767,0.08689690835665775,7.959173067511631,0.09120078294500533,8.353379068131666,-1.1370900675782907,0.18570651975227426,17.00946970871574,0.06889959997395778,0.0907914525324619,0.006056969627651787,8.315887152057307,bad_entry
V12_volume_ema21_none_cw24_ta5_mfe4_adx0,2025-10-23 12:30:00+00:00,2025-10-23 16:45:00+00:00,long,warning_confirm_volume,39.1805805,39.696142,1.6823561470873802,0.01315859779055617,0.022137447879992594,18,0.009510471387227007,0.041281152023768586,4.340599991627233,0.0017503696761204113,0.18404657401853255,0.3187555856721198,0.028122554233212416,2.957009499127696,0.019091477453904604,0.029898573014979668,0.020358200048760544,3.1437530063057446,early_exit
V12_volume_ema21_none_cw24_ta5_mfe4_adx0,2025-10-25 19:15:00+00:00,2025-10-26 03:15:00+00:00,long,warning_confirm_volume,42.9684735,43.8710535,2.0478433271689527,0.021005633351159236,0.04301624609112905,33,0.00781309770514488,0.04269470964566602,5.464504765830817,0.005317235670473597,0.6805540991727554,0.49199616358771836,0.02168907629450678,2.7759893851352517,0.07665524831766346,0.11121106312160922,0.008229879868282719,14.23392709505954,early_exit
V12_volume_ema21_none_cw24_ta5_mfe4_adx0,2025-10-26 03:30:00+00:00,2025-10-26 15:00:00+00:00,long,warning_confirm_volume,43.98598199999999,46.946515,2.0690390083339167,0.06730628407932349,0.13925932726612436,47,0.007733058649717735,0.10498840289617739,13.576568813429287,0.010821220269675802,1.3993454284833065,0.6410830360557289,0.037682118816853905,4.872860859296514,0.029341581584916288,0.054391364300417244,0.007977482460625573,7.033615903379006,early_exit
V12_volume_ema21_none_cw24_ta5_mfe4_adx0,2025-10-26 15:15:00+00:00,2025-10-27 03:00:00+00:00,long,warning_confirm_volume,47.0445105,47.7091335,2.1663783070370144,0.014127535666462077,0.030605586799715152,48,0.007385598326953071,0.03625267819504674,4.908563475858941,0.01004390299692881,1.3599308481581647,0.3896963305842696,0.022125142528584663,2.995714300876743,0.03753718352482749,0.03753718352482749,0.03997418020597676,5.082483755965843,early_exit
V12_volume_ema21_none_cw24_ta5_mfe4_adx0,2025-11-21 09:45:00+00:00,2025-11-21 13:45:00+00:00,short,warning_confirm_volume,33.48824750000001,33.74686499999999,1.4327826110671718,-0.007722634634732328,-0.01106485661626956,17,0.009771196196729701,0.05459370485123194,5.587207927469901,0.010394577423167739,1.0637978415218676,-0.14145650411117067,0.06231633948596427,6.377554828632013,0.04894869493803333,0.051408182656373924,0.02519152519797041,5.261196441186966,late_exit_giveback
V12_volume_ema21_none_cw24_ta5_mfe4_adx0,2025-11-21 14:00:00+00:00,2025-11-23 01:00:00+00:00,short,warning_confirm_volume,33.215384,30.3341595,1.392702159503955,0.08674367576180975,0.12080810455678331,141,0.010052400582897383,0.11637330461089956,11.576668045729384,0.03993456080006941,3.9726392189356177,0.7453915316046229,0.029629628849089817,2.9475177202448624,0.0,0.0031370409323521198,0.05030106405288737,0.31206883435279265,good_capture
V12_volume_ema21_none_cw24_ta5_mfe4_adx0,2025-11-26 06:00:00+00:00,2025-11-27 03:45:00+00:00,long,warning_confirm_volume,34.6563195,35.62118050000001,1.5223946339010896,0.027840838667245293,0.0423847433903202,88,0.010509758536786543,0.05426659631297537,5.163448439184397,0.04750416442807792,4.520005313328803,0.5130382327035394,0.026425757645730075,2.514401977289385,0.008276522447087098,0.009539815784600059,0.03273840124417016,0.9077102724300026,mixed
V12_volume_ema21_none_cw24_ta5_mfe4_adx0,2025-12-03 06:30:00+00:00,2025-12-04 04:30:00+00:00,long,warning_confirm_volume,34.701342,35.330326,1.9630336637415968,0.018125639060299292,0.035581239652197116,89,0.008150649831192174,0.042870330490388575,5.259743870522536,0.0364637771069487,4.473726373006905,0.4228014772212455,0.024744691430089283,3.035916392260216,0.002566463722978307,0.002566463722978307,0.025284963405092897,0.3148784178111253,mixed
V12_volume_ema21_none_cw24_ta5_mfe4_adx0,2025-12-05 11:45:00+00:00,2025-12-05 20:15:00+00:00,short,warning_confirm_volume,31.957013500000002,31.2346095,1.5856391527585947,0.022605491592635918,0.03584415253663875,35,0.008829247168653527,0.047032351755898594,5.326881313604804,0.0038026902334860058,0.4306924657162952,0.4806370667994682,0.024426860163262676,2.7665847038448925,0.020157431454361552,0.021374030624586537,0.0029259370122747264,2.420821415043261,early_exit
V12_volume_ema21_none_cw24_ta5_mfe4_adx0,2025-12-05 23:45:00+00:00,2025-12-07 12:15:00+00:00,short,warning_confirm_volume,30.922531,30.0280065,1.5525189701246536,0.028927919904098376,0.04491114441735928,147,0.009017603178707648,0.05787142714805593,6.417606319681694,0.017490197947446995,1.9395617217604812,0.4998653278428809,0.028943507243957556,3.2096674327274597,0.06370740928139873,0.06370740928139873,0.0,7.064782960490496,early_exit
V12_volume_ema21_none_cw24_ta5_mfe4_adx0,2025-12-29 01:15:00+00:00,2025-12-30 09:00:00+00:00,long,warning_confirm_volume,25.9019445,26.0239815,2.816378192415104,0.00471149955556438,0.013269364601864975,128,0.005681055208810455,0.030733426210530324,5.409809459846023,0.023007712799322788,4.04990128658516,0.1533021252915192,0.026021926654965943,4.580474172229462,0.00023126745613466504,0.0036127638655136796,0.025552642665381486,0.6359318353236263,late_exit_giveback
V12_volume_ema21_none_cw24_ta5_mfe4_adx0,2026-01-04 22:15:00+00:00,2026-01-05 02:30:00+00:00,long,warning_confirm_volume,26.5142505,26.4437715,2.66193314523814,-0.002658155470017909,-0.007075832150836739,18,0.006010669362084456,0.033331113772195886,5.54532478236948,0.009626917419370384,1.6016381603182779,-0.07974997439885391,0.035989269242213795,5.987564291796776,0.012601398404913589,0.03918610853221138,0.019617908890189883,6.519425070924535,late_exit_giveback
V12_volume_ema21_none_cw24_ta5_mfe4_adx0,2026-01-05 02:45:00+00:00,2026-01-06 17:45:00+00:00,long,warning_confirm_volume,26.4121995,27.031477500000005,2.6203303822826185,0.023446665242703668,0.06143800929866629,157,0.006106100249107558,0.04118553246578349,6.744981376911229,0.024655254478143762,4.037807024499355,0.5692937261933644,0.017738867223079824,2.9051057957445856,0.05062699587915587,0.05062699587915587,0.021215174050327246,8.291215966615566,early_exit
V12_volume_ema21_none_cw24_ta5_mfe4_adx0,2026-01-10 09:15:00+00:00,2026-01-11 01:00:00+00:00,short,warning_confirm_volume,24.573707,24.130058999999996,1.8194256229549457,0.018053767793357434,0.032847487714113284,64,0.0076947360877893285,0.03347915721466033,4.350916890806423,0.0050325127540692405,0.6540201894715097,0.539253950677462,0.015425389421302893,2.0046677683697602,0.004561074633095408,0.004561074633095408,0.015331127039515557,0.5927525754045437,mixed
V12_volume_ema21_none_cw24_ta5_mfe4_adx0,2026-01-12 16:15:00+00:00,2026-01-13 20:00:00+00:00,short,stop_loss,23.585201500000004,25.12377282657641,1.9473819004683626,-0.06523460597003616,-0.12703669095023382,112,0.007189139426957227,0.013745971176036154,1.9120468194694726,0.062442300047702126,8.685643209750706,-4.74572550273945,0.07898057714607232,10.986096173057602,0.016787798133974907,0.016787798133974907,0.04009060185252622,2.335161016772806,bad_entry
V12_volume_ema21_none_cw24_ta5_mfe4_adx0,2026-01-14 04:00:00+00:00,2026-01-14 18:00:00+00:00,long,warning_confirm_volume,26.079033,26.135925500000003,2.7624230644127934,0.0021815417772586,0.006026341321479233,57,0.005792016511200507,0.030866443552565848,5.329135974125216,0.014418977881580197,2.489457316583441,0.07067681035372324,0.028684901775307248,4.952489641532764,0.01297350269842168,0.01297350269842168,0.029535035979498914,2.2398939425213538,early_exit
V12_volume_ema21_none_cw24_ta5_mfe4_adx0,2026-01-19 02:15:00+00:00,2026-01-20 20:30:00+00:00,short,warning_confirm_volume,23.934027000000004,21.809899499999997,2.1494177988093406,0.0887492731582532,0.1907592673577415,170,0.0065133916764601235,0.12354907930871817,18.96847072090469,0.012255911848458534,1.8816482191225044,0.7183321288578042,0.03479980615046496,5.342808766780297,0.045800279822472256,0.06120612797871883,0.0,9.396967205261474,early_exit
V12_volume_ema21_none_cw24_ta5_mfe4_adx0,2026-01-20 22:45:00+00:00,2026-01-21 14:15:00+00:00,short,warning_confirm_volume,21.3523185,21.1975935,1.9351534676821456,0.007246285690240106,0.01402267488128365,63,0.007234568334659615,0.0398700731257825,5.511050733292766,0.019906430735334713,2.751571319046958,0.18174748933565918,0.032623787435542395,4.509431098915362,0.03408846858017156,0.03408846858017156,0.04294857810156616,4.7118870129209185,early_exit
V12_volume_ema21_none_cw24_ta5_mfe4_adx0,2026-01-26 21:45:00+00:00,2026-01-27 11:00:00+00:00,long,warning_confirm_volume,24.696342,27.2153855,2.380097434977579,0.10200067281219205,0.24277153972628557,54,0.006722413866283892,0.1370509851216022,20.38716863431723,0.002686308765889378,0.3996047877031934,0.744253481444801,0.03505031230941014,5.213947401424383,0.06336910054057476,0.28048893520174456,0.0025862393167276343,41.72443720082904,early_exit
V12_volume_ema21_none_cw24_ta5_mfe4_adx0,2026-01-27 11:15:00+00:00,2026-01-27 13:15:00+00:00,long,warning_confirm_volume,27.517752,27.476255,2.451805455600697,-0.0015080083576595182,-0.003697343118401054,9,0.006525803245706528,0.02842703139413416,4.356096916166901,0.005987116970892048,0.91745287828454,-0.05304839385975039,0.02993503975179368,4.587180861066967,0.08908583065632492,0.2683315102440271,0.012056046211537885,41.1185412953675,late_exit_giveback
V12_volume_ema21_none_cw24_ta5_mfe4_adx0,2026-01-27 14:15:00+00:00,2026-01-27 17:30:00+00:00,long,warning_confirm_volume,27.543765,27.550218,2.438531279347558,0.00023428169678330057,0.0005713032457846987,14,0.006561326539260503,0.050691508586426126,7.725801830332214,0.01447750516314672,2.2064905742030656,0.0046217148259429615,0.050457226889642826,7.690095377470671,0.1951629566052797,0.26492646991032864,0.002439835503298071,40.37696772521663,early_exit
V12_volume_ema21_none_cw24_ta5_mfe4_adx0,2026-01-27 17:45:00+00:00,2026-01-28 06:00:00+00:00,long,warning_confirm_volume,27.545765999999997,32.7646095,2.389757685352622,0.18946082312613854,0.4527654581389234,50,0.00669523947890939,0.2445106808792321,36.52007992387171,0.0022786078993045633,0.3403325462042671,0.7748570428288014,0.05504985775309357,8.222238790189,0.06361713238181577,0.06361713238181577,0.0,9.501845689346212,early_exit
V12_volume_ema21_none_cw24_ta5_mfe4_adx0,2026-01-28 06:15:00+00:00,2026-01-29 22:30:00+00:00,long,stop_loss,32.878431,30.98129663171443,2.5161583523831905,-0.05770148728464475,-0.14518607917619133,162,0.00635890025953475,0.05993500723924439,9.425373066573234,0.06704793790190289,10.543951810121403,-0.9627343007454052,0.11763649452388913,18.499503015085192,0.005090276567835339,0.06186646708399923,0.09174233943471799,9.729114242865275,bad_entry
V12_volume_ema21_none_cw24_ta5_mfe4_adx0,2026-02-03 04:15:00+00:00,2026-02-03 15:15:00+00:00,long,stop_loss,38.435207999999996,34.066345779686515,1.2718056542542382,-0.113668234091864,-0.144563902827127,45,0.012580538501680184,0.0,0.0,0.1136512127110122,9.03389093366978,,0.113668234091864,9.035243926695436,0.04877700211991387,0.04877700211991387,0.05346466543448791,3.877179193354839,bad_entry
V12_volume_ema21_none_cw24_ta5_mfe4_adx0,2026-02-23 03:30:00+00:00,2026-02-23 21:00:00+00:00,short,warning_confirm_volume,26.9155355,26.4402135,2.1086505031336604,0.017659763819300678,0.03723826986278999,71,0.006639317411393986,0.04839344548801572,7.288918798333979,0.04676528190961893,7.043688230564673,0.36492057222240953,0.03073368166871504,4.629042379563266,0.030983618948462688,0.030983618948462688,0.008047835922353697,4.666687406041247,early_exit
V12_volume_ema21_none_cw24_ta5_mfe4_adx0,2026-02-25 23:45:00+00:00,2026-02-26 11:30:00+00:00,long,warning_confirm_volume,27.654820499999996,28.5667095,2.399479941548323,0.03297396198973712,0.07912036038775104,48,0.0066681115865780535,0.0626718766805956,9.39874443714245,0.002235433059491254,0.3352422991827039,0.526136502306887,0.029697914690858473,4.45372191290801,0.02966006637901364,0.048318148087724166,0.026069138274396053,7.246151696828473,early_exit
V12_volume_ema21_none_cw24_ta5_mfe4_adx0,2026-02-28 21:15:00+00:00,2026-03-01 01:15:00+00:00,long,warning_confirm_volume,30.363173999999997,30.212886000000005,2.2821924997552143,-0.0049496801618958974,-0.011296122941665992,17,0.007010802113194283,0.034147484054203314,4.870695749625849,0.006658526542712373,0.9497524584499497,-0.1449500687675591,0.03909716421609921,5.576703433479974,0.04382613431897875,0.08443794478951783,0.0,12.043977768336404,late_exit_giveback
V12_volume_ema21_none_cw24_ta5_mfe4_adx0,2026-03-01 01:30:00+00:00,2026-03-01 06:45:00+00:00,long,warning_confirm_volume,30.341162999999998,30.825579500000003,2.2260197844059566,0.015965653656717205,0.0355398609108258,22,0.007187716889169436,0.03941302447767092,5.483385765660731,0.0029386810255097595,0.40884763142769437,0.4050857265664145,0.023447370820953717,3.2621444587341193,0.014936312876129287,0.06288350556394251,0.01318967904561219,8.74874546863363,early_exit
V12_volume_ema21_none_cw24_ta5_mfe4_adx0,2026-03-01 09:00:00+00:00,2026-03-01 17:00:00+00:00,long,warning_confirm_volume,30.526255499999998,30.96451,2.1469237132834182,0.01435664128540104,0.030822613618731225,33,0.007452523767381677,0.04342964698044938,5.827508685115898,0.002301477821280762,0.30881858188147027,0.3305723689594791,0.029073005695048337,3.9010953339451966,0.05811459635563421,0.08801980073316185,0.006281707671137116,11.810737339531649,early_exit
V12_volume_ema21_none_cw24_ta5_mfe4_adx0,2026-03-09 15:15:00+00:00,2026-03-10 00:15:00+00:00,long,warning_confirm_volume,32.8214025,34.481750500000004,2.190272915256553,0.05058735683217708,0.110800117523936,37,0.007305025729236977,0.07746766762937685,10.604708388545058,0.01893284420127983,2.591755991427206,0.6530125196772237,0.02688031079719977,3.6797010432990582,0.02082984447091807,0.02082984447091807,0.030356651991899408,2.851440260853644,early_exit
V12_volume_ema21_none_cw24_ta5_mfe4_adx0,2026-03-10 00:30:00+00:00,2026-03-11 18:00:00+00:00,long,warning_confirm_volume,34.2000915,36.029976000000005,2.261576710786214,0.05350525158682706,0.12100623089352522,167,0.0070747102778741305,0.08186845055663095,11.571986320439327,0.02237103663889306,3.1621134661666033,0.6535515357019713,0.028363198969803882,4.009096889594001,0.028837765531678272,0.05595407557307275,0.007826150092356654,7.90902713685207,early_exit
V12_volume_ema21_none_cw24_ta5_mfe4_adx0,2026-03-16 12:15:00+00:00,2026-03-17 00:45:00+00:00,long,warning_confirm_volume,39.392686499999996,40.36880550000001,2.380901071954827,0.024779193467802996,0.058996808289668204,51,0.006720144817635484,0.05207346038712046,7.748859853505771,0.02517438103643921,3.7461069247160865,0.4758507171136976,0.027294266919317467,4.061559335401508,0.02970596937776593,0.0440982703835513,0.008987273601642864,6.562101201721943,early_exit
V12_volume_ema21_none_cw24_ta5_mfe4_adx0,2026-03-17 02:15:00+00:00,2026-03-17 08:45:00+00:00,long,warning_confirm_volume,40.505242499999994,40.908535500000006,2.480269397104323,0.009956563030082188,0.024694958583853142,27,0.006450912154413451,0.02623752962348025,4.06725886129601,0.012325379856693686,1.9106414041402133,0.3794779147641992,0.01628096659339806,2.5238239498051893,0.021156086118018003,0.035334056385371904,0.03201130238456007,5.477373670512283,early_exit
V12_volume_ema21_none_cw24_ta5_mfe4_adx0,2026-04-06 04:15:00+00:00,2026-04-08 11:45:00+00:00,long,warning_confirm_volume,37.1555685,39.1034385,3.0,0.05242471259725168,0.15727413779175503,223,0.004881229675735005,0.06853431673370824,14.040379430289457,0.03801767963797942,7.788545543547856,0.7649410557480156,0.016109604136456568,3.300316765781118,0.01765986640791173,0.01765986640791173,0.03486748358459579,3.617913431875656,early_exit
V12_volume_ema21_none_cw24_ta5_mfe4_adx0,2026-04-08 13:00:00+00:00,2026-04-08 18:30:00+00:00,long,stop_loss,39.677828999999996,38.08573654753347,3.0,-0.040125493067338036,-0.12037647920201411,23,0.004405035080577856,0.0029278567635342423,0.664661395420752,0.04457978283035591,10.120187924702725,-13.70473226938267,0.04305334983087228,9.773667869456446,0.042568782946946104,0.05483059123355116,0.00907784853003879,12.447254160427354,bad_entry
V12_volume_ema21_none_cw24_ta5_mfe4_adx0,2026-04-10 14:15:00+00:00,2026-04-11 21:15:00+00:00,long,warning_confirm_volume,41.908944,42.4277755,3.0,0.012379970728921386,0.03713991218676416,125,0.0046032617592491505,0.030305130093471355,6.583403612140992,0.01565164705653277,3.4001210174686545,0.40851072708605224,0.01792515936454997,3.894012615844333,0.01391127611675036,0.01391127611675036,0.042537594270055545,3.022047592405317,early_exit
V12_volume_ema21_none_cw24_ta5_mfe4_adx0,2026-04-13 19:15:00+00:00,2026-04-14 03:30:00+00:00,long,warning_confirm_volume,43.658818499999995,44.3228275,3.0,0.015209046483930955,0.045627139451792864,34,0.005248453965998713,0.0302615037555356,5.7657938797939385,0.013326482941813822,2.5391254316313634,0.502587267532891,0.015052457271604647,2.8679792885904374,0.02143754253945107,0.02143754253945107,0.0,4.084544263573775,early_exit
V12_volume_ema21_none_cw24_ta5_mfe4_adx0,2026-04-14 05:00:00+00:00,2026-04-19 05:15:00+00:00,long,opposite_cross,44.9494635,43.503237500000004,3.0,-0.0321744885787123,-0.0965234657361369,482,0.005302469616703025,0.017809700887753577,3.3587558581480965,0.0453723657903059,8.556836544122921,-1.8065709683443552,0.04998418946646588,9.426586681234978,0.009557047334695312,0.009557047334695312,0.018233987757807713,1.8023766330673863,bad_entry
V12_volume_ema21_none_cw24_ta5_mfe4_adx0,2026-04-19 11:45:00+00:00,2026-04-20 01:15:00+00:00,short,warning_confirm_volume,43.310334000000005,41.432705999999996,2.4527128700957253,0.04335288663440018,0.10633218300399427,55,0.0057079653190116805,0.06461123112096079,11.31948558022214,0.013858831029850194,2.427980945099683,0.6709806620653587,0.02125834448656061,3.7243296513654074,0.0183359011115517,0.02608340377285523,0.003820508368437281,4.569650009256101,early_exit
V12_volume_ema21_none_cw24_ta5_mfe4_adx0,2026-04-20 01:45:00+00:00,2026-04-21 01:15:00+00:00,short,warning_confirm_volume,41.4122835,40.882431,2.324107013600292,0.012794573378210439,0.029735957724322463,95,0.006023819005783426,0.025603116041645113,4.25031296874354,0.008991014166746303,1.4925770774510478,0.499727195603818,0.012808542663434674,2.126315988434792,0.006663767132634502,0.04929821810253898,0.012659936978796527,8.183881032150552,early_exit
V12_volume_ema21_none_cw24_ta5_mfe4_adx0,2026-04-27 02:15:00+00:00,2026-04-28 02:30:00+00:00,long,stop_loss,42.758368499999996,41.069566788124334,3.0,-0.03949640201720195,-0.11848920605160584,98,0.004335101108020891,0.01968343343128276,4.540478512684301,0.046245181221074794,10.66761306570475,-2.0065809227383347,0.05917983544848471,13.651316076339947,0.006949993247997943,0.006949993247997943,0.02755244032550974,1.603190577294478,bad_entry
V12_volume_ema21_none_cw24_ta5_mfe4_adx0,2026-05-05 08:15:00+00:00,2026-05-05 20:00:00+00:00,long,warning_confirm_volume,43.05651749999999,43.999989,3.0,0.02191239688625557,0.06573719065876671,48,0.004098408272336471,0.03466333523142007,8.457755530455918,0.007351209953289639,1.7936743888862912,0.6321491206764606,0.012750938345164498,3.1111928089817384,0.014091162613699693,0.018636618295518215,0.00956793421016533,4.5472820317370735,early_exit
V12_volume_ema21_none_cw24_ta5_mfe4_adx0,2026-05-14 17:00:00+00:00,2026-05-14 19:30:00+00:00,short,opposite_cross,43.4852465,44.6833305,3.0,-0.02755150531341699,-0.08265451594025097,11,0.004176120536706189,0.0051108483425523765,1.2238268262686283,0.028653357308791927,6.861238093331364,-5.39078905629543,0.03266235365596937,7.821219088118319,0.024222243236770358,0.046176739220457175,0.05168973472109473,11.057329120312682,bad_entry
V12_volume_ema21_none_cw24_ta5_mfe4_adx0,2026-05-14 19:45:00+00:00,2026-05-15 05:15:00+00:00,long,warning_confirm_volume,44.67832799999999,45.7681045,3.0,0.02439161331193973,0.07317483993581919,39,0.004151944334254662,0.05180748930443424,12.477886294623092,0.02411298829266828,5.807637663571166,0.47081249524770996,0.02741587599249451,6.603141512834393,0.02254617077270482,0.02254617077270482,0.06878380772793424,5.430268076258351,early_exit
V12_volume_ema21_none_cw24_ta5_mfe4_adx0,2026-05-15 05:30:00+00:00,2026-05-15 12:45:00+00:00,long,stop_loss,45.74285999999999,43.87731926301848,3.0,-0.04078321156529163,-0.1223496346958749,30,0.004478151471879461,0.02311049199809556,5.160721369792386,0.062104992997814135,13.8684440193241,-1.7647054666189022,0.0638937035633872,14.267874582761998,0.02782031257799189,0.02782031257799189,0.02865533455864977,6.212454570304167,bad_entry
V12_volume_ema21_none_cw24_ta5_mfe4_adx0,2026-05-17 13:15:00+00:00,2026-05-17 23:15:00+00:00,long,warning_confirm_volume,42.881429999999995,45.864056500000004,2.6401072472071037,0.0695552014006997,0.183633191298937,41,0.006060359864897897,0.10245857006167958,16.906350834894813,0.00873175171630225,1.4407975616889146,0.6788617229269138,0.03290336866097987,5.429276378711253,0.024767619497416238,0.04543740041834288,0.02780077902616407,7.497475633669882,early_exit
V12_volume_ema21_none_cw24_ta5_mfe4_adx0,2026-05-17 23:30:00+00:00,2026-05-19 02:00:00+00:00,long,warning_confirm_volume,45.59078399999999,47.188394,2.655511246490552,0.03504238926884895,0.09305545880732823,107,0.00602520513560059,0.06561010225224484,10.889272775889454,0.03094449966028201,5.135841679056372,0.5341005129686409,0.03056771298339589,5.073306600431441,0.026036190169981266,0.036780357475187486,0.007743302304376032,6.104415807831451,early_exit
V12_volume_ema21_none_cw24_ta5_mfe4_adx0,2026-05-20 17:15:00+00:00,2026-05-21 05:15:00+00:00,long,warning_confirm_volume,52.076024999999994,55.755108500000006,2.2368306194393157,0.0706483165717815,0.15802831771960288,49,0.007152977905859748,0.09777964043914644,13.669780855753094,0.013365555454741274,1.8685302304362157,0.7225258372242611,0.027131323867364943,3.7930109982779134,0.0634182516208357,0.12368178783115447,0.0,17.290950630482705,early_exit
V12_volume_ema21_none_cw24_ta5_mfe4_adx0,2026-05-21 07:15:00+00:00,2026-05-21 11:00:00+00:00,long,warning_confirm_volume,57.168569999999995,57.418276500000005,2.2421663680124966,0.004367898304960427,0.009793554678281061,16,0.007135955756121137,0.03640864202130656,5.102139540323756,0.0009020690914605112,0.12641181115602168,0.11996872342572695,0.03204074371634613,4.49004237293119,0.09113341289510846,0.09113341289510846,0.013049442541174239,12.771017087225536,early_exit
V12_volume_ema21_none_cw24_ta5_mfe4_adx0,2026-05-21 11:15:00+00:00,2026-05-21 16:45:00+00:00,long,warning_confirm_volume,57.3636675,58.966502000000006,2.1738077879214233,0.027941632218686285,0.060739737724216404,23,0.007360356370467817,0.09217214886060066,12.522783438914152,0.012109886453825491,1.6452853427606249,0.3031461516747826,0.06423051664191437,8.726549831150626,0.023428522180271028,0.050732159760807694,0.0454410878908843,6.89262274913235,early_exit
V12_volume_ema21_none_cw24_ta5_mfe4_adx0,2026-05-21 17:00:00+00:00,2026-05-22 20:00:00+00:00,long,stop_loss,58.7423565,54.76118239542147,2.139446233516233,-0.0677734830841954,-0.14499772311675796,109,0.007478570739169081,0.0547414794297536,7.319778248943293,0.07072165210123971,9.456573263502666,-1.2380645132392698,0.122514962513949,16.382135943740664,0.03096751257730901,0.07452026099640463,0.01316959137613083,9.964505731837782,bad_entry
V12_volume_ema21_none_cw24_ta5_mfe4_adx0,2026-05-24 06:15:00+00:00,2026-05-24 14:15:00+00:00,long,warning_confirm_volume,60.7293495,62.758605,1.8151604909429215,0.03341474125290933,0.06065311813736159,33,0.008814647564132734,0.06174363023598661,7.00466238573448,0.008206073407718506,0.9309587647167485,0.5411852384642247,0.028328888983077283,3.21384250214938,0.03244806030981717,0.03244806030981717,0.021807447759554233,3.681152317632079,early_exit
V12_volume_ema21_none_cw24_ta5_mfe4_adx0,2026-05-24 14:30:00+00:00,2026-05-24 20:00:00+00:00,long,warning_confirm_volume,62.34315599999999,62.988490000000006,1.7846826750197782,0.010351320680653586,0.018473822682336393,23,0.008965179201855975,0.03932819827087375,4.386772130860698,0.0020235741674674568,0.2257148598935463,0.2632035317091991,0.028976877590220163,3.2321582132146736,0.013042224063475771,0.017646239813019715,0.03544282455413683,1.9683086545962833,late_exit_giveback
V12_volume_atr_trail_none_cw24_ta10_mfe2_adx22,2025-06-09 17:30:00+00:00,2025-06-10 16:45:00+00:00,long,fallback_trend_break,38.143062,40.17690150000001,1.9997658353822731,0.05332134845388148,0.10663021093458558,94,0.008000936768149886,0.09784054568036504,12.22863628542204,0.02024121713144056,2.5298559053755754,0.5449821245690597,0.044519197226483564,5.564248102010442,0.05560654048944014,0.09734694199850114,0.011297573557284113,12.166943049221393,early_exit
V12_volume_atr_trail_none_cw24_ta10_mfe2_adx22,2025-06-16 11:15:00+00:00,2025-06-16 19:30:00+00:00,long,fallback_trend_break,43.951964999999994,45.0244765,1.6859373619196163,0.02440190102990858,0.04114007664818764,34,0.009490269544642112,0.04309329514618976,4.54078727094941,0.021295179862834246,2.2438962099719064,0.5662574873220424,0.01869139411628118,1.969532480437683,0.0,0.0,0.08463122275280643,-0.8646883374941714,mixed
V12_volume_atr_trail_none_cw24_ta10_mfe2_adx22,2025-06-29 11:30:00+00:00,2025-06-29 20:00:00+00:00,long,fallback_trend_break,38.751366,38.242869000000006,1.7449774466961916,-0.01312204065270861,-0.022897664993607098,35,0.00916917294850612,0.017073823926619713,1.8620898550508256,0.02029260078212458,2.213133168726056,-0.7685472632905687,0.030195864579328324,3.293193917151269,0.07588685357262293,0.07912928812950693,0.0057754296624557,8.62992644744464,bad_entry
V12_volume_atr_trail_none_cw24_ta10_mfe2_adx22,2025-06-30 00:30:00+00:00,2025-06-30 12:30:00+00:00,long,fallback_trend_break,39.807894,39.866057000000005,1.9264742416600633,0.0014610921140416622,0.00281475632239391,49,0.008305327760942513,0.03670392611073581,4.419323013757922,0.009919992250783216,1.1944130967875812,0.03980751567648498,0.035242833996694145,4.243400743608303,0.02974818904212162,0.034915492144106386,0.017811066692650535,4.203987265656578,early_exit
V12_volume_atr_trail_none_cw24_ta10_mfe2_adx22,2025-07-10 03:30:00+00:00,2025-07-10 13:45:00+00:00,long,fallback_trend_break,41.43370649999999,41.413283,3.0,-0.0004929199370563575,-0.0014787598111690725,42,0.005296926258490256,0.013136490697495562,2.4800214419522164,0.0172735330835051,3.261048434612048,-0.03752295406796363,0.01362941063455192,2.573079172606154,0.06226787188062333,0.11935100629428486,0.004981083001799225,22.532125325131975,bad_entry
V12_volume_atr_trail_none_cw24_ta10_mfe2_adx22,2025-07-10 22:15:00+00:00,2025-07-11 22:30:00+00:00,long,fallback_trend_break,43.89493649999999,45.367305,3.0,0.033543014693733664,0.10062904408120099,98,0.004922878755313555,0.0693488530277293,14.087052814956488,0.011662768893628273,2.3690952943011148,0.48368521221715677,0.03580583833399564,7.273353684639964,0.027700455206673524,0.045069792001089626,0.0,9.155170021695765,early_exit
V12_volume_atr_trail_none_cw24_ta10_mfe2_adx22,2025-07-13 19:45:00+00:00,2025-07-14 00:30:00+00:00,long,fallback_trend_break,49.143559499999995,49.17240150000001,2.967281357455893,0.0005868927748307051,0.0017414759895807105,20,0.005392141179937916,0.006235618728431813,1.1564272003174088,0.026322055487250418,4.88155903357736,0.09411941306717801,0.005648725953601108,1.0475849509686144,0.015264629692735232,0.015264629692735232,0.013593021280443485,2.8309031947325582,early_exit
V12_volume_atr_trail_none_cw24_ta10_mfe2_adx22,2025-08-01 08:30:00+00:00,2025-08-02 08:30:00+00:00,short,fallback_trend_break,39.581199500000004,38.4562185,1.8153650100624212,0.02842210479245344,0.05159649455254743,97,0.007711947692281791,0.08231684590559218,10.673937271122295,0.020606732815360962,2.672052980336527,0.34527689295882735,0.053894741113138744,6.988473374511765,0.03544858421271957,0.07705433907912695,0.007093300138181879,9.991553645552322,early_exit
V12_volume_atr_trail_none_cw24_ta10_mfe2_adx22,2025-08-09 13:45:00+00:00,2025-08-10 00:30:00+00:00,long,fallback_trend_break,43.691835,43.844067,2.46878054166601,0.0034842207931986557,0.008601776497116952,44,0.006480932480617618,0.024012839012140352,3.70515185645816,0.00940301546044009,1.450873850107447,0.1450982447946747,0.020528618218941697,3.1675408253883504,0.01603256832902833,0.036537053006510334,0.02351668242820626,5.637622844518269,early_exit
V12_volume_atr_trail_none_cw24_ta10_mfe2_adx22,2025-08-18 04:00:00+00:00,2025-08-18 20:15:00+00:00,short,fallback_trend_break,44.127925,43.7228505,1.6605162497301702,0.009179550137469628,0.015242792168481135,66,0.00843111291580252,0.026920028530686646,3.192938915600355,0.014055343298254974,1.6670804244491735,0.34099332870341076,0.01774047839321702,2.104168046423131,0.0487353975240018,0.0487353975240018,0.01324592274696279,5.780422823261749,early_exit
V12_volume_atr_trail_none_cw24_ta10_mfe2_adx22,2025-08-23 02:30:00+00:00,2025-08-23 05:45:00+00:00,long,fallback_trend_break,43.9569675,44.365806,2.2770569180934754,0.00930088045768862,0.021178634190540283,14,0.007026613991448405,0.01626664760256724,2.315005153600899,0.011374021649696253,1.6187059177491137,0.5717761080790078,0.006965767144878621,0.9913405166921312,0.007938410946484398,0.016030228324940055,0.024113300229460455,2.281358894120171,early_exit
V12_volume_atr_trail_none_cw24_ta10_mfe2_adx22,2025-08-26 21:00:00+00:00,2025-08-27 13:45:00+00:00,long,fallback_trend_break,48.968472,49.649163,2.271843483291098,0.013900597102560308,0.031579980941306755,68,0.007042738691145069,0.04667345960886826,6.627174690941102,0.016714264639501097,2.3732620749533373,0.2978265853667103,0.032772862506307954,4.653425882109429,0.022655709221120146,0.022655709221120146,0.03682162778856923,3.2168890845837397,early_exit
V12_volume_atr_trail_none_cw24_ta10_mfe2_adx22,2025-09-08 06:30:00+00:00,2025-09-09 00:15:00+00:00,long,fallback_trend_break,49.72985249999999,50.820577,3.0,0.021932992863793688,0.06579897859138106,72,0.004772227363564425,0.04510665902337041,9.45190905357028,0.003536155672289376,0.7409864205732616,0.48624733772523226,0.023173666159576722,4.855943439850711,0.0852100321489857,0.08930286249996722,0.005560287125429553,18.713036009513598,early_exit
V12_volume_atr_trail_none_cw24_ta10_mfe2_adx22,2025-09-09 07:00:00+00:00,2025-09-09 15:15:00+00:00,long,warning_confirm_volume,54.703338,52.76260550000001,3.0,-0.035477405419025776,-0.10643221625707733,34,0.004620914426454232,0.011985776809451787,2.5938105974944095,0.04205114503250251,9.100178265964912,-2.9599587897422617,0.04746318222847756,10.271383074474613,0.023641639531997605,0.05771880427701759,0.013013108308307597,12.490775407262191,bad_entry
V12_volume_atr_trail_none_cw24_ta10_mfe2_adx22,2025-09-21 12:00:00+00:00,2025-09-22 06:30:00+00:00,short,warning_confirm_volume,52.4747495,49.072524,2.442160523310144,0.0648354786333949,0.15833864642839535,75,0.0057326289023066235,0.12357847463378557,21.557033734393936,0.00871336141756085,1.5199590913786303,0.5246502582713485,0.05874299600039068,10.247130418079985,0.016272323795694765,0.07677461220458115,0.023790828448114976,13.39256622274809,early_exit
V12_volume_atr_trail_none_cw24_ta10_mfe2_adx22,2025-09-22 06:45:00+00:00,2025-09-23 06:30:00+00:00,short,warning_confirm_volume,49.401287,48.460218,2.1859886984401595,0.019049483467910577,0.04164195557197518,96,0.006404424693499047,0.082918629225186,12.947084741171896,0.016694128184713386,2.606655395863914,0.2297370765280864,0.06386914575727543,9.972659343173667,0.024808348984315276,0.10037548737399404,0.010024346155438346,15.672834357140994,early_exit
V12_volume_atr_trail_none_cw24_ta10_mfe2_adx22,2025-10-11 03:15:00+00:00,2025-10-12 04:45:00+00:00,short,fallback_trend_break,38.536722,38.1580695,1.2823059537149293,0.009825757883610176,0.012599627833914731,103,0.010917831239448767,0.08689690835665775,7.959173067511631,0.05985064649914629,5.481917167110205,0.11307373380053468,0.07707115047304758,7.059199650803436,0.046309195490091715,0.046309195490091715,0.019417400033824972,4.24161122062094,early_exit
V12_volume_atr_trail_none_cw24_ta10_mfe2_adx22,2025-10-23 12:30:00+00:00,2025-10-23 19:30:00+00:00,long,fallback_trend_break,39.1805805,39.355312500000004,1.6823561470873802,0.004459658273822775,0.007502733510874841,29,0.009510471387227007,0.041281152023768586,4.340599991627233,0.004864157130086366,0.5114527905124817,0.10803134251813086,0.03682149374994581,3.8716791471975553,0.02791713316975941,0.03881782160921721,0.011874191063785955,4.081587550050495,early_exit
V12_volume_atr_trail_none_cw24_ta10_mfe2_adx22,2025-10-25 19:15:00+00:00,2025-10-27 08:45:00+00:00,long,fallback_trend_break,42.9684735,47.050463,2.0478433271689527,0.09499963967768132,0.19454437819739456,151,0.00781309770514488,0.15200741306297516,19.455460407576773,0.005317235670473597,0.6805540991727554,0.6249671497160728,0.057007773385293836,7.2964367702396125,0.010021941760700592,0.037333043885243056,0.026534552911838483,4.778264050206292,early_exit
V12_volume_atr_trail_none_cw24_ta10_mfe2_adx22,2025-11-21 09:45:00+00:00,2025-11-21 23:00:00+00:00,short,fallback_trend_break,33.48824750000001,33.1115475,1.4327826110671718,0.011248722406271283,0.016116973860427167,54,0.009771196196729701,0.05459370485123194,5.587207927469901,0.03204764864005538,3.2798081212187036,0.20604431292809483,0.043344982444960656,4.435995508867961,0.0,0.11360228633228331,0.04265739920491485,11.626241459597813,early_exit
V12_volume_atr_trail_none_cw24_ta10_mfe2_adx22,2025-11-26 06:00:00+00:00,2025-11-26 12:15:00+00:00,long,fallback_trend_break,34.6563195,33.131426000000005,1.5223946339010896,-0.04400044557530114,-0.0669860422330954,26,0.010509758536786543,0.010465061069165005,0.9957470509465002,0.04750416442807792,4.520005313328803,-4.204509203003808,0.054465506644466144,5.182374690514962,0.07616858990615127,0.10278984067875596,0.0,9.780418866805375,bad_entry
V12_volume_atr_trail_none_cw24_ta10_mfe2_adx22,2025-11-27 02:00:00+00:00,2025-11-27 09:15:00+00:00,long,fallback_trend_break,36.35817,35.365308500000005,1.6021684018025184,-0.027307796294477882,-0.04375168834587236,30,0.009986465830932137,0.0028557542912639455,0.2859624555484399,0.03256957102076374,3.2613710968581664,-9.562375999229108,0.030163550585741827,3.0204429771654624,0.011330072237316857,0.016843950336245195,0.025740154366248658,1.6866778118914347,bad_entry
V12_volume_atr_trail_none_cw24_ta10_mfe2_adx22,2025-12-03 06:30:00+00:00,2025-12-03 16:00:00+00:00,long,fallback_trend_break,34.701342,34.0319755,1.9630336637415968,-0.019289354861261376,-0.0378656529445137,39,0.008150649831192174,0.001114020316563158,0.13667871146909683,0.0364637771069487,4.473726373006905,-17.315083553207167,0.020403375177824534,2.503282020501203,0.03138297099444021,0.06338228881247288,0.0037310646277352033,7.776347913992291,bad_entry
V12_volume_atr_trail_none_cw24_ta10_mfe2_adx22,2025-12-05 11:45:00+00:00,2025-12-06 08:30:00+00:00,short,fallback_trend_break,31.957013500000002,30.833409,1.5856391527585947,0.03515987186975411,0.055750869442657655,84,0.008829247168653527,0.047032351755898594,5.326881313604804,0.0038026902334860058,0.4306924657162952,0.7475678029505406,0.011872479886144482,1.344676353414971,0.008640270688200613,0.03131048532453873,0.011143464545227522,3.5462236730330003,early_exit
V12_volume_atr_trail_none_cw24_ta10_mfe2_adx22,2025-12-29 01:15:00+00:00,2025-12-29 09:30:00+00:00,long,fallback_trend_break,25.9019445,25.965011000000004,2.816378192415104,0.0024348172006933844,0.006857366066550037,34,0.005681055208810455,0.015406391593495883,2.7118890817330743,0.00995849944779248,1.7529312921212872,0.15803942058186365,0.012971574392802498,2.283303702573697,0.018062345515663214,0.028229874426010992,0.02538073255582307,4.969125169252138,early_exit
V12_volume_atr_trail_none_cw24_ta10_mfe2_adx22,2026-01-04 22:15:00+00:00,2026-01-05 07:15:00+00:00,long,fallback_trend_break,26.5142505,26.36681,2.66193314523814,-0.00556080210526777,-0.014802483438122307,37,0.006010669362084456,0.033331113772195886,5.54532478236948,0.016378003971864175,2.724821976596697,-0.1668351721839693,0.038891915877463656,6.470479997252124,0.015557058286535197,0.042219365937707254,0.022976234136780405,7.024070597532567,bad_entry
V12_volume_atr_trail_none_cw24_ta10_mfe2_adx22,2026-01-10 09:15:00+00:00,2026-01-11 10:00:00+00:00,short,fallback_trend_break,24.573707,24.427207499999998,1.8194256229549457,0.005961636150378147,0.010846753566732485,100,0.0076947360877893285,0.03347915721466033,4.350916890806423,0.0050325127540692405,0.6540201894715097,0.17807007841187775,0.02751752106428218,3.57614877889696,0.0031197794508438514,0.021582798606840314,0.009611925554732448,2.8048783428829696,early_exit
V12_volume_atr_trail_none_cw24_ta10_mfe2_adx22,2026-01-12 16:15:00+00:00,2026-01-13 02:30:00+00:00,short,fallback_trend_break,23.585201500000004,24.1110495,1.9473819004683626,-0.02229567553196432,-0.04341819498966265,42,0.007189139426957227,0.013745971176036154,1.9120468194694726,0.02813575490357656,3.9136471325170694,-1.6219789236014968,0.036041646708000474,5.013346461588234,0.0029052862257198386,0.0029052862257198386,0.02330676232073592,0.4041215579747754,bad_entry
V12_volume_atr_trail_none_cw24_ta10_mfe2_adx22,2026-01-14 04:00:00+00:00,2026-01-14 13:30:00+00:00,long,fallback_trend_break,26.079033,26.04697,2.7624230644127934,-0.001229455095209886,-0.003396275111667616,39,0.005792016511200507,0.01656376599546472,2.859758076213004,0.014418977881580197,2.489457316583441,-0.07422557741678552,0.017793221090674605,3.0720252706922304,0.03213540768849499,0.03213540768849499,0.010364737241990163,5.548224461437923,bad_entry
V12_volume_atr_trail_none_cw24_ta10_mfe2_adx22,2026-01-19 02:15:00+00:00,2026-01-21 16:00:00+00:00,short,fallback_trend_break,23.934027000000004,21.5777835,2.1494177988093406,0.09844743218514818,0.21160466298583303,248,0.0065133916764601235,0.14343708227620877,22.021872689554495,0.012255911848458534,1.8816482191225044,0.686345752596762,0.044989650091060596,6.907253904852137,0.05110735771354813,0.05110735771354813,0.024572333854401718,7.8465045942583,early_exit
V12_volume_atr_trail_none_cw24_ta10_mfe2_adx22,2026-01-26 21:45:00+00:00,2026-01-28 21:00:00+00:00,long,fallback_trend_break,24.696342,33.015484,2.380097434977579,0.3368572560260139,0.8017530910211013,190,0.006722413866283892,0.4110996681208898,61.15357910091649,0.002686308765889378,0.3996047877031934,0.8194053222318733,0.07424241209487592,11.04401091209766,0.045782033666385225,0.0469632975848544,0.05713937133255409,6.986076507487543,early_exit
V12_volume_atr_trail_none_cw24_ta10_mfe2_adx22,2026-02-03 04:15:00+00:00,2026-02-03 14:30:00+00:00,long,fallback_trend_break,38.435207999999996,35.872055,1.2718056542542382,-0.0666876318192422,-0.08481370721653708,42,0.012580538501680184,0.0,0.0,0.08287214160516565,6.5873286421004735,,0.0666876318192422,5.300856701033568,0.0,0.0,0.10111087864913249,-0.31920732503964067,bad_entry
V12_volume_atr_trail_none_cw24_ta10_mfe2_adx22,2026-02-23 03:30:00+00:00,2026-02-24 12:15:00+00:00,short,fallback_trend_break,26.9155355,26.49324,2.1086505031336604,0.01568965625818597,0.03308400156281803,132,0.006639317411393986,0.04839344548801572,7.288918798333979,0.04676528190961893,7.043688230564673,0.3242103574144436,0.03270378922982975,4.925775829561263,0.015635686688377892,0.015635686688377892,0.03260303383051677,2.355014185877737,early_exit
V12_volume_atr_trail_none_cw24_ta10_mfe2_adx22,2026-02-25 23:45:00+00:00,2026-02-26 03:30:00+00:00,long,fallback_trend_break,27.654820499999996,27.912037,2.399479941548323,0.00930096436532657,0.02231747743165683,16,0.0066681115865780535,0.03562415095046467,5.3424647275206,0.002235433059491254,0.3352422991827039,0.2610859239356903,0.026323186585138103,3.947622388042048,0.052879085822364,0.0538105835844227,0.0,8.069838497114482,early_exit
V12_volume_atr_trail_none_cw24_ta10_mfe2_adx22,2026-02-28 21:15:00+00:00,2026-03-02 06:00:00+00:00,long,fallback_trend_break,30.363173999999997,30.974505,2.2821924997552143,0.020133962279437645,0.045949577704486995,132,0.007010802113194283,0.07907032380738599,11.278356246652029,0.006658526542712373,0.9497524584499497,0.2546336135979871,0.058936361527948344,8.406507640121593,0.002792457861715558,0.08766871334989856,0.034173427468816686,12.504805004395521,early_exit
V12_volume_atr_trail_none_cw24_ta10_mfe2_adx22,2026-03-09 15:15:00+00:00,2026-03-10 07:30:00+00:00,long,fallback_trend_break,32.8214025,34.338822,2.190272915256553,0.046232622143432156,0.10126206008204981,66,0.007305025729236977,0.07746766762937685,10.604708388545058,0.01893284420127983,2.591755991427206,0.5967989428134026,0.03123504548594469,4.2758296334169446,0.025078845162481267,0.025078845162481267,0.012109384532760004,3.4330947065809716,early_exit
V12_volume_atr_trail_none_cw24_ta10_mfe2_adx22,2026-03-16 12:15:00+00:00,2026-03-17 10:15:00+00:00,long,fallback_trend_break,39.392686499999996,40.8185805,2.380901071954827,0.03619692198449087,0.08618129035433957,89,0.006720144817635484,0.05522125280792922,8.21727125031795,0.02517438103643921,3.7461069247160865,0.6554889674522805,0.01902433082343835,2.830940603171727,0.023406485191223014,0.037615700526381524,0.02987807231562123,5.5974538565995955,early_exit
V12_volume_atr_trail_none_cw24_ta10_mfe2_adx22,2026-04-06 04:15:00+00:00,2026-04-06 20:15:00+00:00,long,fallback_trend_break,37.1555685,37.119431,3.0,-0.0009725998405865077,-0.002917799521759523,65,0.004881229675735005,0.01653672719339494,3.3878199330796446,0.011076899550063413,2.269284644631166,-0.05881453017952556,0.017509327033981448,3.5870729707765556,0.004568200412339296,0.005160881911147941,0.0304000080173642,1.0572913495144698,bad_entry
V12_volume_atr_trail_none_cw24_ta10_mfe2_adx22,2026-04-07 23:15:00+00:00,2026-04-08 18:45:00+00:00,long,warning_confirm_volume,38.66932499999999,37.9700055,3.0,-0.018084605821280686,-0.05425381746384206,79,0.00446540229587656,0.02908442285972157,6.513281655849619,0.023774012088392915,5.324047087615444,-0.6217969635672466,0.047169028681002256,10.563220412315161,0.045746490608225,0.0580456723926468,0.006057557721449336,12.998979385630566,bad_entry
V12_volume_atr_trail_none_cw24_ta10_mfe2_adx22,2026-04-10 14:15:00+00:00,2026-04-11 00:30:00+00:00,long,fallback_trend_break,41.908944,41.535222,3.0,-0.008917475944991593,-0.02675242783497478,42,0.0046032617592491505,0.008066440423791121,1.7523314653101236,0.01565164705653277,3.4001210174686545,-1.1055032302340486,0.016983916368782714,3.689539560651229,0.027561619870480003,0.03957551978414853,0.0,8.59727772478526,bad_entry
V12_volume_atr_trail_none_cw24_ta10_mfe2_adx22,2026-04-13 19:15:00+00:00,2026-04-14 09:00:00+00:00,long,fallback_trend_break,43.658818499999995,44.9485145,3.0,0.029540332155346904,0.08862099646604071,56,0.005248453965998713,0.03697263360436587,7.04448087834766,0.013326482941813822,2.5391254316313634,0.7989783057233627,0.007432301449018963,1.4160934814648207,0.004660565589992949,0.004660565589992949,0.041792582489016405,0.8879882762020385,good_capture
V12_volume_atr_trail_none_cw24_ta10_mfe2_adx22,2026-04-19 11:45:00+00:00,2026-04-19 17:15:00+00:00,short,fallback_trend_break,43.310334000000005,43.00048949999999,2.4527128700957253,0.007154054734373805,0.017546842120367886,23,0.0057079653190116805,0.024389883486006014,4.27295579473301,0.013858831029850194,2.427980945099683,0.29332057852914833,0.01723582875163221,3.019609928992447,0.05787119004773178,0.05787119004773178,0.0,10.138672331273384,early_exit
V12_volume_atr_trail_none_cw24_ta10_mfe2_adx22,2026-04-19 22:00:00+00:00,2026-04-20 08:45:00+00:00,short,fallback_trend_break,41.0464665,40.7893845,2.2999025888599864,0.006263194421376128,0.014404737064256382,44,0.006087214331516322,0.013021011199587651,2.1390755262504655,0.013092580125507958,2.150832780393754,0.48100676094760375,0.006757816778211523,1.110165735946438,0.004642984990371635,0.010722998284026564,0.024482239980845977,1.7615608224124204,mixed
V12_volume_atr_trail_none_cw24_ta10_mfe2_adx22,2026-04-27 02:15:00+00:00,2026-04-27 10:45:00+00:00,long,fallback_trend_break,42.758368499999996,42.326826000000004,3.0,-0.010092585735585136,-0.030277757206755407,35,0.004335101108020891,0.01968343343128276,4.540478512684301,0.013058695165134582,3.0123161697366463,-0.5127451859869656,0.029776019166867895,6.868587012140434,0.014085015493483954,0.014085015493483954,0.02262928951960641,3.249062742140795,bad_entry
V12_volume_atr_trail_none_cw24_ta10_mfe2_adx22,2026-05-05 08:15:00+00:00,2026-05-05 23:15:00+00:00,long,fallback_trend_break,43.05651749999999,43.888045,3.0,0.01931246529634012,0.05793739588902036,61,0.004098408272336471,0.036312330647735536,8.860105737351091,0.007351209953289639,1.7936743888862912,0.5318431770102992,0.016999865351395416,4.147918953351108,0.012348579208757204,0.021234826021528264,0.00704166704167386,5.18123735130528,early_exit
V12_volume_atr_trail_none_cw24_ta10_mfe2_adx22,2026-05-14 17:00:00+00:00,2026-05-14 19:30:00+00:00,short,opposite_cross,43.4852465,44.6833305,3.0,-0.02755150531341699,-0.08265451594025097,11,0.004176120536706189,0.0051108483425523765,1.2238268262686283,0.028653357308791927,6.861238093331364,-5.39078905629543,0.03266235365596937,7.821219088118319,0.024222243236770358,0.046176739220457175,0.05168973472109473,11.057329120312682,bad_entry
V12_volume_atr_trail_none_cw24_ta10_mfe2_adx22,2026-05-14 19:45:00+00:00,2026-05-15 12:45:00+00:00,long,warning_confirm_volume,44.67832799999999,44.895541,3.0,0.004861708343248727,0.014585125029746182,69,0.004151944334254662,0.05180748930443424,12.477886294623092,0.03975815746730704,9.575792512267448,0.09384180566404345,0.04694578096118551,11.306938913865041,0.004509556973597784,0.004509556973597784,0.05068523397457225,1.0861313665486123,late_exit_giveback
V12_volume_atr_trail_none_cw24_ta10_mfe2_adx22,2026-05-17 13:15:00+00:00,2026-05-18 06:00:00+00:00,long,fallback_trend_break,42.881429999999995,45.3842965,2.6401072472071037,0.058367141674146694,0.15409551373267844,68,0.006060359864897897,0.10245857006167958,16.906350834894813,0.00873175171630225,1.4407975616889146,0.5696657843166262,0.04409142838753288,7.275381226602411,0.019317331491521594,0.07045836878842016,0.012874420120184138,11.626103129043678,early_exit
V12_volume_atr_trail_none_cw24_ta10_mfe2_adx22,2026-05-20 17:15:00+00:00,2026-05-21 19:15:00+00:00,long,warning_confirm_volume,52.076024999999994,57.81407850000001,2.2368306194393157,0.11018608851194034,0.24646761661975877,105,0.007152977905859748,0.2030680145037953,28.389297041927275,0.013365555454741274,1.8685302304362157,0.5426068146733221,0.09288192599185496,12.98507100319235,0.024127713114029836,0.07167668511744929,0.02641360961932493,10.020537748163806,early_exit
V12_volume_atr_trail_none_cw24_ta10_mfe2_adx22,2026-05-24 06:15:00+00:00,2026-05-24 19:00:00+00:00,long,fallback_trend_break,60.7293495,63.979994000000005,1.8151604909429215,0.05352674656921863,0.09715963558116023,52,0.008814647564132734,0.06694704510213811,7.594976953423433,0.008206073407718506,0.9309587647167485,0.7995385978209384,0.013420298532919483,1.5224997296009186,0.0,0.0018756800758685799,0.05039065805476639,0.21279127296034173,good_capture
V12_volume_ema96_none_cw24_ta5_mfe4_adx22,2025-06-09 17:30:00+00:00,2025-06-10 16:45:00+00:00,long,fallback_trend_break,38.143062,40.17690150000001,1.9997658353822731,0.05332134845388148,0.10663021093458558,94,0.008000936768149886,0.09784054568036504,12.22863628542204,0.02024121713144056,2.5298559053755754,0.5449821245690597,0.044519197226483564,5.564248102010442,0.05560654048944014,0.09734694199850114,0.011297573557284113,12.166943049221393,early_exit
V12_volume_ema96_none_cw24_ta5_mfe4_adx22,2025-06-16 11:15:00+00:00,2025-06-16 19:30:00+00:00,long,fallback_trend_break,43.951964999999994,45.0244765,1.6859373619196163,0.02440190102990858,0.04114007664818764,34,0.009490269544642112,0.04309329514618976,4.54078727094941,0.021295179862834246,2.2438962099719064,0.5662574873220424,0.01869139411628118,1.969532480437683,0.0,0.0,0.08463122275280643,-0.8646883374941714,mixed
V12_volume_ema96_none_cw24_ta5_mfe4_adx22,2025-06-29 11:30:00+00:00,2025-06-29 20:00:00+00:00,long,fallback_trend_break,38.751366,38.242869000000006,1.7449774466961916,-0.01312204065270861,-0.022897664993607098,35,0.00916917294850612,0.017073823926619713,1.8620898550508256,0.02029260078212458,2.213133168726056,-0.7685472632905687,0.030195864579328324,3.293193917151269,0.07588685357262293,0.07912928812950693,0.0057754296624557,8.62992644744464,bad_entry
V12_volume_ema96_none_cw24_ta5_mfe4_adx22,2025-06-30 00:30:00+00:00,2025-06-30 12:30:00+00:00,long,fallback_trend_break,39.807894,39.866057000000005,1.9264742416600633,0.0014610921140416622,0.00281475632239391,49,0.008305327760942513,0.03670392611073581,4.419323013757922,0.009919992250783216,1.1944130967875812,0.03980751567648498,0.035242833996694145,4.243400743608303,0.02974818904212162,0.034915492144106386,0.017811066692650535,4.203987265656578,early_exit
V12_volume_ema96_none_cw24_ta5_mfe4_adx22,2025-07-10 03:30:00+00:00,2025-07-10 13:45:00+00:00,long,fallback_trend_break,41.43370649999999,41.413283,3.0,-0.0004929199370563575,-0.0014787598111690725,42,0.005296926258490256,0.013136490697495562,2.4800214419522164,0.0172735330835051,3.261048434612048,-0.03752295406796363,0.01362941063455192,2.573079172606154,0.06226787188062333,0.11935100629428486,0.004981083001799225,22.532125325131975,bad_entry
V12_volume_ema96_none_cw24_ta5_mfe4_adx22,2025-07-10 22:15:00+00:00,2025-07-11 22:30:00+00:00,long,fallback_trend_break,43.89493649999999,45.367305,3.0,0.033543014693733664,0.10062904408120099,98,0.004922878755313555,0.0693488530277293,14.087052814956488,0.011662768893628273,2.3690952943011148,0.48368521221715677,0.03580583833399564,7.273353684639964,0.027700455206673524,0.045069792001089626,0.0,9.155170021695765,early_exit
V12_volume_ema96_none_cw24_ta5_mfe4_adx22,2025-07-13 19:45:00+00:00,2025-07-14 00:30:00+00:00,long,fallback_trend_break,49.143559499999995,49.17240150000001,2.967281357455893,0.0005868927748307051,0.0017414759895807105,20,0.005392141179937916,0.006235618728431813,1.1564272003174088,0.026322055487250418,4.88155903357736,0.09411941306717801,0.005648725953601108,1.0475849509686144,0.015264629692735232,0.015264629692735232,0.013593021280443485,2.8309031947325582,early_exit
V12_volume_ema96_none_cw24_ta5_mfe4_adx22,2025-08-01 08:30:00+00:00,2025-08-02 08:30:00+00:00,short,fallback_trend_break,39.581199500000004,38.4562185,1.8153650100624212,0.02842210479245344,0.05159649455254743,97,0.007711947692281791,0.08231684590559218,10.673937271122295,0.020606732815360962,2.672052980336527,0.34527689295882735,0.053894741113138744,6.988473374511765,0.03544858421271957,0.07705433907912695,0.007093300138181879,9.991553645552322,early_exit
V12_volume_ema96_none_cw24_ta5_mfe4_adx22,2025-08-09 13:45:00+00:00,2025-08-10 00:30:00+00:00,long,fallback_trend_break,43.691835,43.844067,2.46878054166601,0.0034842207931986557,0.008601776497116952,44,0.006480932480617618,0.024012839012140352,3.70515185645816,0.00940301546044009,1.450873850107447,0.1450982447946747,0.020528618218941697,3.1675408253883504,0.01603256832902833,0.036537053006510334,0.02351668242820626,5.637622844518269,early_exit
V12_volume_ema96_none_cw24_ta5_mfe4_adx22,2025-08-18 04:00:00+00:00,2025-08-18 20:15:00+00:00,short,fallback_trend_break,44.127925,43.7228505,1.6605162497301702,0.009179550137469628,0.015242792168481135,66,0.00843111291580252,0.026920028530686646,3.192938915600355,0.014055343298254974,1.6670804244491735,0.34099332870341076,0.01774047839321702,2.104168046423131,0.0487353975240018,0.0487353975240018,0.01324592274696279,5.780422823261749,early_exit
V12_volume_ema96_none_cw24_ta5_mfe4_adx22,2025-08-23 02:30:00+00:00,2025-08-23 05:45:00+00:00,long,fallback_trend_break,43.9569675,44.365806,2.2770569180934754,0.00930088045768862,0.021178634190540283,14,0.007026613991448405,0.01626664760256724,2.315005153600899,0.011374021649696253,1.6187059177491137,0.5717761080790078,0.006965767144878621,0.9913405166921312,0.007938410946484398,0.016030228324940055,0.024113300229460455,2.281358894120171,early_exit
V12_volume_ema96_none_cw24_ta5_mfe4_adx22,2025-08-26 21:00:00+00:00,2025-08-27 13:45:00+00:00,long,fallback_trend_break,48.968472,49.649163,2.271843483291098,0.013900597102560308,0.031579980941306755,68,0.007042738691145069,0.04667345960886826,6.627174690941102,0.016714264639501097,2.3732620749533373,0.2978265853667103,0.032772862506307954,4.653425882109429,0.022655709221120146,0.022655709221120146,0.03682162778856923,3.2168890845837397,early_exit
V12_volume_ema96_none_cw24_ta5_mfe4_adx22,2025-09-08 06:30:00+00:00,2025-09-09 00:15:00+00:00,long,fallback_trend_break,49.72985249999999,50.820577,3.0,0.021932992863793688,0.06579897859138106,72,0.004772227363564425,0.04510665902337041,9.45190905357028,0.003536155672289376,0.7409864205732616,0.48624733772523226,0.023173666159576722,4.855943439850711,0.0852100321489857,0.08930286249996722,0.005560287125429553,18.713036009513598,early_exit
V12_volume_ema96_none_cw24_ta5_mfe4_adx22,2025-09-09 07:00:00+00:00,2025-09-09 15:15:00+00:00,long,stop_loss,54.703338,52.40210884484222,3.0,-0.042067435723168956,-0.12620230716950687,34,0.004620914426454232,0.011985776809451787,2.5938105974944095,0.04205114503250251,9.100178265964912,-3.5097796656780114,0.05405321253262074,11.697514289200422,0.030683710839168654,0.06499530706373502,0.006223200783918692,14.065464335726272,bad_entry
V12_volume_ema96_none_cw24_ta5_mfe4_adx22,2025-09-21 12:00:00+00:00,2025-09-23 05:45:00+00:00,short,warning_confirm_volume,52.4747495,48.1970865,2.442160523310144,0.0815185025323466,0.19908126880385488,168,0.0057326289023066235,0.13663237210879875,23.834156097880733,0.00871336141756085,1.5199590913786303,0.596626562755087,0.055113869576452146,9.614065469033957,0.019484300155777956,0.0954639965633608,0.015538563726253507,16.652743128889643,early_exit
V12_volume_ema96_none_cw24_ta5_mfe4_adx22,2025-10-11 03:15:00+00:00,2025-10-12 04:45:00+00:00,short,fallback_trend_break,38.536722,38.1580695,1.2823059537149293,0.009825757883610176,0.012599627833914731,103,0.010917831239448767,0.08689690835665775,7.959173067511631,0.05985064649914629,5.481917167110205,0.11307373380053468,0.07707115047304758,7.059199650803436,0.046309195490091715,0.046309195490091715,0.019417400033824972,4.24161122062094,early_exit
V12_volume_ema96_none_cw24_ta5_mfe4_adx22,2025-10-23 12:30:00+00:00,2025-10-23 19:30:00+00:00,long,fallback_trend_break,39.1805805,39.355312500000004,1.6823561470873802,0.004459658273822775,0.007502733510874841,29,0.009510471387227007,0.041281152023768586,4.340599991627233,0.004864157130086366,0.5114527905124817,0.10803134251813086,0.03682149374994581,3.8716791471975553,0.02791713316975941,0.03881782160921721,0.011874191063785955,4.081587550050495,early_exit
V12_volume_ema96_none_cw24_ta5_mfe4_adx22,2025-10-25 19:15:00+00:00,2025-10-27 08:15:00+00:00,long,warning_confirm_volume,42.9684735,46.840568,2.0478433271689527,0.0901147791531387,0.18454094916805894,149,0.00781309770514488,0.15200741306297516,19.455460407576773,0.005317235670473597,0.6805540991727554,0.5928314766846604,0.06189263390983646,7.9216510845730905,0.014547902151827108,0.04198138673297058,0.02217240405795251,5.373206417900813,early_exit
V12_volume_ema96_none_cw24_ta5_mfe4_adx22,2025-11-21 09:45:00+00:00,2025-11-21 23:00:00+00:00,short,fallback_trend_break,33.48824750000001,33.1115475,1.4327826110671718,0.011248722406271283,0.016116973860427167,54,0.009771196196729701,0.05459370485123194,5.587207927469901,0.03204764864005538,3.2798081212187036,0.20604431292809483,0.043344982444960656,4.435995508867961,0.0,0.11360228633228331,0.04265739920491485,11.626241459597813,early_exit
V12_volume_ema96_none_cw24_ta5_mfe4_adx22,2025-11-26 06:00:00+00:00,2025-11-26 12:15:00+00:00,long,fallback_trend_break,34.6563195,33.131426000000005,1.5223946339010896,-0.04400044557530114,-0.0669860422330954,26,0.010509758536786543,0.010465061069165005,0.9957470509465002,0.04750416442807792,4.520005313328803,-4.204509203003808,0.054465506644466144,5.182374690514962,0.07616858990615127,0.10278984067875596,0.0,9.780418866805375,bad_entry
V12_volume_ema96_none_cw24_ta5_mfe4_adx22,2025-11-27 02:00:00+00:00,2025-11-27 09:15:00+00:00,long,fallback_trend_break,36.35817,35.365308500000005,1.6021684018025184,-0.027307796294477882,-0.04375168834587236,30,0.009986465830932137,0.0028557542912639455,0.2859624555484399,0.03256957102076374,3.2613710968581664,-9.562375999229108,0.030163550585741827,3.0204429771654624,0.011330072237316857,0.016843950336245195,0.025740154366248658,1.6866778118914347,bad_entry
V12_volume_ema96_none_cw24_ta5_mfe4_adx22,2025-12-03 06:30:00+00:00,2025-12-03 16:00:00+00:00,long,fallback_trend_break,34.701342,34.0319755,1.9630336637415968,-0.019289354861261376,-0.0378656529445137,39,0.008150649831192174,0.001114020316563158,0.13667871146909683,0.0364637771069487,4.473726373006905,-17.315083553207167,0.020403375177824534,2.503282020501203,0.03138297099444021,0.06338228881247288,0.0037310646277352033,7.776347913992291,bad_entry
V12_volume_ema96_none_cw24_ta5_mfe4_adx22,2025-12-05 11:45:00+00:00,2025-12-06 08:30:00+00:00,short,fallback_trend_break,31.957013500000002,30.833409,1.5856391527585947,0.03515987186975411,0.055750869442657655,84,0.008829247168653527,0.047032351755898594,5.326881313604804,0.0038026902334860058,0.4306924657162952,0.7475678029505406,0.011872479886144482,1.344676353414971,0.008640270688200613,0.03131048532453873,0.011143464545227522,3.5462236730330003,early_exit
V12_volume_ema96_none_cw24_ta5_mfe4_adx22,2025-12-29 01:15:00+00:00,2025-12-29 09:30:00+00:00,long,fallback_trend_break,25.9019445,25.965011000000004,2.816378192415104,0.0024348172006933844,0.006857366066550037,34,0.005681055208810455,0.015406391593495883,2.7118890817330743,0.00995849944779248,1.7529312921212872,0.15803942058186365,0.012971574392802498,2.283303702573697,0.018062345515663214,0.028229874426010992,0.02538073255582307,4.969125169252138,early_exit
V12_volume_ema96_none_cw24_ta5_mfe4_adx22,2026-01-04 22:15:00+00:00,2026-01-05 07:15:00+00:00,long,fallback_trend_break,26.5142505,26.36681,2.66193314523814,-0.00556080210526777,-0.014802483438122307,37,0.006010669362084456,0.033331113772195886,5.54532478236948,0.016378003971864175,2.724821976596697,-0.1668351721839693,0.038891915877463656,6.470479997252124,0.015557058286535197,0.042219365937707254,0.022976234136780405,7.024070597532567,bad_entry
V12_volume_ema96_none_cw24_ta5_mfe4_adx22,2026-01-10 09:15:00+00:00,2026-01-11 06:30:00+00:00,short,warning_confirm_volume,24.573707,24.3951915,1.8194256229549457,0.007264492084975149,0.013217203037157184,86,0.0076947360877893285,0.03347915721466033,4.350916890806423,0.0050325127540692405,0.6540201894715097,0.21698551246069214,0.026214665129685177,3.40683095958091,0.003123217950553925,0.0062795776782484936,0.00958420432977558,0.8160874663672312,late_exit_giveback
V12_volume_ema96_none_cw24_ta5_mfe4_adx22,2026-01-12 16:15:00+00:00,2026-01-13 02:30:00+00:00,short,fallback_trend_break,23.585201500000004,24.1110495,1.9473819004683626,-0.02229567553196432,-0.04341819498966265,42,0.007189139426957227,0.013745971176036154,1.9120468194694726,0.02813575490357656,3.9136471325170694,-1.6219789236014968,0.036041646708000474,5.013346461588234,0.0029052862257198386,0.0029052862257198386,0.02330676232073592,0.4041215579747754,bad_entry
V12_volume_ema96_none_cw24_ta5_mfe4_adx22,2026-01-14 04:00:00+00:00,2026-01-14 13:30:00+00:00,long,fallback_trend_break,26.079033,26.04697,2.7624230644127934,-0.001229455095209886,-0.003396275111667616,39,0.005792016511200507,0.01656376599546472,2.859758076213004,0.014418977881580197,2.489457316583441,-0.07422557741678552,0.017793221090674605,3.0720252706922304,0.03213540768849499,0.03213540768849499,0.010364737241990163,5.548224461437923,bad_entry
V12_volume_ema96_none_cw24_ta5_mfe4_adx22,2026-01-19 02:15:00+00:00,2026-01-21 16:00:00+00:00,short,warning_confirm_volume,23.934027000000004,21.5777835,2.1494177988093406,0.09844743218514818,0.21160466298583303,248,0.0065133916764601235,0.14343708227620877,22.021872689554495,0.012255911848458534,1.8816482191225044,0.686345752596762,0.044989650091060596,6.907253904852137,0.05110735771354813,0.05110735771354813,0.024572333854401718,7.8465045942583,early_exit
V12_volume_ema96_none_cw24_ta5_mfe4_adx22,2026-01-26 21:45:00+00:00,2026-01-28 21:00:00+00:00,long,fallback_trend_break,24.696342,33.015484,2.380097434977579,0.3368572560260139,0.8017530910211013,190,0.006722413866283892,0.4110996681208898,61.15357910091649,0.002686308765889378,0.3996047877031934,0.8194053222318733,0.07424241209487592,11.04401091209766,0.045782033666385225,0.0469632975848544,0.05713937133255409,6.986076507487543,early_exit
V12_volume_ema96_none_cw24_ta5_mfe4_adx22,2026-02-03 04:15:00+00:00,2026-02-03 14:30:00+00:00,long,fallback_trend_break,38.435207999999996,35.872055,1.2718056542542382,-0.0666876318192422,-0.08481370721653708,42,0.012580538501680184,0.0,0.0,0.08287214160516565,6.5873286421004735,,0.0666876318192422,5.300856701033568,0.0,0.0,0.10111087864913249,-0.31920732503964067,bad_entry
V12_volume_ema96_none_cw24_ta5_mfe4_adx22,2026-02-23 03:30:00+00:00,2026-02-24 12:15:00+00:00,short,fallback_trend_break,26.9155355,26.49324,2.1086505031336604,0.01568965625818597,0.03308400156281803,132,0.006639317411393986,0.04839344548801572,7.288918798333979,0.04676528190961893,7.043688230564673,0.3242103574144436,0.03270378922982975,4.925775829561263,0.015635686688377892,0.015635686688377892,0.03260303383051677,2.355014185877737,early_exit
V12_volume_ema96_none_cw24_ta5_mfe4_adx22,2026-02-25 23:45:00+00:00,2026-02-26 03:30:00+00:00,long,fallback_trend_break,27.654820499999996,27.912037,2.399479941548323,0.00930096436532657,0.02231747743165683,16,0.0066681115865780535,0.03562415095046467,5.3424647275206,0.002235433059491254,0.3352422991827039,0.2610859239356903,0.026323186585138103,3.947622388042048,0.052879085822364,0.0538105835844227,0.0,8.069838497114482,early_exit
V12_volume_ema96_none_cw24_ta5_mfe4_adx22,2026-02-28 21:15:00+00:00,2026-03-02 05:15:00+00:00,long,warning_confirm_volume,30.363173999999997,30.8975435,2.2821924997552143,0.017599263502557472,0.04016490716675235,129,0.007010802113194283,0.07907032380738599,11.278356246652029,0.006658526542712373,0.9497524584499497,0.22257735462711634,0.06147106030482852,8.768049548730009,0.01082469549723264,0.09037794541821742,0.0317676872920335,12.891241823546371,early_exit
V12_volume_ema96_none_cw24_ta5_mfe4_adx22,2026-03-09 15:15:00+00:00,2026-03-10 07:30:00+00:00,long,fallback_trend_break,32.8214025,34.338822,2.190272915256553,0.046232622143432156,0.10126206008204981,66,0.007305025729236977,0.07746766762937685,10.604708388545058,0.01893284420127983,2.591755991427206,0.5967989428134026,0.03123504548594469,4.2758296334169446,0.025078845162481267,0.025078845162481267,0.012109384532760004,3.4330947065809716,early_exit
V12_volume_ema96_none_cw24_ta5_mfe4_adx22,2026-03-16 12:15:00+00:00,2026-03-17 10:15:00+00:00,long,fallback_trend_break,39.392686499999996,40.8185805,2.380901071954827,0.03619692198449087,0.08618129035433957,89,0.006720144817635484,0.05522125280792922,8.21727125031795,0.02517438103643921,3.7461069247160865,0.6554889674522805,0.01902433082343835,2.830940603171727,0.023406485191223014,0.037615700526381524,0.02987807231562123,5.5974538565995955,early_exit
V12_volume_ema96_none_cw24_ta5_mfe4_adx22,2026-04-06 04:15:00+00:00,2026-04-06 20:15:00+00:00,long,fallback_trend_break,37.1555685,37.119431,3.0,-0.0009725998405865077,-0.002917799521759523,65,0.004881229675735005,0.01653672719339494,3.3878199330796446,0.011076899550063413,2.269284644631166,-0.05881453017952556,0.017509327033981448,3.5870729707765556,0.004568200412339296,0.005160881911147941,0.0304000080173642,1.0572913495144698,bad_entry
V12_volume_ema96_none_cw24_ta5_mfe4_adx22,2026-04-07 23:15:00+00:00,2026-04-08 18:15:00+00:00,long,warning_confirm_volume,38.66932499999999,38.406787,3.0,-0.006789309097068319,-0.020367927291204957,77,0.00446540229587656,0.02908442285972157,6.513281655849619,0.014567748467292696,3.2623596939395227,-0.23343454775823302,0.03587373195678989,8.03370661360487,0.033853730071198074,0.04601303930995315,0.017361176294179437,10.304343542001243,bad_entry
V12_volume_ema96_none_cw24_ta5_mfe4_adx22,2026-04-10 14:15:00+00:00,2026-04-11 00:30:00+00:00,long,fallback_trend_break,41.908944,41.535222,3.0,-0.008917475944991593,-0.02675242783497478,42,0.0046032617592491505,0.008066440423791121,1.7523314653101236,0.01565164705653277,3.4001210174686545,-1.1055032302340486,0.016983916368782714,3.689539560651229,0.027561619870480003,0.03957551978414853,0.0,8.59727772478526,bad_entry
V12_volume_ema96_none_cw24_ta5_mfe4_adx22,2026-04-13 19:15:00+00:00,2026-04-14 09:00:00+00:00,long,fallback_trend_break,43.658818499999995,44.9485145,3.0,0.029540332155346904,0.08862099646604071,56,0.005248453965998713,0.03697263360436587,7.04448087834766,0.013326482941813822,2.5391254316313634,0.7989783057233627,0.007432301449018963,1.4160934814648207,0.004660565589992949,0.004660565589992949,0.041792582489016405,0.8879882762020385,good_capture
V12_volume_ema96_none_cw24_ta5_mfe4_adx22,2026-04-19 11:45:00+00:00,2026-04-19 17:15:00+00:00,short,fallback_trend_break,43.310334000000005,43.00048949999999,2.4527128700957253,0.007154054734373805,0.017546842120367886,23,0.0057079653190116805,0.024389883486006014,4.27295579473301,0.013858831029850194,2.427980945099683,0.29332057852914833,0.01723582875163221,3.019609928992447,0.05787119004773178,0.05787119004773178,0.0,10.138672331273384,early_exit
V12_volume_ema96_none_cw24_ta5_mfe4_adx22,2026-04-19 22:00:00+00:00,2026-04-20 08:45:00+00:00,short,fallback_trend_break,41.0464665,40.7893845,2.2999025888599864,0.006263194421376128,0.014404737064256382,44,0.006087214331516322,0.013021011199587651,2.1390755262504655,0.013092580125507958,2.150832780393754,0.48100676094760375,0.006757816778211523,1.110165735946438,0.004642984990371635,0.010722998284026564,0.024482239980845977,1.7615608224124204,mixed
V12_volume_ema96_none_cw24_ta5_mfe4_adx22,2026-04-27 02:15:00+00:00,2026-04-27 10:45:00+00:00,long,fallback_trend_break,42.758368499999996,42.326826000000004,3.0,-0.010092585735585136,-0.030277757206755407,35,0.004335101108020891,0.01968343343128276,4.540478512684301,0.013058695165134582,3.0123161697366463,-0.5127451859869656,0.029776019166867895,6.868587012140434,0.014085015493483954,0.014085015493483954,0.02262928951960641,3.249062742140795,bad_entry
V12_volume_ema96_none_cw24_ta5_mfe4_adx22,2026-05-05 08:15:00+00:00,2026-05-05 23:15:00+00:00,long,fallback_trend_break,43.05651749999999,43.888045,3.0,0.01931246529634012,0.05793739588902036,61,0.004098408272336471,0.036312330647735536,8.860105737351091,0.007351209953289639,1.7936743888862912,0.5318431770102992,0.016999865351395416,4.147918953351108,0.012348579208757204,0.021234826021528264,0.00704166704167386,5.18123735130528,early_exit
V12_volume_ema96_none_cw24_ta5_mfe4_adx22,2026-05-14 17:00:00+00:00,2026-05-14 19:30:00+00:00,short,opposite_cross,43.4852465,44.6833305,3.0,-0.02755150531341699,-0.08265451594025097,11,0.004176120536706189,0.0051108483425523765,1.2238268262686283,0.028653357308791927,6.861238093331364,-5.39078905629543,0.03266235365596937,7.821219088118319,0.024222243236770358,0.046176739220457175,0.05168973472109473,11.057329120312682,bad_entry
V12_volume_ema96_none_cw24_ta5_mfe4_adx22,2026-05-14 19:45:00+00:00,2026-05-15 12:45:00+00:00,long,fallback_trend_break,44.67832799999999,44.895541,3.0,0.004861708343248727,0.014585125029746182,69,0.004151944334254662,0.05180748930443424,12.477886294623092,0.03975815746730704,9.575792512267448,0.09384180566404345,0.04694578096118551,11.306938913865041,0.004509556973597784,0.004509556973597784,0.05068523397457225,1.0861313665486123,late_exit_giveback
V12_volume_ema96_none_cw24_ta5_mfe4_adx22,2026-05-17 13:15:00+00:00,2026-05-18 06:00:00+00:00,long,fallback_trend_break,42.881429999999995,45.3842965,2.6401072472071037,0.058367141674146694,0.15409551373267844,68,0.006060359864897897,0.10245857006167958,16.906350834894813,0.00873175171630225,1.4407975616889146,0.5696657843166262,0.04409142838753288,7.275381226602411,0.019317331491521594,0.07045836878842016,0.012874420120184138,11.626103129043678,early_exit
V12_volume_ema96_none_cw24_ta5_mfe4_adx22,2026-05-20 17:15:00+00:00,2026-05-21 21:30:00+00:00,long,fallback_trend_break,52.076024999999994,57.497237000000005,2.2368306194393157,0.10410187797551784,0.23285826819677363,114,0.007152977905859748,0.2030680145037953,28.389297041927275,0.013365555454741274,1.8685302304362157,0.5126453726840974,0.09896613652827746,13.835655279628924,0.029771221876278897,0.07758221495060691,0.014787441003469515,10.846142120340012,early_exit
V12_volume_ema96_none_cw24_ta5_mfe4_adx22,2026-05-24 06:15:00+00:00,2026-05-24 19:00:00+00:00,long,fallback_trend_break,60.7293495,63.979994000000005,1.8151604909429215,0.05352674656921863,0.09715963558116023,52,0.008814647564132734,0.06694704510213811,7.594976953423433,0.008206073407718506,0.9309587647167485,0.7995385978209384,0.013420298532919483,1.5224997296009186,0.0,0.0018756800758685799,0.05039065805476639,0.21279127296034173,good_capture
