year,strategy,label,cost_bps_one_way,observations,start_ts,end_ts,gross_return,net_return,max_drawdown,turnover,average_abs_position,partial_year
1986,tsmom_1m,1M,0.0,40,1986-11-03T00:00:00+00:00,1986-12-31T00:00:00+00:00,-0.003579773393521002,-0.003579773393521002,-0.03243540495689856,0.4581380138604358,0.4568165920884339,True
1987,tsmom_1m,1M,0.0,253,1987-01-02T00:00:00+00:00,1987-12-31T00:00:00+00:00,0.020924691937346696,0.020924691937346696,-0.07792008651531723,7.481950219227905,0.5304718559255328,False
1988,tsmom_1m,1M,0.0,252,1988-01-04T00:00:00+00:00,1988-12-30T00:00:00+00:00,-0.01104791281664197,-0.01104791281664197,-0.11922236820616505,11.078272965244896,0.696016476573084,False
1989,tsmom_1m,1M,0.0,252,1989-01-03T00:00:00+00:00,1989-12-29T00:00:00+00:00,0.11070319263766848,0.11070319263766848,-0.08027781623907171,6.279041058572991,0.7811269887956398,False
1990,tsmom_1m,1M,0.0,251,1990-01-02T00:00:00+00:00,1990-12-31T00:00:00+00:00,0.02389188965304445,0.02389188965304445,-0.08452398583240095,7.830792543087184,0.5959087017795616,False
1991,tsmom_1m,1M,0.0,252,1991-01-02T00:00:00+00:00,1991-12-31T00:00:00+00:00,-0.10561183439704835,-0.10561183439704835,-0.11896603626469049,8.275459571732501,0.7507866861477928,False
1992,tsmom_1m,1M,0.0,254,1992-01-02T00:00:00+00:00,1992-12-31T00:00:00+00:00,0.0360292799041424,0.0360292799041424,-0.10441275967151054,15.41177139736455,1.1319836285825442,False
1993,tsmom_1m,1M,0.0,251,1993-01-04T00:00:00+00:00,1993-12-30T00:00:00+00:00,0.0116736557422632,0.0116736557422632,-0.1524661278030044,9.21175815354977,0.9264840653408242,False
1994,tsmom_1m,1M,0.0,251,1994-01-03T00:00:00+00:00,1994-12-30T00:00:00+00:00,-0.11313066997322241,-0.11313066997322241,-0.1256041149974847,12.038193511518902,0.8863220026345369,False
1995,tsmom_1m,1M,0.0,250,1995-01-03T00:00:00+00:00,1995-12-29T00:00:00+00:00,0.034553483520812556,0.034553483520812556,-0.05417539225869872,14.338899545214804,1.360454094345554,False
1996,tsmom_1m,1M,0.0,251,1996-01-02T00:00:00+00:00,1996-12-31T00:00:00+00:00,-0.09180514001914841,-0.09180514001914841,-0.16970962137847034,22.102516120771906,1.6143613659979086,False
1997,tsmom_1m,1M,0.0,250,1997-01-02T00:00:00+00:00,1997-12-31T00:00:00+00:00,-0.030778864293558583,-0.030778864293558583,-0.2051694954448351,13.454019722572028,1.0626185921015,False
1998,tsmom_1m,1M,0.0,250,1998-01-02T00:00:00+00:00,1998-12-31T00:00:00+00:00,-0.14579926310058067,-0.14579926310058067,-0.17262599046845895,12.867345854015138,0.7168848844141434,False
1999,tsmom_1m,1M,0.0,249,1999-01-04T00:00:00+00:00,1999-12-30T00:00:00+00:00,-0.20047907938428577,-0.20047907938428577,-0.24521003887427195,12.027411458449313,0.8340795427800186,False
2000,tsmom_1m,1M,0.0,248,2000-01-04T00:00:00+00:00,2000-12-29T00:00:00+00:00,0.020534625089703162,0.020534625089703162,-0.06312129777414122,5.905890537098894,0.589056911483037,False
2001,tsmom_1m,1M,0.0,247,2001-01-02T00:00:00+00:00,2001-12-31T00:00:00+00:00,0.0034957353497448995,0.0034957353497448995,-0.08481240333112694,7.954646078466078,0.74409412575203,False
2002,tsmom_1m,1M,0.0,251,2002-01-02T00:00:00+00:00,2002-12-31T00:00:00+00:00,0.029504941362693105,0.029504941362693105,-0.09837832876402386,6.274204095795544,0.7484590672690947,False
2003,tsmom_1m,1M,0.0,250,2003-01-02T00:00:00+00:00,2003-12-31T00:00:00+00:00,0.08121442286052938,0.08121442286052938,-0.07200337047593441,8.873675429586461,0.6194925046664232,False
2004,tsmom_1m,1M,0.0,249,2004-01-05T00:00:00+00:00,2004-12-30T00:00:00+00:00,-0.06022329839361884,-0.06022329839361884,-0.15461339010548614,7.082689108255717,0.6121221119769235,False
2005,tsmom_1m,1M,0.0,251,2005-01-03T00:00:00+00:00,2005-12-30T00:00:00+00:00,-0.06108604438299703,-0.06108604438299703,-0.15244193941592155,16.15771155952966,0.7995484443923624,False
2006,tsmom_1m,1M,0.0,250,2006-01-03T00:00:00+00:00,2006-12-29T00:00:00+00:00,0.11997932493086938,0.11997932493086938,-0.07370847949550996,5.582820460566657,0.4608896830110364,False
2007,tsmom_1m,1M,0.0,252,2007-01-02T00:00:00+00:00,2007-12-31T00:00:00+00:00,0.01999621861722556,0.01999621861722556,-0.08862139316526407,8.003017032451151,0.5958515453086647,False
2008,tsmom_1m,1M,0.0,255,2008-01-02T00:00:00+00:00,2008-12-31T00:00:00+00:00,0.03758554530915692,0.03758554530915692,-0.1591351851673114,5.669954203024831,0.4168027750250686,False
2009,tsmom_1m,1M,0.0,253,2009-01-02T00:00:00+00:00,2009-12-31T00:00:00+00:00,-0.02542802622202267,-0.02542802622202267,-0.10731295162125476,5.222692089992767,0.4197399875740845,False
2010,tsmom_1m,1M,0.0,258,2010-01-04T00:00:00+00:00,2010-12-31T00:00:00+00:00,0.013973701752084233,0.013973701752084233,-0.08924261750645912,7.03167015598832,0.6021108427564869,False
2011,tsmom_1m,1M,0.0,258,2011-01-03T00:00:00+00:00,2011-12-30T00:00:00+00:00,-0.08363149795890801,-0.08363149795890801,-0.13600413417012291,7.719034454357217,0.6132842828713029,False
2012,tsmom_1m,1M,0.0,258,2012-01-03T00:00:00+00:00,2012-12-31T00:00:00+00:00,0.03565104158694932,0.03565104158694932,-0.05079640467962354,5.5328158759034105,0.5886842832685805,False
2013,tsmom_1m,1M,0.0,258,2013-01-02T00:00:00+00:00,2013-12-31T00:00:00+00:00,0.06469736434597273,0.06469736434597273,-0.15170033353910528,5.037275974426999,0.5723837485006957,False
2014,tsmom_1m,1M,0.0,258,2014-01-02T00:00:00+00:00,2014-12-31T00:00:00+00:00,-0.12590937170624106,-0.12590937170624106,-0.19682828677466646,11.155348745181787,0.6859806266358989,False
2015,tsmom_1m,1M,0.0,258,2015-01-02T00:00:00+00:00,2015-12-31T00:00:00+00:00,-0.0388089950949545,-0.0388089950949545,-0.12708293483343136,11.230107240914698,0.6873925228426901,False
2016,tsmom_1m,1M,0.0,258,2016-01-04T00:00:00+00:00,2016-12-30T00:00:00+00:00,-0.045105394644155306,-0.045105394644155306,-0.17124372001888,10.482092929007116,0.6462142298425537,False
2017,tsmom_1m,1M,0.0,255,2017-01-03T00:00:00+00:00,2017-12-29T00:00:00+00:00,0.012525643631408068,0.012525643631408068,-0.06556293362232113,12.894062247041255,0.9071662868176676,False
2018,tsmom_1m,1M,0.0,252,2018-01-02T00:00:00+00:00,2018-12-31T00:00:00+00:00,0.12816307419619655,0.12816307419619655,-0.05853911022291114,7.80822026401975,0.9627030458621977,False
2019,tsmom_1m,1M,0.0,252,2019-01-02T00:00:00+00:00,2019-12-31T00:00:00+00:00,0.08225272053611676,0.08225272053611676,-0.1111377477206853,9.360875885766081,0.9036344261618021,False
2020,tsmom_1m,1M,0.0,253,2020-01-02T00:00:00+00:00,2020-12-31T00:00:00+00:00,0.07222261914904049,0.07222261914904049,-0.11569739169484172,5.994075172176607,0.5673420558208137,False
2021,tsmom_1m,1M,0.0,231,2021-01-04T00:00:00+00:00,2021-11-30T00:00:00+00:00,-0.04137614726492156,-0.04137614726492156,-0.09909754066551513,8.763257065256319,0.6248502302827291,True
1986,tsmom_1m,1M,2.0,40,1986-11-03T00:00:00+00:00,1986-12-31T00:00:00+00:00,-0.003579773393521002,-0.0036712073486363517,-0.03243594499035174,0.4581380138604358,0.4568165920884339,True
1987,tsmom_1m,1M,2.0,253,1987-01-02T00:00:00+00:00,1987-12-31T00:00:00+00:00,0.020924691937346696,0.019401000786170908,-0.0784925594763316,7.481950219227905,0.5304718559255328,False
1988,tsmom_1m,1M,2.0,252,1988-01-04T00:00:00+00:00,1988-12-30T00:00:00+00:00,-0.01104791281664197,-0.013232403957798566,-0.12044109784604518,11.078272965244896,0.696016476573084,False
1989,tsmom_1m,1M,2.0,252,1989-01-03T00:00:00+00:00,1989-12-29T00:00:00+00:00,0.11070319263766848,0.10931022324460593,-0.08106796856860421,6.279041058572991,0.7811269887956398,False
1990,tsmom_1m,1M,2.0,251,1990-01-02T00:00:00+00:00,1990-12-31T00:00:00+00:00,0.02389188965304445,0.022292338054573646,-0.08491399324612636,7.830792543087184,0.5959087017795616,False
1991,tsmom_1m,1M,2.0,252,1991-01-02T00:00:00+00:00,1991-12-31T00:00:00+00:00,-0.10561183439704835,-0.10709153616706013,-0.12042109881808516,8.275459571732501,0.7507866861477928,False
1992,tsmom_1m,1M,2.0,254,1992-01-02T00:00:00+00:00,1992-12-31T00:00:00+00:00,0.0360292799041424,0.03284768894804513,-0.10520195956519274,15.41177139736455,1.1319836285825442,False
1993,tsmom_1m,1M,2.0,251,1993-01-04T00:00:00+00:00,1993-12-30T00:00:00+00:00,0.0116736557422632,0.00980298408076008,-0.15308414395628267,9.21175815354977,0.9264840653408242,False
1994,tsmom_1m,1M,2.0,251,1994-01-03T00:00:00+00:00,1994-12-30T00:00:00+00:00,-0.11313066997322241,-0.11527097809620246,-0.1276831311739708,12.038193511518902,0.8863220026345369,False
1995,tsmom_1m,1M,2.0,250,1995-01-03T00:00:00+00:00,1995-12-29T00:00:00+00:00,0.034553483520812556,0.03158689914069601,-0.05572731556426758,14.338899545214804,1.360454094345554,False
1996,tsmom_1m,1M,2.0,251,1996-01-02T00:00:00+00:00,1996-12-31T00:00:00+00:00,-0.09180514001914841,-0.09581478799127907,-0.1722208343306615,22.102516120771906,1.6143613659979086,False
1997,tsmom_1m,1M,2.0,250,1997-01-02T00:00:00+00:00,1997-12-31T00:00:00+00:00,-0.030778864293558583,-0.03339121973046133,-0.20693731793584447,13.454019722572028,1.0626185921015,False
1998,tsmom_1m,1M,2.0,250,1998-01-02T00:00:00+00:00,1998-12-31T00:00:00+00:00,-0.14579926310058067,-0.14798726893399572,-0.17474109643253222,12.867345854015138,0.7168848844141434,False
1999,tsmom_1m,1M,2.0,249,1999-01-04T00:00:00+00:00,1999-12-30T00:00:00+00:00,-0.20047907938428577,-0.2023957209529995,-0.24612655047726373,12.027411458449313,0.8340795427800186,False
2000,tsmom_1m,1M,2.0,248,2000-01-04T00:00:00+00:00,2000-12-29T00:00:00+00:00,0.020534625089703162,0.01932884291112069,-0.06312915964546417,5.905890537098894,0.589056911483037,False
2001,tsmom_1m,1M,2.0,247,2001-01-02T00:00:00+00:00,2001-12-31T00:00:00+00:00,0.0034957353497448995,0.001894444522307026,-0.08508958931862864,7.954646078466078,0.74409412575203,False
2002,tsmom_1m,1M,2.0,251,2002-01-02T00:00:00+00:00,2002-12-31T00:00:00+00:00,0.029504941362693105,0.02821350565991887,-0.0991967707785052,6.274204095795544,0.7484590672690947,False
2003,tsmom_1m,1M,2.0,250,2003-01-02T00:00:00+00:00,2003-12-31T00:00:00+00:00,0.08121442286052938,0.07929771608662906,-0.07222621765653858,8.873675429586461,0.6194925046664232,False
2004,tsmom_1m,1M,2.0,249,2004-01-05T00:00:00+00:00,2004-12-30T00:00:00+00:00,-0.06022329839361884,-0.06155270449296757,-0.15558181008691774,7.082689108255717,0.6121221119769235,False
2005,tsmom_1m,1M,2.0,251,2005-01-03T00:00:00+00:00,2005-12-30T00:00:00+00:00,-0.06108604438299703,-0.06410892542262714,-0.15380551108779772,16.15771155952966,0.7995484443923624,False
2006,tsmom_1m,1M,2.0,250,2006-01-03T00:00:00+00:00,2006-12-29T00:00:00+00:00,0.11997932493086938,0.11873536372364324,-0.07402113105036234,5.582820460566657,0.4608896830110364,False
2007,tsmom_1m,1M,2.0,252,2007-01-02T00:00:00+00:00,2007-12-31T00:00:00+00:00,0.01999621861722556,0.018359277575549227,-0.08968186840701864,8.003017032451151,0.5958515453086647,False
2008,tsmom_1m,1M,2.0,255,2008-01-02T00:00:00+00:00,2008-12-31T00:00:00+00:00,0.03758554530915692,0.03641563408477344,-0.1594302230423309,5.669954203024831,0.4168027750250686,False
2009,tsmom_1m,1M,2.0,253,2009-01-02T00:00:00+00:00,2009-12-31T00:00:00+00:00,-0.02542802622202267,-0.02644826584298421,-0.10804488673182899,5.222692089992767,0.4197399875740845,False
2010,tsmom_1m,1M,2.0,258,2010-01-04T00:00:00+00:00,2010-12-31T00:00:00+00:00,0.013973701752084233,0.012544399985203514,-0.0902892107129849,7.03167015598832,0.6021108427564869,False
2011,tsmom_1m,1M,2.0,258,2011-01-03T00:00:00+00:00,2011-12-30T00:00:00+00:00,-0.08363149795890801,-0.08504676546377676,-0.13635016420946722,7.719034454357217,0.6132842828713029,False
2012,tsmom_1m,1M,2.0,258,2012-01-03T00:00:00+00:00,2012-12-31T00:00:00+00:00,0.03565104158694932,0.03450282440247188,-0.05115431708181084,5.5328158759034105,0.5886842832685805,False
2013,tsmom_1m,1M,2.0,258,2013-01-02T00:00:00+00:00,2013-12-31T00:00:00+00:00,0.06469736434597273,0.06362884837109228,-0.151995198425119,5.037275974426999,0.5723837485006957,False
2014,tsmom_1m,1M,2.0,258,2014-01-02T00:00:00+00:00,2014-12-31T00:00:00+00:00,-0.12590937170624106,-0.12785949217336812,-0.1984163527194439,11.155348745181787,0.6859806266358989,False
2015,tsmom_1m,1M,2.0,258,2015-01-02T00:00:00+00:00,2015-12-31T00:00:00+00:00,-0.0388089950949545,-0.04096590770288666,-0.12813217978696034,11.230107240914698,0.6873925228426901,False
2016,tsmom_1m,1M,2.0,258,2016-01-04T00:00:00+00:00,2016-12-30T00:00:00+00:00,-0.045105394644155306,-0.047103959064875855,-0.1727072576116483,10.482092929007116,0.6462142298425537,False
2017,tsmom_1m,1M,2.0,255,2017-01-03T00:00:00+00:00,2017-12-29T00:00:00+00:00,0.012525643631408068,0.009919295563395325,-0.06630011217649934,12.894062247041255,0.9071662868176676,False
2018,tsmom_1m,1M,2.0,252,2018-01-02T00:00:00+00:00,2018-12-31T00:00:00+00:00,0.12816307419619655,0.12642441055055276,-0.058900681235736774,7.80822026401975,0.9627030458621977,False
2019,tsmom_1m,1M,2.0,252,2019-01-02T00:00:00+00:00,2019-12-31T00:00:00+00:00,0.08225272053611676,0.08023832538877929,-0.11197913018430239,9.360875885766081,0.9036344261618021,False
2020,tsmom_1m,1M,2.0,253,2020-01-02T00:00:00+00:00,2020-12-31T00:00:00+00:00,0.07222261914904049,0.07093137570186125,-0.11601632701862652,5.994075172176607,0.5673420558208137,False
2021,tsmom_1m,1M,2.0,231,2021-01-04T00:00:00+00:00,2021-11-30T00:00:00+00:00,-0.04137614726492156,-0.04304937732265901,-0.09981040217247861,8.763257065256319,0.6248502302827291,True
1986,tsmom_3m,3M,0.0,40,1986-11-03T00:00:00+00:00,1986-12-31T00:00:00+00:00,0.0023783150844083334,0.0023783150844083334,-0.03703639570676842,0.4581380138604358,0.4568165920884339,True
1987,tsmom_3m,3M,0.0,253,1987-01-02T00:00:00+00:00,1987-12-31T00:00:00+00:00,0.03697249733883323,0.03697249733883323,-0.06333898928207449,4.545728102223994,0.5304718559255328,False
1988,tsmom_3m,3M,0.0,252,1988-01-04T00:00:00+00:00,1988-12-30T00:00:00+00:00,-0.04232919103802213,-0.04232919103802213,-0.09405646955660552,4.656845792953677,0.696016476573084,False
1989,tsmom_3m,3M,0.0,252,1989-01-03T00:00:00+00:00,1989-12-29T00:00:00+00:00,-0.10552462160324627,-0.10552462160324627,-0.146278422972153,5.463752130808706,0.7811269887956398,False
1990,tsmom_3m,3M,0.0,251,1990-01-02T00:00:00+00:00,1990-12-31T00:00:00+00:00,0.05060587660413818,0.05060587660413818,-0.08232597754820203,4.211436143158118,0.5959087017795616,False
1991,tsmom_3m,3M,0.0,252,1991-01-02T00:00:00+00:00,1991-12-31T00:00:00+00:00,-0.10846802204027373,-0.10846802204027373,-0.15916498481195862,5.985697139332399,0.7507866861477928,False
1992,tsmom_3m,3M,0.0,254,1992-01-02T00:00:00+00:00,1992-12-31T00:00:00+00:00,-0.08733082354680244,-0.08733082354680244,-0.17113089903660927,7.51025994185855,1.1319836285825442,False
1993,tsmom_3m,3M,0.0,251,1993-01-04T00:00:00+00:00,1993-12-30T00:00:00+00:00,0.07924287411925568,0.07924287411925568,-0.095755082579292,4.848286208916529,0.9264840653408242,False
1994,tsmom_3m,3M,0.0,251,1994-01-03T00:00:00+00:00,1994-12-30T00:00:00+00:00,-0.07341302871797772,-0.07341302871797772,-0.08742514326473616,10.38441960523232,0.8863220026345369,False
1995,tsmom_3m,3M,0.0,250,1995-01-03T00:00:00+00:00,1995-12-29T00:00:00+00:00,-0.09352045316870039,-0.09352045316870039,-0.13715592178905334,15.563899651193923,1.360454094345554,False
1996,tsmom_3m,3M,0.0,251,1996-01-02T00:00:00+00:00,1996-12-31T00:00:00+00:00,0.1589160967327825,0.1589160967327825,-0.09101971838804868,4.028436647315291,1.6143613659979086,False
1997,tsmom_3m,3M,0.0,250,1997-01-02T00:00:00+00:00,1997-12-31T00:00:00+00:00,0.1218283681352419,0.1218283681352419,-0.13171628424441617,4.794568475443095,1.0626185921015,False
1998,tsmom_3m,3M,0.0,250,1998-01-02T00:00:00+00:00,1998-12-31T00:00:00+00:00,-0.07986403513070528,-0.07986403513070528,-0.1087615010361167,4.598764766674169,0.7168848844141434,False
1999,tsmom_3m,3M,0.0,249,1999-01-04T00:00:00+00:00,1999-12-30T00:00:00+00:00,-0.07151446454700894,-0.07151446454700894,-0.19960627727905556,3.609817397807088,0.8340795427800186,False
2000,tsmom_3m,3M,0.0,248,2000-01-04T00:00:00+00:00,2000-12-29T00:00:00+00:00,-0.07703428914637511,-0.07703428914637511,-0.10330210162580811,5.590031604656108,0.589056911483037,False
2001,tsmom_3m,3M,0.0,247,2001-01-02T00:00:00+00:00,2001-12-31T00:00:00+00:00,0.008352895666114524,0.008352895666114524,-0.09212221607593107,6.771514408442798,0.74409412575203,False
2002,tsmom_3m,3M,0.0,251,2002-01-02T00:00:00+00:00,2002-12-31T00:00:00+00:00,0.0616429713383142,0.0616429713383142,-0.12419919108236588,4.7423396864841845,0.7484590672690947,False
2003,tsmom_3m,3M,0.0,250,2003-01-02T00:00:00+00:00,2003-12-31T00:00:00+00:00,0.00642034479384912,0.00642034479384912,-0.16049668932051842,2.7599851164963147,0.6194925046664232,False
2004,tsmom_3m,3M,0.0,249,2004-01-05T00:00:00+00:00,2004-12-30T00:00:00+00:00,-0.07151282833031636,-0.07151282833031636,-0.16476901263174526,4.882465886657744,0.6121221119769235,False
2005,tsmom_3m,3M,0.0,251,2005-01-03T00:00:00+00:00,2005-12-30T00:00:00+00:00,0.016590896669277155,0.016590896669277155,-0.1340339982040114,10.148171174922107,0.7995484443923624,False
2006,tsmom_3m,3M,0.0,250,2006-01-03T00:00:00+00:00,2006-12-29T00:00:00+00:00,0.11474147096309584,0.11474147096309584,-0.10636297965240127,2.071409701193028,0.4608896830110364,False
2007,tsmom_3m,3M,0.0,252,2007-01-02T00:00:00+00:00,2007-12-31T00:00:00+00:00,0.14119675136015286,0.14119675136015286,-0.04638487093374244,2.9025109698862455,0.5958515453086647,False
2008,tsmom_3m,3M,0.0,255,2008-01-02T00:00:00+00:00,2008-12-31T00:00:00+00:00,-0.07998361599801762,-0.07998361599801762,-0.1791414699234557,3.003704629639979,0.4168027750250686,False
2009,tsmom_3m,3M,0.0,253,2009-01-02T00:00:00+00:00,2009-12-31T00:00:00+00:00,-0.022836334433913974,-0.022836334433913974,-0.1049390174687409,4.139486219049605,0.4197399875740845,False
2010,tsmom_3m,3M,0.0,258,2010-01-04T00:00:00+00:00,2010-12-31T00:00:00+00:00,0.18318761706821718,0.18318761706821718,-0.04639492724478489,2.5180116872085785,0.6021108427564869,False
2011,tsmom_3m,3M,0.0,258,2011-01-03T00:00:00+00:00,2011-12-30T00:00:00+00:00,0.1524514101566956,0.1524514101566956,-0.08245262693685995,4.051482406650315,0.6132842828713029,False
2012,tsmom_3m,3M,0.0,258,2012-01-03T00:00:00+00:00,2012-12-31T00:00:00+00:00,-0.07087401917031866,-0.07087401917031866,-0.07586307960214411,5.390781928070087,0.5886842832685805,False
2013,tsmom_3m,3M,0.0,258,2013-01-02T00:00:00+00:00,2013-12-31T00:00:00+00:00,0.09558636763201678,0.09558636763201678,-0.11188180667803671,4.19890903276293,0.5723837485006957,False
2014,tsmom_3m,3M,0.0,258,2014-01-02T00:00:00+00:00,2014-12-31T00:00:00+00:00,-0.1779684668758148,-0.1779684668758148,-0.20665604911224789,8.851028618878285,0.6859806266358989,False
2015,tsmom_3m,3M,0.0,258,2015-01-02T00:00:00+00:00,2015-12-31T00:00:00+00:00,-0.11847939091602389,-0.11847939091602389,-0.13180215362187286,5.66761905662837,0.6873925228426901,False
2016,tsmom_3m,3M,0.0,258,2016-01-04T00:00:00+00:00,2016-12-30T00:00:00+00:00,-0.0852600005124241,-0.0852600005124241,-0.16330948997239803,5.347484895650766,0.6462142298425537,False
2017,tsmom_3m,3M,0.0,255,2017-01-03T00:00:00+00:00,2017-12-29T00:00:00+00:00,-0.17607649826618954,-0.17607649826618954,-0.17228994208467208,7.7257282011871595,0.9071662868176676,False
2018,tsmom_3m,3M,0.0,252,2018-01-02T00:00:00+00:00,2018-12-31T00:00:00+00:00,0.1170155583303154,0.1170155583303154,-0.047542855974393006,6.085704593844216,0.9627030458621977,False
2019,tsmom_3m,3M,0.0,252,2019-01-02T00:00:00+00:00,2019-12-31T00:00:00+00:00,-0.08600975247862985,-0.08600975247862985,-0.15106220228949452,5.820394221250948,0.9036344261618021,False
2020,tsmom_3m,3M,0.0,253,2020-01-02T00:00:00+00:00,2020-12-31T00:00:00+00:00,0.11311273755657547,0.11311273755657547,-0.10581711189990617,3.598659699187797,0.5673420558208137,False
2021,tsmom_3m,3M,0.0,231,2021-01-04T00:00:00+00:00,2021-11-30T00:00:00+00:00,-0.03167864198788517,-0.03167864198788517,-0.13312880749678757,2.9772966177789018,0.6248502302827291,True
1986,tsmom_3m,3M,2.0,40,1986-11-03T00:00:00+00:00,1986-12-31T00:00:00+00:00,0.0023783150844083334,0.002286604425663308,-0.03703639570676842,0.4581380138604358,0.4568165920884339,True
1987,tsmom_3m,3M,2.0,253,1987-01-02T00:00:00+00:00,1987-12-31T00:00:00+00:00,0.03697249733883323,0.03602933604410885,-0.06376706556894263,4.545728102223994,0.5304718559255328,False
1988,tsmom_3m,3M,2.0,252,1988-01-04T00:00:00+00:00,1988-12-30T00:00:00+00:00,-0.04232919103802213,-0.04322048292969016,-0.09461621423907529,4.656845792953677,0.696016476573084,False
1989,tsmom_3m,3M,2.0,252,1989-01-03T00:00:00+00:00,1989-12-29T00:00:00+00:00,-0.10552462160324627,-0.1065014449363596,-0.14663274429330408,5.463752130808706,0.7811269887956398,False
1990,tsmom_3m,3M,2.0,251,1990-01-02T00:00:00+00:00,1990-12-31T00:00:00+00:00,0.05060587660413818,0.049724655856586475,-0.08235539745727771,4.211436143158118,0.5959087017795616,False
1991,tsmom_3m,3M,2.0,252,1991-01-02T00:00:00+00:00,1991-12-31T00:00:00+00:00,-0.10846802204027373,-0.10953621072121722,-0.1601367922302218,5.985697139332399,0.7507866861477928,False
1992,tsmom_3m,3M,2.0,254,1992-01-02T00:00:00+00:00,1992-12-31T00:00:00+00:00,-0.08733082354680244,-0.08870822492736696,-0.17161015014537095,7.51025994185855,1.1319836285825442,False
1993,tsmom_3m,3M,2.0,251,1993-01-04T00:00:00+00:00,1993-12-30T00:00:00+00:00,0.07924287411925568,0.07819961481550042,-0.0960443744063254,4.848286208916529,0.9264840653408242,False
1994,tsmom_3m,3M,2.0,251,1994-01-03T00:00:00+00:00,1994-12-30T00:00:00+00:00,-0.07341302871797772,-0.07533784813361599,-0.08904966607276332,10.38441960523232,0.8863220026345369,False
1995,tsmom_3m,3M,2.0,250,1995-01-03T00:00:00+00:00,1995-12-29T00:00:00+00:00,-0.09352045316870039,-0.0963416361008902,-0.13924910520017186,15.563899651193923,1.360454094345554,False
1996,tsmom_3m,3M,2.0,251,1996-01-02T00:00:00+00:00,1996-12-31T00:00:00+00:00,0.1589160967327825,0.15798140483838963,-0.09160568626949706,4.028436647315291,1.6143613659979086,False
1997,tsmom_3m,3M,2.0,250,1997-01-02T00:00:00+00:00,1997-12-31T00:00:00+00:00,0.1218283681352419,0.12074894357642729,-0.13207635490165726,4.794568475443095,1.0626185921015,False
1998,tsmom_3m,3M,2.0,250,1998-01-02T00:00:00+00:00,1998-12-31T00:00:00+00:00,-0.07986403513070528,-0.08070479390714203,-0.10957134069367658,4.598764766674169,0.7168848844141434,False
1999,tsmom_3m,3M,2.0,249,1999-01-04T00:00:00+00:00,1999-12-30T00:00:00+00:00,-0.07151446454700894,-0.07218149521215322,-0.19962346426679323,3.609817397807088,0.8340795427800186,False
2000,tsmom_3m,3M,2.0,248,2000-01-04T00:00:00+00:00,2000-12-29T00:00:00+00:00,-0.07703428914637511,-0.07806613603431778,-0.1038737019306677,5.590031604656108,0.589056911483037,False
2001,tsmom_3m,3M,2.0,247,2001-01-02T00:00:00+00:00,2001-12-31T00:00:00+00:00,0.008352895666114524,0.006989914318627166,-0.09212697500925293,6.771514408442798,0.74409412575203,False
2002,tsmom_3m,3M,2.0,251,2002-01-02T00:00:00+00:00,2002-12-31T00:00:00+00:00,0.0616429713383142,0.06063788529833891,-0.12469823040601291,4.7423396864841845,0.7484590672690947,False
2003,tsmom_3m,3M,2.0,250,2003-01-02T00:00:00+00:00,2003-12-31T00:00:00+00:00,0.00642034479384912,0.005865657595714557,-0.16093139945810153,2.7599851164963147,0.6194925046664232,False
2004,tsmom_3m,3M,2.0,249,2004-01-05T00:00:00+00:00,2004-12-30T00:00:00+00:00,-0.07151282833031636,-0.07241935044758907,-0.16535965648421602,4.882465886657744,0.6121221119769235,False
2005,tsmom_3m,3M,2.0,251,2005-01-03T00:00:00+00:00,2005-12-30T00:00:00+00:00,0.016590896669277155,0.014525676359710804,-0.13492024419878457,10.148171174922107,0.7995484443923624,False
2006,tsmom_3m,3M,2.0,250,2006-01-03T00:00:00+00:00,2006-12-29T00:00:00+00:00,0.11474147096309584,0.11427884439858249,-0.106384308201663,2.071409701193028,0.4608896830110364,False
2007,tsmom_3m,3M,2.0,252,2007-01-02T00:00:00+00:00,2007-12-31T00:00:00+00:00,0.14119675136015286,0.14053441970157077,-0.04638487093374266,2.9025109698862455,0.5958515453086647,False
2008,tsmom_3m,3M,2.0,255,2008-01-02T00:00:00+00:00,2008-12-31T00:00:00+00:00,-0.07998361599801762,-0.08053223724449099,-0.17958885475865816,3.003704629639979,0.4168027750250686,False
2009,tsmom_3m,3M,2.0,253,2009-01-02T00:00:00+00:00,2009-12-31T00:00:00+00:00,-0.022836334433913974,-0.023646856169553865,-0.10539012199001874,4.139486219049605,0.4197399875740845,False
2010,tsmom_3m,3M,2.0,258,2010-01-04T00:00:00+00:00,2010-12-31T00:00:00+00:00,0.18318761706821718,0.18259359726844937,-0.046399351761087226,2.5180116872085785,0.6021108427564869,False
2011,tsmom_3m,3M,2.0,258,2011-01-03T00:00:00+00:00,2011-12-30T00:00:00+00:00,0.1524514101566956,0.1515198252730654,-0.08251258054473631,4.051482406650315,0.6132842828713029,False
2012,tsmom_3m,3M,2.0,258,2012-01-03T00:00:00+00:00,2012-12-31T00:00:00+00:00,-0.07087401917031866,-0.07187566928372158,-0.07612743329943239,5.390781928070087,0.5886842832685805,False
2013,tsmom_3m,3M,2.0,258,2013-01-02T00:00:00+00:00,2013-12-31T00:00:00+00:00,0.09558636763201678,0.0946676632080874,-0.1120584826625306,4.19890903276293,0.5723837485006957,False
2014,tsmom_3m,3M,2.0,258,2014-01-02T00:00:00+00:00,2014-12-31T00:00:00+00:00,-0.1779684668758148,-0.1794232489540848,-0.20802962064914265,8.851028618878285,0.6859806266358989,False
2015,tsmom_3m,3M,2.0,258,2015-01-02T00:00:00+00:00,2015-12-31T00:00:00+00:00,-0.11847939091602389,-0.11948387326264098,-0.13277407455772117,5.66761905662837,0.6873925228426901,False
2016,tsmom_3m,3M,2.0,258,2016-01-04T00:00:00+00:00,2016-12-30T00:00:00+00:00,-0.0852600005124241,-0.08623607135684341,-0.1639456886319539,5.347484895650766,0.6462142298425537,False
2017,tsmom_3m,3M,2.0,255,2017-01-03T00:00:00+00:00,2017-12-29T00:00:00+00:00,-0.17607649826618954,-0.17734304069976803,-0.17355441827565488,7.7257282011871595,0.9071662868176676,False
2018,tsmom_3m,3M,2.0,252,2018-01-02T00:00:00+00:00,2018-12-31T00:00:00+00:00,0.1170155583303154,0.11566616493316095,-0.04755985902092419,6.085704593844216,0.9627030458621977,False
2019,tsmom_3m,3M,2.0,252,2019-01-02T00:00:00+00:00,2019-12-31T00:00:00+00:00,-0.08600975247862985,-0.08707728769195877,-0.1517385392914894,5.820394221250948,0.9036344261618021,False
2020,tsmom_3m,3M,2.0,253,2020-01-02T00:00:00+00:00,2020-12-31T00:00:00+00:00,0.11311273755657547,0.11231209686618304,-0.10583119821177,3.598659699187797,0.5673420558208137,False
2021,tsmom_3m,3M,2.0,231,2021-01-04T00:00:00+00:00,2021-11-30T00:00:00+00:00,-0.03167864198788517,-0.03225491703453043,-0.1333873961880384,2.9772966177789018,0.6248502302827291,True
1986,tsmom_12m,12M,0.0,40,1986-11-03T00:00:00+00:00,1986-12-31T00:00:00+00:00,0.0023783150844083334,0.0023783150844083334,-0.03703639570676842,0.4581380138604358,0.4568165920884339,True
1987,tsmom_12m,12M,0.0,253,1987-01-02T00:00:00+00:00,1987-12-31T00:00:00+00:00,0.10939602904538126,0.10939602904538126,-0.03784904713705184,0.42650053257625603,0.5304718559255328,False
1988,tsmom_12m,12M,0.0,252,1988-01-04T00:00:00+00:00,1988-12-30T00:00:00+00:00,-0.059062367497599966,-0.059062367497599966,-0.10860158348144311,4.718941102570765,0.696016476573084,False
1989,tsmom_12m,12M,0.0,252,1989-01-03T00:00:00+00:00,1989-12-29T00:00:00+00:00,-0.006135362558415736,-0.006135362558415736,-0.13026892035295,0.8702161767469113,0.7811269887956398,False
1990,tsmom_12m,12M,0.0,251,1990-01-02T00:00:00+00:00,1990-12-31T00:00:00+00:00,-0.12967542268529175,-0.12967542268529175,-0.15347570687166012,7.772175626620671,0.5959087017795616,False
1991,tsmom_12m,12M,0.0,252,1991-01-02T00:00:00+00:00,1991-12-31T00:00:00+00:00,0.06478424689731366,0.06478424689731366,-0.06462843333328194,3.7001026186942925,0.7507866861477928,False
1992,tsmom_12m,12M,0.0,254,1992-01-02T00:00:00+00:00,1992-12-31T00:00:00+00:00,0.05290810235257415,0.05290810235257415,-0.09961208786018272,0.9206438608580205,1.1319836285825442,False
1993,tsmom_12m,12M,0.0,251,1993-01-04T00:00:00+00:00,1993-12-30T00:00:00+00:00,-0.006750687687601009,-0.006750687687601009,-0.11687489656555905,3.319869161014422,0.9264840653408242,False
1994,tsmom_12m,12M,0.0,251,1994-01-03T00:00:00+00:00,1994-12-30T00:00:00+00:00,-0.0251035761476901,-0.0251035761476901,-0.06018001030977871,3.9679990227320094,0.8863220026345369,False
1995,tsmom_12m,12M,0.0,250,1995-01-03T00:00:00+00:00,1995-12-29T00:00:00+00:00,-0.04875325415445941,-0.04875325415445941,-0.0994202057771919,11.998834943373025,1.2661726615637514,False
1996,tsmom_12m,12M,0.0,251,1996-01-02T00:00:00+00:00,1996-12-31T00:00:00+00:00,-0.05602543305061514,-0.05602543305061514,-0.23252019205497032,11.271002595387024,1.6143613659979086,False
1997,tsmom_12m,12M,0.0,250,1997-01-02T00:00:00+00:00,1997-12-31T00:00:00+00:00,0.29230976332669645,0.29230976332669645,-0.08149551881953143,1.7551135872807886,1.0626185921015,False
1998,tsmom_12m,12M,0.0,250,1998-01-02T00:00:00+00:00,1998-12-31T00:00:00+00:00,-0.007743941374702357,-0.007743941374702357,-0.08457059430217095,0.5081132455606311,0.7168848844141434,False
1999,tsmom_12m,12M,0.0,249,1999-01-04T00:00:00+00:00,1999-12-30T00:00:00+00:00,-0.06300918592878224,-0.06300918592878224,-0.19960627727905556,2.7707744794338813,0.8340795427800186,False
2000,tsmom_12m,12M,0.0,248,2000-01-04T00:00:00+00:00,2000-12-29T00:00:00+00:00,-0.021428062615449273,-0.021428062615449273,-0.06321314421557589,6.433095136024745,0.589056911483037,False
2001,tsmom_12m,12M,0.0,247,2001-01-02T00:00:00+00:00,2001-12-31T00:00:00+00:00,-0.08541057950929776,-0.08541057950929776,-0.14921328462797334,2.052225419331529,0.74409412575203,False
2002,tsmom_12m,12M,0.0,251,2002-01-02T00:00:00+00:00,2002-12-31T00:00:00+00:00,0.18343933198143048,0.18343933198143048,-0.05858666406796276,0.5153927198865794,0.7484590672690947,False
2003,tsmom_12m,12M,0.0,250,2003-01-02T00:00:00+00:00,2003-12-31T00:00:00+00:00,0.11845642398979805,0.11845642398979805,-0.10031757190667967,0.3798253164464197,0.6194925046664232,False
2004,tsmom_12m,12M,0.0,249,2004-01-05T00:00:00+00:00,2004-12-30T00:00:00+00:00,0.033853889316415975,0.033853889316415975,-0.07651095901428617,0.4225740627301854,0.6121221119769235,False
2005,tsmom_12m,12M,0.0,251,2005-01-03T00:00:00+00:00,2005-12-30T00:00:00+00:00,0.153912645194618,0.153912645194618,-0.05327995273852715,0.4125563326384518,0.7995484443923624,False
2006,tsmom_12m,12M,0.0,250,2006-01-03T00:00:00+00:00,2006-12-29T00:00:00+00:00,0.1347444816949659,0.1347444816949659,-0.10636297965240127,0.5522950146225563,0.4608896830110364,False
2007,tsmom_12m,12M,0.0,252,2007-01-02T00:00:00+00:00,2007-12-31T00:00:00+00:00,0.1808021673765987,0.1808021673765987,-0.04638487093374244,0.4111319999153704,0.5958515453086647,False
2008,tsmom_12m,12M,0.0,255,2008-01-02T00:00:00+00:00,2008-12-31T00:00:00+00:00,-0.03311595917550847,-0.03311595917550847,-0.1551836705089762,1.4263230807099578,0.4168027750250686,False
2009,tsmom_12m,12M,0.0,253,2009-01-02T00:00:00+00:00,2009-12-31T00:00:00+00:00,0.1208205317221247,0.1208205317221247,-0.06412034490265683,3.136131552221096,0.4197399875740845,False
2010,tsmom_12m,12M,0.0,258,2010-01-04T00:00:00+00:00,2010-12-31T00:00:00+00:00,0.1802989157269319,0.1802989157269319,-0.046394927244785,0.49289710273235277,0.6021108427564869,False
2011,tsmom_12m,12M,0.0,258,2011-01-03T00:00:00+00:00,2011-12-30T00:00:00+00:00,0.12858363642591852,0.12858363642591852,-0.09870860042136564,0.6919556681554229,0.6132842828713029,False
2012,tsmom_12m,12M,0.0,258,2012-01-03T00:00:00+00:00,2012-12-31T00:00:00+00:00,-0.05403897355472753,-0.05403897355472753,-0.13745551574879633,4.3839763654753146,0.5886842832685805,False
2013,tsmom_12m,12M,0.0,258,2013-01-02T00:00:00+00:00,2013-12-31T00:00:00+00:00,0.19255061563845066,0.19255061563845066,-0.0760395227001458,4.071075186280914,0.5723837485006957,False
2014,tsmom_12m,12M,0.0,258,2014-01-02T00:00:00+00:00,2014-12-31T00:00:00+00:00,-0.02259405171145812,-0.02259405171145812,-0.09040599814444206,3.3744844186775937,0.6859806266358989,False
2015,tsmom_12m,12M,0.0,258,2015-01-02T00:00:00+00:00,2015-12-31T00:00:00+00:00,0.008023673871731862,0.008023673871731862,-0.08435474530585285,2.624195319599477,0.6873925228426901,False
2016,tsmom_12m,12M,0.0,258,2016-01-04T00:00:00+00:00,2016-12-30T00:00:00+00:00,-0.15980346017098757,-0.15980346017098757,-0.16354037811436295,1.758180640103421,0.6462142298425537,False
2017,tsmom_12m,12M,0.0,255,2017-01-03T00:00:00+00:00,2017-12-29T00:00:00+00:00,-4.448047763283558e-05,-4.448047763283558e-05,-0.15045659880267614,11.56806941158916,0.9071662868176676,False
2018,tsmom_12m,12M,0.0,252,2018-01-02T00:00:00+00:00,2018-12-31T00:00:00+00:00,-0.10421519629888953,-0.10421519629888953,-0.1406813878240878,2.469450685382983,0.9627030458621977,False
2019,tsmom_12m,12M,0.0,252,2019-01-02T00:00:00+00:00,2019-12-31T00:00:00+00:00,0.1334639016317618,0.1334639016317618,-0.05501808310782541,2.6949772657572666,0.9036344261618021,False
2020,tsmom_12m,12M,0.0,253,2020-01-02T00:00:00+00:00,2020-12-31T00:00:00+00:00,0.12003660178500541,0.12003660178500541,-0.10581711189990617,0.9577916514716582,0.5673420558208137,False
2021,tsmom_12m,12M,0.0,231,2021-01-04T00:00:00+00:00,2021-11-30T00:00:00+00:00,-0.04001559770211849,-0.04001559770211849,-0.08963574346169967,1.608558604333538,0.6248502302827291,True
1986,tsmom_12m,12M,2.0,40,1986-11-03T00:00:00+00:00,1986-12-31T00:00:00+00:00,0.0023783150844083334,0.002286604425663308,-0.03703639570676842,0.4581380138604358,0.4568165920884339,True
1987,tsmom_12m,12M,2.0,253,1987-01-02T00:00:00+00:00,1987-12-31T00:00:00+00:00,0.10939602904538126,0.10930154193339803,-0.037850017778742084,0.42650053257625603,0.5304718559255328,False
1988,tsmom_12m,12M,2.0,252,1988-01-04T00:00:00+00:00,1988-12-30T00:00:00+00:00,-0.059062367497599966,-0.059947765206350034,-0.10938530828068038,4.718941102570765,0.696016476573084,False
1989,tsmom_12m,12M,2.0,252,1989-01-03T00:00:00+00:00,1989-12-29T00:00:00+00:00,-0.006135362558415736,-0.006308809224550793,-0.1303747234778272,0.8702161767469113,0.7811269887956398,False
1990,tsmom_12m,12M,2.0,251,1990-01-02T00:00:00+00:00,1990-12-31T00:00:00+00:00,-0.12967542268529175,-0.1310244676202883,-0.15460659060093263,7.772175626620671,0.5959087017795616,False
1991,tsmom_12m,12M,2.0,252,1991-01-02T00:00:00+00:00,1991-12-31T00:00:00+00:00,0.06478424689731366,0.06399689418875143,-0.06466196719832462,3.7001026186942925,0.7507866861477928,False
1992,tsmom_12m,12M,2.0,254,1992-01-02T00:00:00+00:00,1992-12-31T00:00:00+00:00,0.05290810235257415,0.05271480586617794,-0.09964880009148291,0.9206438608580205,1.1319836285825442,False
1993,tsmom_12m,12M,2.0,251,1993-01-04T00:00:00+00:00,1993-12-30T00:00:00+00:00,-0.006750687687601009,-0.0074136231567552,-0.11691748241459354,3.319869161014422,0.9264840653408242,False
1994,tsmom_12m,12M,2.0,251,1994-01-03T00:00:00+00:00,1994-12-30T00:00:00+00:00,-0.0251035761476901,-0.025876869413077097,-0.060241743130945324,3.9679990227320094,0.8863220026345369,False
1995,tsmom_12m,12M,2.0,250,1995-01-03T00:00:00+00:00,1995-12-29T00:00:00+00:00,-0.04875325415445941,-0.051030238798455474,-0.10039222896821598,11.998834943373025,1.2661726615637514,False
1996,tsmom_12m,12M,2.0,251,1996-01-02T00:00:00+00:00,1996-12-31T00:00:00+00:00,-0.05602543305061514,-0.05815745803225014,-0.23417804403795595,11.271002595387024,1.6143613659979086,False
1997,tsmom_12m,12M,2.0,250,1997-01-02T00:00:00+00:00,1997-12-31T00:00:00+00:00,0.29230976332669645,0.291854340218777,-0.08149551881953154,1.7551135872807886,1.0626185921015,False
1998,tsmom_12m,12M,2.0,250,1998-01-02T00:00:00+00:00,1998-12-31T00:00:00+00:00,-0.007743941374702357,-0.00784452297078242,-0.08460129978011288,0.5081132455606311,0.7168848844141434,False
1999,tsmom_12m,12M,2.0,249,1999-01-04T00:00:00+00:00,1999-12-30T00:00:00+00:00,-0.06300918592878224,-0.06352572996773753,-0.19962346426679345,2.7707744794338813,0.8340795427800186,False
2000,tsmom_12m,12M,2.0,248,2000-01-04T00:00:00+00:00,2000-12-29T00:00:00+00:00,-0.021428062615449273,-0.022687114103338568,-0.06339746537692115,6.433095136024745,0.589056911483037,False
2001,tsmom_12m,12M,2.0,247,2001-01-02T00:00:00+00:00,2001-12-31T00:00:00+00:00,-0.08541057950929776,-0.08578620212028987,-0.14953691543309588,2.052225419331529,0.74409412575203,False
2002,tsmom_12m,12M,2.0,251,2002-01-02T00:00:00+00:00,2002-12-31T00:00:00+00:00,0.18343933198143048,0.18331749076928872,-0.05858759307026484,0.5153927198865794,0.7484590672690947,False
2003,tsmom_12m,12M,2.0,250,2003-01-02T00:00:00+00:00,2003-12-31T00:00:00+00:00,0.11845642398979805,0.11837139350094072,-0.10034226627753595,0.3798253164464197,0.6194925046664232,False
2004,tsmom_12m,12M,2.0,249,2004-01-05T00:00:00+00:00,2004-12-30T00:00:00+00:00,0.033853889316415975,0.03376663903721533,-0.07654369152137463,0.4225740627301854,0.6121221119769235,False
2005,tsmom_12m,12M,2.0,251,2005-01-03T00:00:00+00:00,2005-12-30T00:00:00+00:00,0.153912645194618,0.15381712488518362,-0.053292465668133726,0.4125563326384518,0.7995484443923624,False
2006,tsmom_12m,12M,2.0,250,2006-01-03T00:00:00+00:00,2006-12-29T00:00:00+00:00,0.1347444816949659,0.13461950666516787,-0.106384308201663,0.5522950146225563,0.4608896830110364,False
2007,tsmom_12m,12M,2.0,252,2007-01-02T00:00:00+00:00,2007-12-31T00:00:00+00:00,0.1808021673765987,0.18070529820046466,-0.04638487093374244,0.4111319999153704,0.5958515453086647,False
2008,tsmom_12m,12M,2.0,255,2008-01-02T00:00:00+00:00,2008-12-31T00:00:00+00:00,-0.03311595917550847,-0.03339339358176707,-0.1554128137019124,1.4263230807099578,0.4168027750250686,False
2009,tsmom_12m,12M,2.0,253,2009-01-02T00:00:00+00:00,2009-12-31T00:00:00+00:00,0.1208205317221247,0.12011748084374729,-0.06412034490265706,3.136131552221096,0.4197399875740845,False
2010,tsmom_12m,12M,2.0,258,2010-01-04T00:00:00+00:00,2010-12-31T00:00:00+00:00,0.1802989157269319,0.180182758246636,-0.04639935176108634,0.49289710273235277,0.6021108427564869,False
2011,tsmom_12m,12M,2.0,258,2011-01-03T00:00:00+00:00,2011-12-30T00:00:00+00:00,0.12858363642591852,0.1284275778146362,-0.09878451465428506,0.6919556681554229,0.6132842828713029,False
2012,tsmom_12m,12M,2.0,258,2012-01-03T00:00:00+00:00,2012-12-31T00:00:00+00:00,-0.05403897355472753,-0.05486670296544183,-0.1379415803501466,4.3839763654753146,0.5886842832685805,False
2013,tsmom_12m,12M,2.0,258,2013-01-02T00:00:00+00:00,2013-12-31T00:00:00+00:00,0.19255061563845066,0.19158179914867324,-0.07603952270014558,4.071075186280914,0.5723837485006957,False
2014,tsmom_12m,12M,2.0,258,2014-01-02T00:00:00+00:00,2014-12-31T00:00:00+00:00,-0.02259405171145812,-0.023256605369603278,-0.09096667322638508,3.3744844186775937,0.6859806266358989,False
2015,tsmom_12m,12M,2.0,258,2015-01-02T00:00:00+00:00,2015-12-31T00:00:00+00:00,0.008023673871731862,0.007494404873520599,-0.08478769411865839,2.624195319599477,0.6873925228426901,False
2016,tsmom_12m,12M,2.0,258,2016-01-04T00:00:00+00:00,2016-12-30T00:00:00+00:00,-0.15980346017098757,-0.16009955649392094,-0.16382521943790618,1.758180640103421,0.6462142298425537,False
2017,tsmom_12m,12M,2.0,255,2017-01-03T00:00:00+00:00,2017-12-29T00:00:00+00:00,-4.448047763283558e-05,-0.0023409287681609436,-0.15208162776396594,11.56806941158916,0.9071662868176676,False
2018,tsmom_12m,12M,2.0,252,2018-01-02T00:00:00+00:00,2018-12-31T00:00:00+00:00,-0.10421519629888953,-0.10465628510824276,-0.1410952538771688,2.469450685382983,0.9627030458621977,False
2019,tsmom_12m,12M,2.0,252,2019-01-02T00:00:00+00:00,2019-12-31T00:00:00+00:00,0.1334639016317618,0.13286078894007747,-0.055028939422497425,2.6949772657572666,0.9036344261618021,False
2020,tsmom_12m,12M,2.0,253,2020-01-02T00:00:00+00:00,2020-12-31T00:00:00+00:00,0.12003660178500541,0.11982245500820721,-0.10583119821176978,0.9577916514716582,0.5673420558208137,False
2021,tsmom_12m,12M,2.0,231,2021-01-04T00:00:00+00:00,2021-11-30T00:00:00+00:00,-0.04001559770211849,-0.040324688360676486,-0.08992063609732792,1.608558604333538,0.6248502302827291,True
1986,composite_1_3_12m,Composite,0.0,40,1986-11-03T00:00:00+00:00,1986-12-31T00:00:00+00:00,0.0009268367886514639,0.0009268367886514639,-0.012436207233711638,0.15271267128681193,0.15227219736281128,True
1987,composite_1_3_12m,Composite,0.0,253,1987-01-02T00:00:00+00:00,1987-12-31T00:00:00+00:00,0.05662536229627757,0.05662536229627757,-0.034098498987496506,3.4187238740756305,0.3558278787144447,False
1988,composite_1_3_12m,Composite,0.0,252,1988-01-04T00:00:00+00:00,1988-12-30T00:00:00+00:00,-0.03570839242228718,-0.03570839242228718,-0.07925518054751801,6.646281826564357,0.437468645771181,False
1989,composite_1_3_12m,Composite,0.0,252,1989-01-03T00:00:00+00:00,1989-12-29T00:00:00+00:00,-0.0019177878172467189,-0.0019177878172467189,-0.08267234703639514,2.9170450775581873,0.5386139856425315,False
1990,composite_1_3_12m,Composite,0.0,251,1990-01-02T00:00:00+00:00,1990-12-31T00:00:00+00:00,-0.019691980115635888,-0.019691980115635888,-0.08232597754820259,5.681908623998292,0.4295357126956258,False
1991,composite_1_3_12m,Composite,0.0,252,1991-01-02T00:00:00+00:00,1991-12-31T00:00:00+00:00,-0.050812255590043764,-0.050812255590043764,-0.07445832961504073,5.438412424845095,0.43227450742634194,False
1992,composite_1_3_12m,Composite,0.0,254,1992-01-02T00:00:00+00:00,1992-12-31T00:00:00+00:00,0.0012812864948041902,0.0012812864948041902,-0.07078675307490045,7.439184193773029,0.7433373249885101,False
1993,composite_1_3_12m,Composite,0.0,251,1993-01-04T00:00:00+00:00,1993-12-30T00:00:00+00:00,0.030183970701250784,0.030183970701250784,-0.08043720801557741,5.3582378873377685,0.6773989034047957,False
1994,composite_1_3_12m,Composite,0.0,251,1994-01-03T00:00:00+00:00,1994-12-30T00:00:00+00:00,-0.0697364348167494,-0.0697364348167494,-0.07761627649312719,7.443758156153096,0.5310456480497151,False
1995,composite_1_3_12m,Composite,0.0,250,1995-01-03T00:00:00+00:00,1995-12-29T00:00:00+00:00,-0.03597373005894433,-0.03597373005894433,-0.08237934196519658,12.794982465044157,0.9422207823917107,False
1996,composite_1_3_12m,Composite,0.0,251,1996-01-02T00:00:00+00:00,1996-12-31T00:00:00+00:00,-0.00011983954490080162,-0.00011983954490080162,-0.1379385716320538,11.610796469586418,1.0348980790603772,False
1997,composite_1_3_12m,Composite,0.0,250,1997-01-02T00:00:00+00:00,1997-12-31T00:00:00+00:00,0.12284274613009516,0.12284274613009516,-0.0838566746530982,6.250679062501655,0.8885389579473248,False
1998,composite_1_3_12m,Composite,0.0,250,1998-01-02T00:00:00+00:00,1998-12-31T00:00:00+00:00,-0.07789037257024134,-0.07789037257024134,-0.10328031727569098,5.060543555569351,0.4043761484218077,False
1999,composite_1_3_12m,Composite,0.0,249,1999-01-04T00:00:00+00:00,1999-12-30T00:00:00+00:00,-0.11293495955023058,-0.11293495955023058,-0.19960627727905622,5.833822709048841,0.6973241492568343,False
2000,composite_1_3_12m,Composite,0.0,248,2000-01-04T00:00:00+00:00,2000-12-29T00:00:00+00:00,-0.025755312745725845,-0.025755312745725845,-0.058997292945098145,5.110508055537499,0.4143234523366232,False
2001,composite_1_3_12m,Composite,0.0,247,2001-01-02T00:00:00+00:00,2001-12-31T00:00:00+00:00,-0.021771113212283644,-0.021771113212283644,-0.06178099931293468,3.814915460296411,0.38120712028312226,False
2002,composite_1_3_12m,Composite,0.0,251,2002-01-02T00:00:00+00:00,2002-12-31T00:00:00+00:00,0.09231273418343311,0.09231273418343311,-0.07070622542194749,3.6290538756964716,0.5035782214519159,False
2003,composite_1_3_12m,Composite,0.0,250,2003-01-02T00:00:00+00:00,2003-12-31T00:00:00+00:00,0.06940732928879112,0.06940732928879112,-0.08853296537661248,3.909503776139636,0.457382703962637,False
2004,composite_1_3_12m,Composite,0.0,249,2004-01-05T00:00:00+00:00,2004-12-30T00:00:00+00:00,-0.032205278542915994,-0.032205278542915994,-0.1176402349109188,4.10631673703581,0.4568818000801391,False
2005,composite_1_3_12m,Composite,0.0,251,2005-01-03T00:00:00+00:00,2005-12-30T00:00:00+00:00,0.03509016874113491,0.03509016874113491,-0.09534862893491969,8.726316907663282,0.49439461789967215,False
2006,composite_1_3_12m,Composite,0.0,250,2006-01-03T00:00:00+00:00,2006-12-29T00:00:00+00:00,0.12588685446229642,0.12588685446229642,-0.0735428797423957,2.183833111534642,0.2983928039378809,False
2007,composite_1_3_12m,Composite,0.0,252,2007-01-02T00:00:00+00:00,2007-12-31T00:00:00+00:00,0.1138792215035791,0.1138792215035791,-0.04638487093374255,3.597157927576793,0.3996384096225451,False
2008,composite_1_3_12m,Composite,0.0,255,2008-01-02T00:00:00+00:00,2008-12-31T00:00:00+00:00,-0.021736710857533592,-0.021736710857533592,-0.1235938708186447,3.174222661639706,0.26370301970420523,False
2009,composite_1_3_12m,Composite,0.0,253,2009-01-02T00:00:00+00:00,2009-12-31T00:00:00+00:00,0.022873020079946293,0.022873020079946293,-0.06412034490265694,3.6297638845422258,0.3137341005587975,False
2010,composite_1_3_12m,Composite,0.0,258,2010-01-04T00:00:00+00:00,2010-12-31T00:00:00+00:00,0.12435828697681872,0.12435828697681872,-0.046394927244785555,1.9534913694192517,0.4551386555876374,False
2011,composite_1_3_12m,Composite,0.0,258,2011-01-03T00:00:00+00:00,2011-12-30T00:00:00+00:00,0.06165601259201847,0.06165601259201847,-0.08245262693685984,4.09624385918067,0.4549911187833629,False
2012,composite_1_3_12m,Composite,0.0,258,2012-01-03T00:00:00+00:00,2012-12-31T00:00:00+00:00,-0.028269676215401107,-0.028269676215401107,-0.037609943327983175,4.801300113850847,0.2617275293267762,False
2013,composite_1_3_12m,Composite,0.0,258,2013-01-02T00:00:00+00:00,2013-12-31T00:00:00+00:00,0.12285939899779397,0.12285939899779397,-0.0577706667706156,2.579010543968121,0.3761491629810618,False
2014,composite_1_3_12m,Composite,0.0,258,2014-01-02T00:00:00+00:00,2014-12-31T00:00:00+00:00,-0.11014720582783966,-0.11014720582783966,-0.14120164131173585,7.6280705031487335,0.5112400023794563,False
2015,composite_1_3_12m,Composite,0.0,258,2015-01-02T00:00:00+00:00,2015-12-31T00:00:00+00:00,-0.04960418897108598,-0.04960418897108598,-0.08022511261369603,6.44257504902481,0.46543581869738304,False
2016,composite_1_3_12m,Composite,0.0,258,2016-01-04T00:00:00+00:00,2016-12-30T00:00:00+00:00,-0.0949910127600746,-0.0949910127600746,-0.11350717314203107,4.673116178153304,0.38471188684526625,False
2017,composite_1_3_12m,Composite,0.0,255,2017-01-03T00:00:00+00:00,2017-12-29T00:00:00+00:00,-0.056040484060870255,-0.056040484060870255,-0.08675957471519868,6.863492103230659,0.4573516258859115,False
2018,composite_1_3_12m,Composite,0.0,252,2018-01-02T00:00:00+00:00,2018-12-31T00:00:00+00:00,0.04317339282064636,0.04317339282064636,-0.047542855974393006,5.34395325288679,0.6536807572670927,False
2019,composite_1_3_12m,Composite,0.0,252,2019-01-02T00:00:00+00:00,2019-12-31T00:00:00+00:00,0.04178026934822898,0.04178026934822898,-0.06840338944766633,5.485004363463919,0.540998041907896,False
2020,composite_1_3_12m,Composite,0.0,253,2020-01-02T00:00:00+00:00,2020-12-31T00:00:00+00:00,0.10803902696272694,0.10803902696272694,-0.07559218182521876,2.787240632220934,0.4310829924895088,False
2021,composite_1_3_12m,Composite,0.0,231,2021-01-04T00:00:00+00:00,2021-11-30T00:00:00+00:00,-0.03500595120355743,-0.03500595120355743,-0.06624458965376212,4.247105276258628,0.29208073668065215,True
1986,composite_1_3_12m,Composite,2.0,40,1986-11-03T00:00:00+00:00,1986-12-31T00:00:00+00:00,0.0009268367886514639,0.0008962809243484582,-0.012436207233711416,0.15271267128681193,0.15227219736281128,True
1987,composite_1_3_12m,Composite,2.0,253,1987-01-02T00:00:00+00:00,1987-12-31T00:00:00+00:00,0.05662536229627757,0.055904051213642836,-0.034098498987496395,3.4187238740756305,0.3558278787144447,False
1988,composite_1_3_12m,Composite,2.0,252,1988-01-04T00:00:00+00:00,1988-12-30T00:00:00+00:00,-0.03570839242228718,-0.03698763973525787,-0.08004368607605628,6.646281826564357,0.437468645771181,False
1989,composite_1_3_12m,Composite,2.0,252,1989-01-03T00:00:00+00:00,1989-12-29T00:00:00+00:00,-0.0019177878172467189,-0.002500661561217643,-0.08306542505492465,2.9170450775581873,0.5386139856425315,False
1990,composite_1_3_12m,Composite,2.0,251,1990-01-02T00:00:00+00:00,1990-12-31T00:00:00+00:00,-0.019691980115635888,-0.02080195016326125,-0.08235539745727749,5.681908623998292,0.4295357126956258,False
1991,composite_1_3_12m,Composite,2.0,252,1991-01-02T00:00:00+00:00,1991-12-31T00:00:00+00:00,-0.050812255590043764,-0.05184482307884741,-0.0754154490630512,5.438412424845095,0.43227450742634194,False
1992,composite_1_3_12m,Composite,2.0,254,1992-01-02T00:00:00+00:00,1992-12-31T00:00:00+00:00,0.0012812864948041902,-0.00020661982670477919,-0.07136058820714286,7.439184193773029,0.7433373249885101,False
1993,composite_1_3_12m,Composite,2.0,251,1993-01-04T00:00:00+00:00,1993-12-30T00:00:00+00:00,0.030183970701250784,0.029080108034639895,-0.08053482733676642,5.3582378873377685,0.6773989034047957,False
1994,composite_1_3_12m,Composite,2.0,251,1994-01-03T00:00:00+00:00,1994-12-30T00:00:00+00:00,-0.0697364348167494,-0.07112263540925035,-0.07889573766644542,7.443758156153096,0.5310456480497151,False
1995,composite_1_3_12m,Composite,2.0,250,1995-01-03T00:00:00+00:00,1995-12-29T00:00:00+00:00,-0.03597373005894433,-0.03843560045846417,-0.08393927055771577,12.794982465044157,0.9422207823917107,False
1996,composite_1_3_12m,Composite,2.0,251,1996-01-02T00:00:00+00:00,1996-12-31T00:00:00+00:00,-0.00011983954490080162,-0.002438546991331947,-0.1396046488582524,11.610796469586418,1.0348980790603772,False
1997,composite_1_3_12m,Composite,2.0,250,1997-01-02T00:00:00+00:00,1997-12-31T00:00:00+00:00,0.12284274613009516,0.12143734390863026,-0.0843015146554551,6.250679062501655,0.8885389579473248,False
1998,composite_1_3_12m,Composite,2.0,250,1998-01-02T00:00:00+00:00,1998-12-31T00:00:00+00:00,-0.07789037257024134,-0.07881982232897633,-0.10417963310056799,5.060543555569351,0.4043761484218077,False
1999,composite_1_3_12m,Composite,2.0,249,1999-01-04T00:00:00+00:00,1999-12-30T00:00:00+00:00,-0.11293495955023058,-0.11396579186195244,-0.19962346426679334,5.833822709048841,0.6973241492568343,False
2000,composite_1_3_12m,Composite,2.0,248,2000-01-04T00:00:00+00:00,2000-12-29T00:00:00+00:00,-0.025755312745725845,-0.026750860654225828,-0.059064274153078467,5.110508055537499,0.4143234523366232,False
2001,composite_1_3_12m,Composite,2.0,247,2001-01-02T00:00:00+00:00,2001-12-31T00:00:00+00:00,-0.021771113212283644,-0.022517422902913586,-0.06234702634392231,3.814915460296411,0.38120712028312226,False
2002,composite_1_3_12m,Composite,2.0,251,2002-01-02T00:00:00+00:00,2002-12-31T00:00:00+00:00,0.09231273418343311,0.09152103424453872,-0.0710668764039879,3.6290538756964716,0.5035782214519159,False
2003,composite_1_3_12m,Composite,2.0,250,2003-01-02T00:00:00+00:00,2003-12-31T00:00:00+00:00,0.06940732928879112,0.06857108575235027,-0.08899604364889546,3.909503776139636,0.457382703962637,False
2004,composite_1_3_12m,Composite,2.0,249,2004-01-05T00:00:00+00:00,2004-12-30T00:00:00+00:00,-0.032205278542915994,-0.03299968691156052,-0.11819292029788431,4.10631673703581,0.4568818000801391,False
2005,composite_1_3_12m,Composite,2.0,251,2005-01-03T00:00:00+00:00,2005-12-30T00:00:00+00:00,0.03509016874113491,0.03328287583619671,-0.09614167681358221,8.726316907663282,0.49439461789967215,False
2006,composite_1_3_12m,Composite,2.0,250,2006-01-03T00:00:00+00:00,2006-12-29T00:00:00+00:00,0.12588685446229642,0.1253960889191137,-0.07361592814820028,2.183833111534642,0.2983928039378809,False
2007,composite_1_3_12m,Composite,2.0,252,2007-01-02T00:00:00+00:00,2007-12-31T00:00:00+00:00,0.1138792215035791,0.11307827671115933,-0.04638487093374244,3.597157927576793,0.3996384096225451,False
2008,composite_1_3_12m,Composite,2.0,255,2008-01-02T00:00:00+00:00,2008-12-31T00:00:00+00:00,-0.021736710857533592,-0.022356518017404126,-0.1240745633859639,3.174222661639706,0.26370301970420523,False
2009,composite_1_3_12m,Composite,2.0,253,2009-01-02T00:00:00+00:00,2009-12-31T00:00:00+00:00,0.022873020079946293,0.022129560755104638,-0.06412034490265694,3.6297638845422258,0.3137341005587975,False
2010,composite_1_3_12m,Composite,2.0,258,2010-01-04T00:00:00+00:00,2010-12-31T00:00:00+00:00,0.12435828697681872,0.12391931333526651,-0.04639935176108656,1.9534913694192517,0.4551386555876374,False
2011,composite_1_3_12m,Composite,2.0,258,2011-01-03T00:00:00+00:00,2011-12-30T00:00:00+00:00,0.06165601259201847,0.060788151664259216,-0.0825125805447372,4.09624385918067,0.4549911187833629,False
2012,composite_1_3_12m,Composite,2.0,258,2012-01-03T00:00:00+00:00,2012-12-31T00:00:00+00:00,-0.028269676215401107,-0.02920243071222961,-0.03818269501639171,4.801300113850847,0.2617275293267762,False
2013,composite_1_3_12m,Composite,2.0,258,2013-01-02T00:00:00+00:00,2013-12-31T00:00:00+00:00,0.12285939899779397,0.12228149355346285,-0.05794035043510426,2.579010543968121,0.3761491629810618,False
2014,composite_1_3_12m,Composite,2.0,258,2014-01-02T00:00:00+00:00,2014-12-31T00:00:00+00:00,-0.11014720582783966,-0.11150649398066581,-0.14248053199653454,7.6280705031487335,0.5112400023794563,False
2015,composite_1_3_12m,Composite,2.0,258,2015-01-02T00:00:00+00:00,2015-12-31T00:00:00+00:00,-0.04960418897108598,-0.0508301870560699,-0.08078250614794213,6.44257504902481,0.46543581869738304,False
2016,composite_1_3_12m,Composite,2.0,258,2016-01-04T00:00:00+00:00,2016-12-30T00:00:00+00:00,-0.0949910127600746,-0.09583642886721366,-0.11432324930508386,4.673116178153304,0.38471188684526625,False
2017,composite_1_3_12m,Composite,2.0,255,2017-01-03T00:00:00+00:00,2017-12-29T00:00:00+00:00,-0.056040484060870255,-0.05732932189343454,-0.08747870254780343,6.863492103230659,0.4573516258859115,False
2018,composite_1_3_12m,Composite,2.0,252,2018-01-02T00:00:00+00:00,2018-12-31T00:00:00+00:00,0.04317339282064636,0.04206215569970495,-0.047559859020924966,5.34395325288679,0.6536807572670927,False
2019,composite_1_3_12m,Composite,2.0,252,2019-01-02T00:00:00+00:00,2019-12-31T00:00:00+00:00,0.04178026934822898,0.040639420166894924,-0.06860359380942593,5.485004363463919,0.540998041907896,False
2020,composite_1_3_12m,Composite,2.0,253,2020-01-02T00:00:00+00:00,2020-12-31T00:00:00+00:00,0.10803902696272694,0.10742294495011895,-0.07571087908200558,2.787240632220934,0.4310829924895088,False
2021,composite_1_3_12m,Composite,2.0,231,2021-01-04T00:00:00+00:00,2021-11-30T00:00:00+00:00,-0.03500595120355743,-0.035824959067287665,-0.06674298892127706,4.247105276258628,0.29208073668065215,True
